prediction,probability
1,0.8962283274307876
0,0.10319833369139782
1,0.7209103489235306
0,0.3094441159816186
1,0.8029310593254446
0,0.04389618972407823
0,0.02297002114664564
1,0.7558213782183972
1,0.5611169017712507
1,0.9741395764193713
0,0.06297359000991595
0,0.3277812331698239
0,0.24955011144774197
0,0.18893556401676953
0,0.16321343899531263
1,0.5326462632021418
1,0.944692206735323
0,0.2983927149376089
1,0.6547492780119012
1,0.67176694499176
0,0.3291592806890357
0,0.22764302310302226
1,0.7443394780052811
1,0.7679070908327189
0,0.2263310146487189
0,0.4712382697102975
0,0.24780517201892563
1,0.8606012964606529
1,0.6679250929246642
0,0.24575070019069695
0,0.333940554590908
1,0.6929844339881431
0,0.1523645146719971
0,0.05160231753071684
0,0.17600975076416145
1,0.7767831923589523
0,0.44008167290731676
1,0.8341951805106724
0,0.1738618753779502
1,0.6287202072199984
0,0.16712713423815953
1,0.9864646861584909
0,0.2530685976288576
0,0.0191671800918619
1,0.5728064186763373
0,0.3288646191267511
0,0.010590153237258738
1,0.9329941611962003
0,0.18096843083564906
0,0.03487452047676091
0,0.12864557230159662
0,0.12996575540017463
0,0.19725268263084372
0,0.36382263567559037
0,0.23237263090843943
0,0.26719083607935645
1,0.6194555643768006
0,0.1166624384539961
0,0.2895790280982193
1,0.5521279457415267
0,0.04730925112573874
1,0.5372104900114059
1,0.9999166782472049
0,0.1552677469051632
0,0.14674366326651922
0,0.4513049429758608
1,0.8848424540422305
1,0.6362165115015603
1,0.6323403922270573
1,0.8703591394901633
0,0.4094854784224144
1,0.7588129457525479
1,0.5216958380866605
0,0.2771998719399039
0,0.2196311518737191
0,0.008970018113285495
1,0.8016892083800549
0,0.022023813800849737
1,0.5892013940987836
1,0.8169778071094528
0,0.23064607065721882
0,0.042439236625270826
0,0.45250348635407656
0,0.23136746409112488
0,0.34716415600951156
0,0.29008061722343476
0,0.004398588360140521
0,0.18764748872382475
1,0.6924265524906001
1,0.5524159746556186
1,0.6478644109186728
1,0.6242571298113918
0,0.29311870025515524
0,0.0767160369682855
1,0.9094953156911392
0,0.33466731663790433
0,0.26900946086205907
0,0.18170425905590773
0,0.18285086367917155
0,0.31369552343414353
1,0.5051747014585743
0,0.08492644501323683
0,0.07881980154745663
0,0.35314258497479517
1,0.6682342451307001
0,0.22941344891936405
0,0.4852259209845863
0,0.19836045555145304
0,0.020326505255758635
0,0.08071353637819713
0,0.13531890306636943
1,0.5018671965410131
0,0.24782796778174693
0,0.2951452262486911
0,0.040401339790311804
0,0.0737922132877005
0,0.026570353652101242
1,0.5721392061558073
0,0.24535284137350974
0,0.17108913267454276
1,0.8148902566128888
0,0.04202889648194493
0,0.30513294468780605
0,0.005391785211817362
0,0.4115834346825167
0,0.08070641553011222
0,0.029313362164377948
0,0.12067858468346211
1,0.5630967305293707
1,0.9435221465261283
0,0.25242171395434165
0,0.4055688462491385
0,0.16790784579982887
1,0.992985236713784
0,0.33181638116380274
1,0.8735623950420487
1,0.696079323743504
0,0.4073612060509453
1,0.9174463921758773
0,0.10569529004371905
1,0.8449013296007649
0,0.07284786485738333
1,0.8517822886865549
1,0.6632629001261868
0,0.048146879533459655
1,0.7942375918066488
0,0.32275308527336555
0,0.21778197668417956
0,0.45127524707042305
0,0.055539797059799445
0,0.011123961512500865
1,0.7591978045412441
0,0.4038877543954385
1,0.7958859707121367
0,0.39695444904943944
0,0.08437715612064838
1,0.727421667371958
1,0.8415169477070982
0,0.14532987332974148
0,0.1486653134910997
1,0.5791309089220396
1,0.7991619498566278
0,0.2355908728140538
1,0.9331900860973071
0,0.031616558476907954
1,0.7876253139948323
0,0.4734847149240591
1,0.6589877410084715
0,0.12549896829072588
0,0.3445456051076508
1,0.6573792271929602
1,0.5186025514618862
0,0.029600948731824752
0,0.29388162931752054
0,0.3617748179852594
0,0.09695760209975766
1,0.8840251076061796
1,0.9625134494569003
0,0.1089301869488064
1,0.7643081804302139
0,0.0068832742846301215
0,0.1351396161365723
0,0.38449371360040335
1,0.5979399917697016
0,0.2122650694455721
0,0.02847456532153096
0,0.06479653955735033
0,0.16319850958877047
0,0.3894011733573243
0,0.11036190543421577
1,0.9594486617180181
0,0.2371193841889875
0,0.2150996747826545
1,0.8689411313598557
0,0.19033773383165714
0,0.0265405126034795
0,0.017217211549583503
0,0.17901257123951372
1,0.9834830866711806
0,0.020731099457781624
1,0.7036304176374745
1,0.6329014613242393
1,0.5906446399858826
0,0.019773643477454677
0,0.08635301707474438
0,0.32391093514040414
0,0.03002335322108881
0,0.18993950704121645
0,0.18179562151728335
0,0.11047820962830271
0,0.3083793765742679
1,0.9995272779011646
0,0.05971233886880839
0,0.45253847403564684
0,0.36879551016578854
0,0.09256521933183054
0,0.13183141094051595
0,0.006600921815284302
1,0.5265125918717664
0,0.03562945767075644
0,0.1631615475968416
1,0.9442560614498273
1,0.8538527696963478
0,0.07201579771816753
0,0.008886768109264328
1,0.8384286282778903
0,0.2012135746896508
0,0.1643040916720873
1,0.6900658998130077
1,0.9022251346561106
0,0.33189252556391474
0,0.09797201135287924
0,0.40576025929142284
1,0.9541050053306663
0,0.4358977554674873
0,0.11105803085069105
0,0.08279140814326216
1,0.9293131325204372
0,0.1314683355153574
0,0.2974774569134323
1,0.9188504582228418
0,0.32755788126792745
0,0.12932933254936105
0,0.0548801390329286
0,0.4250195298309972
0,0.043493981410393866
0,0.28598331021299506
0,0.003753486453747451
0,0.0011131071238850957
1,0.8840164375124431
0,0.0013219093943832546
0,0.14216004506554653
0,0.07957251681700499
0,0.2348543097173985
0,0.00937062170094168
0,0.012418399537464894
0,0.027124178052380533
0,0.019632819924443795
1,0.5056646631404615
0,0.029963159150138932
1,0.6700075509329542
1,0.500865994747182
1,0.6120548589646596
1,0.6616207523215546
0,0.41824646622534123
0,0.31854928085439616
1,0.925796312137843
1,0.6380334161296604
0,0.3066557424774379
0,0.05925265074009828
0,0.04269051662735098
0,0.3990400080362571
0,0.143014100195171
1,0.5258770367419089
0,0.027217896839535224
0,0.3053501626416559
0,0.27553017626858617
0,0.43895624552017437
0,0.30216820560566704
0,0.10603009043862806
1,0.9271525270800838
1,0.9765989814029347
1,0.6631223226743261
1,0.9552148419417797
0,0.08552885435292289
0,0.011485344821902378
0,0.059015862356637555
0,0.3937429170436206
1,0.9481406768019872
0,0.2548371565890659
1,0.9683219928839851
1,0.5833657123578891
1,0.5840599976041421
1,0.6498507014869508
1,0.7805996464301521
1,0.5357871776241199
0,0.2589292963075692
0,0.02981781068345597
1,0.6675206211460344
0,0.41619764016738514
0,0.16201310666696037
0,0.009685389826136079
0,0.05035429577139776
1,0.9510846742404835
1,0.8337870786042746
1,0.8987763451493785
0,0.16222583501854804
0,0.24837383131646895
1,0.6158272492089353
0,0.23978850033130322
0,0.4158087574541709
0,0.0176451041053442
0,0.42745851543974556
0,0.006721032277866673
1,0.9833754790511843
0,0.04418598597432841
0,0.19057473456755217
0,0.21056409404828588
0,0.15129441511946484
0,0.21479584205290234
0,0.018787825702205014
1,0.6297822135483497
1,0.7768984434691019
0,0.3795918658458434
0,0.14711314965366026
0,0.2529686490426156
0,0.4392061054990576
1,0.8338407701171769
1,0.5472513132508723
1,0.8324018441480395
0,0.3939315012584511
1,0.6961940916932927
0,0.009302743224925867
1,0.7759990443473109
0,0.13517038839107715
0,0.048627549317897194
0,0.011763496701431345
0,0.12882508920850744
1,0.7323481939231986
0,0.04663586216308819
1,0.8868498342768475
1,0.8423301119869937
1,0.7988325665472934
0,0.20590013467678592
0,0.38251354243280483
1,0.8094085312696573
0,0.1564850877768218
1,0.988639679902849
0,0.026037084033507005
0,0.022512714312948
0,0.43589126333714584
1,0.9006060218389076
0,0.1116141928804586
1,0.8706779550518245
0,0.4798656123771361
1,0.9200038689165889
0,0.03406301597369952
0,0.03857747996601695
1,0.6386351719416364
0,0.19767386985114344
0,0.15340984387153267
0,0.04996813367818991
0,0.31372237740696274
0,0.3091026014099496
0,0.279964300990718
0,0.03653991260419911
1,0.9879362840963843
0,0.1542408540955041
0,0.15589970210727075
0,0.2155860834947416
0,0.007995574957249832
1,0.8517494312797417
0,0.4924805341002751
0,0.042595560720696334
0,0.06904458342480557
0,0.1802067190570407
0,0.01668742022092366
1,0.9112588363689219
0,0.18425795586339547
0,0.06970209769200614
0,0.2905109311721268
0,0.2914279970636273
0,0.4326816909413828
1,0.8342080583018138
0,0.3057663821141593
0,0.30480623646465466
0,0.40145397337389993
0,0.30984455498473956
0,0.009271866816403945
0,0.45437340605408016
1,0.6121380115442915
0,0.46302150369661454
0,0.4927214285352944
1,0.799270403457701
0,0.018988740579828346
1,0.826834088442073
0,0.01999035987510844
0,0.31357596854241043
0,0.06959536437443992
0,0.46556454242324485
0,0.021931766744485215
1,0.6225500310391701
0,0.3026311446101032
0,0.4453003144365502
1,0.620259575146392
0,0.23154458841297787
0,0.38677989923344697
0,0.09083547500844513
1,0.6986391449630573
1,0.9936801312058874
0,0.05549104117961495
0,0.35981329343986485
0,0.3041310752925618
0,0.12116645698822176
1,0.5758066978396253
0,0.44536321540914003
1,0.7874185654186656
1,0.6123460333738001
0,0.06503442521894809
1,0.6662509528760914
0,0.1967359393676633
0,0.2610640523244945
0,0.3939419854116961
0,0.4382810514688916
1,0.8116564412244444
1,0.5833524611884554
1,0.8297381358730649
0,0.428739339600841
0,0.04737873841094774
1,0.944280790111188
0,0.020172188410782277
1,0.9998052863676228
0,0.15535687085120473
1,0.507602418736327
1,0.7152935700428668
1,0.6336130622631125
0,0.4662594556010051
0,0.3809188922334835
0,0.13129309625069194
0,0.0531050798462086
0,0.17653198949192953
0,0.23610707135327588
0,0.19414542006188945
0,0.003102765245813223
0,0.03369420027377773
0,0.009425522023605295
0,0.39687135947659535
0,0.01165276246657597
0,0.11169725316945955
0,0.15739458752351124
0,0.07539405696960248
0,0.0021352965074110937
0,0.10871842849768948
0,0.13666271849459538
0,0.15631636836455315
0,0.07761392607820757
0,0.17274705277176924
0,0.3139019531173315
0,0.14987867814306677
0,0.23124717489390023
1,0.827476317006074
0,0.26518087188067224
1,0.7924344598819223
1,0.9953139629274624
1,0.5989127987915581
0,0.315429854421636
0,0.39760633293016284
0,0.010646094105864406
0,0.3271141087239198
0,0.11200427558017459
0,0.4445089228740474
0,0.0874369630751192
0,0.014360953854372967
1,0.5233784124222124
1,0.9474710138954601
0,0.483647658363962
0,0.1240364988920811
0,0.40026979737471413
0,0.31556915086901566
0,0.07197325022421004
0,0.42412716448595295
0,0.30161337874445265
1,0.9405007545376063
0,0.12130409490538417
1,0.6407218962130654
0,0.3812131238400835
0,0.005623006925111636
1,0.9398057937418813
1,0.996599175334193
0,0.13147190603293807
1,0.6277723840719226
0,0.0891429869097573
1,0.9867418488716572
0,0.1109014427791909
0,0.12525149027795582
0,0.0957253364058051
0,0.21285106938537177
1,0.9992753760612769
1,0.6912728111593262
1,0.7969900083235767
1,0.6805090360689104
1,0.9105448096130749
0,0.011844718365981728
0,0.06419682865196785
0,0.16058804483940672
0,0.058794735659710745
0,0.19881539393636932
1,0.7526532130954172
0,0.3776904538056004
0,0.1262444377766108
0,0.03592539643514057
1,0.6435959015760808
1,0.6832510666814176
0,0.010796297279888388
1,0.6958968327363623
0,0.19723053177438857
0,0.13468404604464754
0,0.09104319914810886
0,0.018209285166189818
0,0.07118737392216457
1,0.7602308481204354
0,0.251910393205461
0,0.14158206707103066
0,0.09749511939052148
1,0.9388015599335071
1,0.9588086642568856
0,0.1273175943284884
1,0.7317443323837093
0,0.23858786727869088
0,0.09464472660420277
0,0.01195329563555132
1,0.9995492809249016
0,0.175860236541439
0,0.07219926146045327
1,0.884200544597533
0,0.001636907616790208
0,0.1580745545106178
0,0.4252438332165523
0,0.11253833493228643
1,0.672669473462643
0,0.4667577031405688
0,0.055175505582975536
0,0.10603111143379691
0,0.13465442071295344
0,0.08572927316999711
1,0.9409189759281766
0,0.05853171471136563
1,0.7513794998146328
1,0.7013705839501081
0,0.26007168558172833
0,0.279249843741183
0,0.1550342172830424
0,0.4086331110329797
1,0.5507080784041933
0,0.40706945968608815
0,0.4605855821124644
1,0.965639750978899
1,0.9771736098260767
1,0.5760257206660204
1,0.7613451472817495
0,0.1954980883525604
0,0.21935098099744496
0,0.4396289598661502
1,0.5626334023553904
0,0.2315522367411965
0,0.08549096652011623
1,0.5698850552242465
1,0.7873034033853822
0,0.4943909750821855
1,0.6803899703587785
0,0.49939274814745865
1,0.6790140619707229
0,0.028210808222289954
0,0.11546876035842278
0,0.0005895104015097494
1,0.7336328828522283
1,0.8705557715324488
0,0.4515290874548943
1,0.5457295571448025
0,0.4434088852623726
0,0.04512828831537551
1,0.9547957369055621
1,0.6231231735866143
0,0.02553987914404052
0,0.15152820852372842
0,0.1009682115256525
0,0.04629138543490086
1,0.5217627453471988
0,0.314415446242154
0,0.16353587801154107
1,0.54800536113809
1,0.5953875863234483
1,0.9465869190692285
0,0.005687052963597921
1,0.8735137920694994
0,0.42044134292793284
0,0.26071533678084774
1,0.9737735478167364
0,0.05504716026946288
0,0.35882727797002223
1,0.7767911044957241
0,0.04483592198820119
1,0.8152374212733507
0,0.22457388534791767
1,0.8618318147909746
1,0.9718355536329205
0,0.0592641370262378
1,0.6389365507591594
0,0.21049416000937735
0,0.03542383025552944
0,0.037553531956731515
0,0.30150226932193624
0,0.01368759360365686
0,0.01736455966322687
0,0.3131734339921595
1,0.9882759106689835
0,0.1598480196748445
1,0.9325620021825892
1,0.8637726161798006
0,0.1684578446905797
1,0.99037520382425
0,0.47275996521137537
1,0.9449870432785106
1,0.5396026374551538
0,0.31643122553818126
0,0.030521377827788902
0,0.13936313138222065
0,0.1441670677572283
0,0.07771205989883027
0,0.21832959086290002
1,0.7518049784606302
1,0.5600719038960202
0,0.46425401642467723
0,0.16832101495550672
1,0.6891498008345635
0,0.13496971195693236
0,0.24330602965364023
0,0.2247829304379944
0,0.21517530573938587
0,0.4588990050300552
1,0.594727936323719
0,0.10906059784633555
0,0.0002667219447566574
0,0.03205024703471184
0,0.0030673552318513805
1,0.8259080710119708
0,0.17033396710362086
0,0.30449158054775044
0,0.10572736539427463
1,0.9407536172738346
1,0.7095114083973738
0,0.10615505504011033
1,0.9180058222917526
0,0.014951593663433096
1,0.6469436468551872
1,0.9703498141748194
0,0.3826487736945296
0,0.1924467544304
0,0.14431900725799965
1,0.8841620874798322
0,0.1725416064534591
0,0.017616754537857778
0,0.15511150582256708
1,0.7415916290448489
0,0.07436210653762707
0,0.10228924834539299
0,0.07770741852890659
0,0.34226521703298035
0,0.3177737708116946
0,0.04005428315790264
1,0.5983174019686726
0,0.05206184170724019
1,0.5455906717058508
1,0.5756551994426096
0,0.3683774060761602
1,0.960273999875072
0,0.4968457568288321
0,0.4575824178861236
0,0.14574160514178133
0,0.40269110704146643
0,0.43208156048363405
0,0.308368055690661
0,0.2725529290657773
0,0.19338257621835322
0,0.29504939371439115
1,0.7639713736295954
0,0.04022905173390996
0,0.39292561076908034
1,0.5943540126078205
0,0.13817842596702024
0,0.3632961686913658
0,0.4971396627945295
0,0.48508461540402137
1,0.7454254943235777
0,0.23994255305720832
1,0.707282322401605
1,0.9521604836473764
1,0.6190822240380431
0,0.042850476418398675
0,0.055172569003588835
0,0.18655941021850367
0,0.32395683240800643
0,0.22842595916470315
0,0.09741878062566024
0,0.01175321814077878
0,0.1097783386312126
1,0.542220547927781
0,0.007052838751105164
0,0.12531910508631675
0,0.12787231593880305
1,0.8260219270015017
1,0.7157784543711352
0,0.09395774081473934
1,0.9813790868359742
1,0.8132052100988862
0,0.16886145367447175
1,0.7935589218685657
0,0.34057794427576643
1,0.9832686102965777
0,0.040356844411353524
0,0.2665518361876647
0,0.030329558890762495
1,0.8762928273628785
0,0.23732660707543216
0,0.048058746593819486
0,0.1009982118238682
0,0.10276481622108166
0,0.11971353282717599
0,0.2345381929185225
0,0.09511966817422109
1,0.987499823906026
0,0.12067658263582216
0,0.1607876659390537
1,0.7080149457068611
1,0.7074879347505365
0,0.14344342163935253
0,0.06810046720575358
0,0.0012474839179761202
0,0.12078165898428768
0,0.274642626893483
0,0.07793112057761645
1,0.6433787912719433
1,0.8766098075510123
0,0.07967819290714638
1,0.9474097465706749
0,0.22696350226272452
0,0.005398329951676346
0,0.3189327807731042
0,0.04580496239034814
0,0.2642666313903164
0,0.08660049028138114
1,0.5953889361334075
0,0.24768880738123283
0,0.21702905636474287
0,0.39022575759433814
1,0.9524704246042043
0,0.10085377638276193
0,0.08171339327577026
0,0.08498486077990781
0,0.019627526876677213
1,0.6572568298995284
1,0.9564926579500055
0,0.03049688408692122
1,0.9830480553189853
0,0.04754787503518283
1,0.5995168255569068
1,0.9811764704199779
1,0.9929218455516559
0,0.12672002075548913
0,0.1058592754478215
1,0.5907335802653558
0,0.08282699810373685
1,0.6449006653551318
0,0.13756958941248906
0,0.1307856548465321
1,0.8151554384765594
0,0.12944599806156298
1,0.9870002432170266
0,0.46070787088225307
1,0.9126606554077755
0,0.008511440042311144
1,0.8108927281225837
0,0.008884428051403484
0,0.3763198902331022
1,0.7259550558219866
1,0.5125693971208093
0,0.048629029390133874
0,0.327174685369772
0,0.07116894044836938
0,0.08168152096881841
0,0.40528805216028185
0,0.03536325758717029
0,0.10617459510204982
0,0.00814465725978694
0,0.09494866745955999
0,0.36483532750114833
0,0.14220260891486664
0,0.39503090334856483
1,0.552093647265128
0,0.16487408994247105
0,0.04118839253694151
0,0.3264838757543931
0,0.3313215998389501
0,0.2714786427074644
0,0.32331719997509006
0,0.2503683709335477
0,0.44811964885201283
0,0.3414889724175924
0,0.31633102245772593
1,0.949345768836487
0,0.0017681013421139522
0,0.08164038732907322
1,0.9142033609607382
0,0.3032489079752792
0,0.40841236351252175
0,0.054879306932792
0,0.023725055565960038
0,0.013336949814588307
0,0.1506842256339157
1,0.8736396831732953
1,0.9512752942268844
0,0.10632176281572152
0,0.016289102905762805
0,0.005859941846436747
1,0.7762889787903039
0,0.07863288949583218
0,0.4695266065429055
0,0.31227801030150165
0,0.23296234864248686
1,0.7558793458945414
1,0.7226386083546157
0,0.04608859093908997
0,0.12763847256681887
0,0.038294747814950535
1,0.6917795589169695
0,0.021128753032372445
1,0.6861970146312804
1,0.950868729614961
0,0.3183383219394062
1,0.8494576152831937
0,0.2629484061234557
1,0.8608857214915362
0,0.05466293440718126
1,0.9999296172039565
0,0.17666774036083155
1,0.7618181648318314
0,0.04182250789998184
0,0.3459819592841147
1,0.8701689068064126
1,0.5058904432046386
0,0.3239751928973858
0,0.1721171344988322
0,0.20820178446988807
1,0.532745077880873
0,0.25817813414129054
1,0.5117203920278989
0,0.013070879049765604
0,0.18333251517169144
0,0.3630257386550374
0,0.2581119365143175
1,0.9498697485448778
0,0.056418486095816296
0,0.19712897122798706
0,0.006779494548078511
1,0.8757436192893377
0,0.03156114198673381
0,0.22721733312595951
0,0.07255116513549882
1,0.809684269634572
0,0.005543657149837872
0,0.08172066507650992
1,0.9485197175795496
0,0.09240483580468498
0,0.21815578434861113
1,0.9015934006744484
1,0.8902326464592013
0,0.15923373429856325
0,0.07096511801307782
0,0.007397912177276452
0,0.4562459238704499
0,0.3758034490863514
0,0.2746999060169882
0,0.04980913862530405
0,0.2864304655579254
0,0.10270983620631632
0,0.0019227291872980828
0,0.2629221468945647
0,0.00958157724836544
0,0.021375162962474523
0,0.03838145203120899
0,0.028986300893695294
0,0.45911880508176306
0,0.16023131379744246
1,0.7414434013040202
0,0.2978394705430062
1,0.6022955775301122
1,0.84452710422053
0,0.35612902536141383
0,0.2502738698290325
0,0.09119029404171959
0,0.4332813510409252
0,0.2678103304681902
0,0.204762188467245
0,0.4602728269442117
1,0.6459671464658605
0,0.07121118115290168
0,0.33873384921234595
1,0.5965454495228432
1,0.894837390462937
1,0.9999999854531358
0,0.38720006853669536
0,0.017027425979335722
0,0.23144529606628333
1,0.8028858608333626
0,0.001131179960713608
0,0.2327592066348167
1,0.7274322787432405
1,0.5974081315410067
0,0.2842359759489397
1,0.9972008081020518
1,0.7109904749920538
0,0.39645923548204215
1,0.882220986856792
0,0.20981392019289438
0,0.06337140969810913
0,0.12570337234993778
0,0.08639043650954653
0,0.11374802443790169
0,0.033800051650201626
0,0.1029467624711008
0,0.38037414330067587
1,0.6726319176862667
1,0.6393797953523775
0,0.4120569474811628
0,0.006174141271616384
1,0.5925589153588047
0,0.010894080712690048
0,0.020549584619848727
0,0.0040824864099653834
0,0.22953042031647633
1,0.9122681819616905
0,0.20133278781147632
1,0.7693218630442474
0,0.06794713068906708
1,0.8721520972582413
1,0.802630743634622
0,0.3462554709763014
0,0.13426172374989714
1,0.9299892246576438
1,0.7697021957139484
1,0.5586260303768776
1,0.8172446506021656
0,0.03875572089582016
1,0.9893693710233841
0,0.025766738877855265
0,0.0003528813921126391
0,0.42967661194177575
0,0.1003406953589746
0,0.3158987481913878
1,0.9640126649185516
0,0.436450834341759
1,0.7915791258487286
0,0.30494551818866894
1,0.6803081847269355
0,0.007530533559977901
0,0.03863105232885429
0,0.29748770338932323
0,0.03038948615655642
0,0.06369975563578828
1,0.5477257192213292
0,0.19523363836398652
0,0.41218823180317693
0,0.2954314350981041
0,0.005894084116608007
1,0.5929528958957864
1,0.6652723923325028
1,0.5105015213791146
1,0.6575788365561324
0,0.050389440481109424
0,0.31823217066570736
0,0.2456979353132936
0,0.2689233194871123
0,0.02693246272390026
1,0.9140815942678044
1,0.9428161065944686
0,0.005440979910801008
0,0.43680553402273775
0,0.018931268289642998
0,0.025830013617793118
1,0.6171643958552474
0,0.43151462618360886
0,0.3065880664267418
0,0.10762379837820607
1,0.9779609825079095
0,0.3444958285901699
0,0.06059486532032828
0,0.4009540895164694
0,0.07601681270137213
1,0.8323315157766805
0,0.13625599218732828
0,0.10457476154193025
0,0.18664920790796208
1,0.7545280034746484
1,0.845907089781049
0,0.037611336681672686
0,0.0402561407264175
1,0.748773798534106
0,0.031861383245253144
0,0.14632648969324835
1,0.9388573241067955
0,0.22392404824356615
0,0.08574670985687387
0,0.09413905990305516
0,0.35427758564275663
0,0.009692746441215263
0,0.12278607066569885
1,0.9049171695071986
1,0.9996668846263983
0,0.35249568084689387
0,0.44278467772001184
0,0.13038823372622013
0,0.17861313399467954
1,0.8109822359358294
0,0.08681105424314611
0,0.08110189658335086
0,0.04339469428149238
1,0.6220658616576593
0,0.07439118226059027
0,0.11093603177562994
0,0.016341647355509487
0,0.4548618762300917
0,0.11270108064300609
0,0.36426510377340976
1,0.8662903186806885
0,0.010511257117556586
0,0.1751857560651099
0,0.32106791714349486
0,0.39054001297675495
0,0.2897142037367639
1,0.9893002456646515
1,0.6397868097911777
0,0.4114945785792979
0,0.13511927628019554
1,0.5854664079880847
0,0.01724112728004546
0,0.11501841939910509
0,0.34199034323058125
1,0.5679713859884981
1,0.9609932194121386
0,0.03268063358880481
0,0.07119170188095826
0,0.1806175147668915
0,0.4543996586390102
0,0.4487142901349813
1,0.8726602079069533
0,0.07840831098559747
0,0.25021597145917357
0,0.015404539839322723
0,0.29113267322117303
0,0.4726824305010784
0,0.058653530220091156
0,0.46215467757055684
0,0.23268364994902294
0,0.44243292139682067
1,0.745085533740102
0,0.025144652466677245
0,0.07597443740239654
0,0.08076024674688285
0,0.03828618041436264
1,0.6100683161295826
0,0.011499857538514322
0,0.08467520192790114
0,0.08390024458819527
0,0.1625374175089021
1,0.6724538681710742
1,0.9281864838678849
1,0.5974485403591527
0,0.37362621889411335
0,0.05347203746795466
0,0.21047473030745856
0,0.13692530794090033
0,0.36445493157429376
0,0.40061192266270285
0,0.23630185070556273
0,0.22987674249881893
1,0.7370401413333126
1,0.7453186355999032
0,0.02083379526435023
0,0.49091328977029597
1,0.5192219891430871
0,0.16762763395207708
0,0.3883700395419175
0,0.0815023804234711
1,0.6376075401810867
0,0.46076061961389264
0,0.2705011651663521
1,0.650413239751465
0,0.21826630054319798
0,0.070376082714196
0,0.2047815209939022
0,0.12973225178767292
0,0.16902613173105643
0,0.018153436963522486
0,0.1740211175956255
1,0.6823727715911727
1,0.9841795011468407
0,0.20633791635762758
0,0.37846205687148693
0,0.018110066150492595
0,0.06530859440952648
0,0.012378791490689087
0,0.04951901030992441
0,0.48544067945850466
1,0.9475526630484322
0,0.4542455394192995
0,0.029411538469080012
0,0.303251079271437
0,0.1075139813540967
0,0.00010555253128770522
0,0.1471606181224078
0,0.1504410025200544
0,0.0775904564353998
1,0.5135557594684771
0,0.31766752786903657
1,0.9790240672574365
1,0.8331429695150796
0,0.025149583208738276
1,0.7699462483701561
0,0.00669011182177726
1,0.9604903881402816
1,0.8612068856199705
0,0.11377349869929526
0,0.023816755553455637
0,0.05415090038526829
0,0.06180402068145806
1,0.8940104991703283
0,0.12838017772157542
1,0.8274629758950889
1,0.6388102442413102
1,0.5147693592453993
1,0.9551108530737793
0,0.07188678860051897
0,0.281117373909284
1,0.9985614421758644
1,0.7507180249805356
1,0.5494089394259103
0,0.05003102187648414
1,0.8313991799048259
1,0.6912894520057875
0,0.1053487680480887
0,0.032957813766782695
0,0.4349469907510998
0,0.10429549605481135
0,0.43266554353511777
0,0.1455235084030962
0,0.34238505655282414
1,0.8339777395297729
0,0.0830358527611048
0,0.4768072048836962
0,0.18484118560465662
0,0.03907673296485541
1,0.5988208604550256
0,0.316909333159712
0,0.4866070925531358
0,0.23107035319852737
0,0.036929406437298404
1,0.8775903532586673
0,0.16291563517814
0,0.40691105587669796
0,0.13746136340462348
0,0.04373529704693216
0,0.07225976388180366
1,0.9833063218613289
1,0.8372966754248192
0,0.1511012353534307
0,0.005108751205605684
0,0.01155851955575646
0,0.06373826699365083
0,0.2984292601923142
1,0.7461459717076212
0,0.21959948469783636
0,0.037586619066746554
1,0.94437999155512
1,0.8049192957634648
1,0.7945096979689932
1,0.820463332282656
0,0.022740142126541005
0,0.07894078818684885
0,0.026391520492661642
0,0.39776234041547276
0,0.2714310417980321
0,0.000417559837353928
1,0.9179115581885725
1,0.8324909136741973
0,0.1701779131847695
0,0.030059399498920017
1,0.8547085923122
1,0.9012746203707264
1,0.5195511205563262
0,0.19860482935028662
1,0.5161356946589489
0,0.038599944736240385
0,0.08769024523203751
0,0.23860225473450838
0,0.08364542770913228
0,0.281184000110951
0,0.18133721499049452
0,0.1145329029188804
1,0.766068243086791
0,0.019842190866021223
1,0.5829264559445729
1,0.5004526364654928
1,0.7009645477989138
1,0.5669490072046786
1,0.9898858663488297
1,0.9690706858900343
0,0.24783490962481858
0,0.08459299525427558
0,0.37123134315665984
0,0.03499050738621269
0,0.10898994799253385
0,0.23009401148970904
1,0.760796464191373
0,0.06541493879169429
1,0.9610051616300915
0,0.1390076500844443
0,0.06884063716320608
1,0.6503131528883169
0,0.24106916545419702
1,0.5223048240643531
0,0.05782643352542416
0,0.3905408071579026
1,0.5093227579160615
0,0.23181926781271772
1,0.8573388868235684
0,0.2791645262049281
0,0.3473343071537694
0,0.06532924596160217
0,0.3401135362980976
0,0.18864543457315378
0,0.43282729849760426
1,0.8502029265244335
0,0.044296350106633624
1,0.649583246666876
0,0.051409037192602605
0,0.3183986273811924
0,0.2342958547730396
0,0.08862429830686429
0,0.38660671377604466
1,0.780140062048727
1,0.7304539276121668
0,0.17095307651528877
0,0.15224145466420566
1,0.6677854780038132
1,0.6449470030335936
0,0.4315951105301007
0,0.13938028950526435
0,0.004001274170467694
1,0.6806514826695182
0,0.4053068705445268
0,0.1946912138450091
0,0.045542117832445474
0,0.2179152630312657
0,0.3836244055878043
1,0.6356372639702605
1,0.8665417886610791
0,0.1057304778333096
1,0.9359767731578915
0,0.038493560533040004
1,0.92590576892078
0,0.18895088712427022
0,0.0255695815982406
0,0.3849482179410648
1,0.8153386561538377
0,0.016326554013560014
0,0.12861416821168892
1,0.6475043943537314
0,0.4947455043909435
0,0.23352205217913685
0,0.4955453496061458
0,0.3224633351260302
0,0.4056085941853899
0,0.2905012480872462
0,0.27080124368936337
0,0.2840148929819613
0,0.039863987137356366
1,0.7485128528471126
0,0.434391785658745
0,0.026716147173676607
0,0.23165605515215384
0,0.10974763051446527
1,0.9553423228150151
1,0.8031346857965084
0,0.1967081252743161
0,0.0378335754373635
1,0.6711162336320249
0,0.0016242892987382118
1,0.9694653612274684
0,0.1302193730776783
1,0.515815296558205
0,0.4205155190502671
0,0.11427792611243813
1,0.6762631052102094
1,0.5673505180234887
0,0.0780325044528773
1,0.7678631807185958
0,0.3206237295162652
0,0.07008926129455155
1,0.9840187753253056
0,0.03951182773141289
0,0.03441186519889166
1,0.646603734000455
0,0.1390564094221349
0,0.058257390596591366
1,0.5308541869220764
0,0.021089274330376554
1,0.6538514049385634
0,0.26303101752642133
1,0.9461292514079207
0,0.2919408076935517
0,0.3057459319683448
0,0.10406172041196224
1,0.9925663352747073
1,0.8451332904690815
0,0.004402032007923038
0,0.05690262764362488
1,0.7407727110417877
0,0.017089363289469278
0,0.1837292964354375
1,0.5524197830886672
1,0.7529000805262304
0,0.3643157087167313
0,0.09731335746963084
1,0.5790344121710258
0,0.042104935006769005
0,0.2064389823995124
1,0.7767716186969772
0,0.4113574027648584
1,0.547001287139525
1,0.6440348021306207
0,0.05861780934313847
0,0.04124735439728456
1,0.8135037603817699
0,0.07127761624317669
0,0.33842419839087834
1,0.6735522323801332
0,0.3276451828308011
1,0.5396273434695155
1,0.6254065270917534
0,0.11487653311134281
0,0.4377556798070853
1,0.8101332809791831
0,0.2131666263720417
0,0.16043610771181765
0,0.08502326065607795
0,0.11359969226415809
0,0.017460334931325507
1,0.6949625439833987
1,0.7113842104955628
1,0.956426133790171
1,0.8810189658456336
0,0.19232782252837743
1,0.8211253972464773
0,0.06991947397655303
0,0.46591424570519124
0,0.019101646611127305
1,0.7800359521573919
0,0.2945369740485608
0,0.05741545897181366
0,0.44502412199144636
0,0.1540218024094114
0,0.12728765860458474
1,0.8530032658752926
1,0.6320319452586584
0,0.35789167541531863
1,0.9130231535531744
1,0.9574199298638202
1,0.89846391423247
1,0.6655616544639305
0,0.23502026796623982
0,0.03373169107419865
0,0.12270655150285821
0,0.18434669717407232
0,0.3661352693297147
0,0.007874140426857187
1,0.8700055323961416
0,0.2760280545031328
1,0.6581889516470323
0,0.19369157372918147
0,0.0162142911257566
0,0.07682646852055838
1,0.5530883041422917
1,0.7965294109706323
0,0.18556402787690784
0,0.07167878357018642
0,0.4522924420966691
1,0.8866191517957219
0,0.06871019030312027
0,0.17561337373301703
1,0.9074840003371194
1,0.8436882792148046
1,0.7813317482564345
0,0.15099152891382775
0,0.30691163782912895
1,0.9535120149455154
1,0.9778737563261831
0,0.014298940236182332
1,0.8453533600637246
0,0.3900229490264736
1,0.5983116720761243
0,0.010712021443527519
0,0.04478545364190847
0,0.48460262814984867
1,0.8145133865062739
1,0.9528081620554943
0,0.17034478032549055
0,0.47227747670423786
0,0.24553159628338
1,0.8510565351935939
0,0.257160862734714
0,0.1018569715672284
0,0.12947980232888798
0,0.03382586147269908
0,0.2895808325564362
0,0.020592377545286932
0,0.48126883301272566
0,0.06589858417510236
0,0.14324583178339767
0,0.3862172392091433
1,0.6773279433207994
0,0.1751084233057786
0,0.21754295448025948
0,0.4526710347627385
1,0.9947971769469037
0,0.18685408013942514
1,0.9888467518256467
0,0.06206655792069936
0,0.3894539234790092
1,0.6714265941821101
1,0.7967842442044745
0,0.32326065303839696
0,0.32526123200776375
1,0.7572312809806405
1,0.9999999879456548
1,0.9520657393680542
0,0.025566816296029825
1,0.9964241885968177
0,0.035775104115089086
1,0.5280963862250228
0,0.42476428754820883
1,0.9191963495219136
1,0.6752065201497471
0,0.32933388300974975
0,0.07513497330000285
1,0.7672156511064114
1,0.5600110612260759
0,0.1866716559127001
0,0.12071732254635942
1,0.994981207560087
0,0.05719711217743088
1,0.8193955173848297
0,0.05738798164031844
1,0.7365855161085882
1,0.8674071656822787
0,0.1819484623518524
0,0.06888242637284032
1,0.5749895413452165
0,0.3049396442007343
0,0.29630695087106856
0,0.26313560699686034
0,0.36500919069465954
0,0.19696880899155658
0,0.3815470022270994
1,0.9781765871336368
0,0.4790895410281918
0,0.3983430458699494
0,0.3306108004165944
0,0.48873338417225304
1,0.8237484434707649
1,0.5854884470594813
0,0.04219428583340567
1,0.5670572662384601
0,0.008585352278536991
0,0.2586427868485987
1,0.98820753300149
0,0.10949188827659567
1,0.9943021360526906
0,0.04436535828458404
1,0.5795627279440657
1,0.5747226917006691
0,0.08507186429796454
1,0.7984533776803191
0,0.06956552048557318
1,0.8936669824684138
1,0.9277671949850467
0,0.021738016030305934
0,0.19089190539444384
1,0.9673679977977093
1,0.9833114539981298
1,0.6410456283787954
0,0.23676579000591375
0,0.3664571502552657
0,0.11123357797841713
0,0.17103909367170406
1,0.942611505305673
1,0.787851692695039
0,0.23324551133668073
1,0.8279536941966322
0,0.006803671598640355
1,0.6456664583698387
1,0.7493782185802831
1,0.9496821398378539
1,0.6066062100091111
0,0.3270293979340357
1,0.7516552689401175
1,0.9583793735272508
0,0.2861141246738735
0,0.04002151116082297
0,0.3490049142547976
0,0.07823722168484593
1,0.6626456210693906
0,0.2879045866055467
1,0.9819527580290371
0,0.28542388354884385
0,0.08411322866841453
0,0.11017944882974978
0,0.3393790342886068
0,0.020078932239472453
0,0.013850425726705216
0,0.40856565236194753
1,0.6253182702833723
0,0.45442986033007743
0,0.10956443651750868
1,0.7791957085393884
0,0.31032857907756134
0,0.007943226347690902
1,0.5466019869135472
1,0.8407328446571132
0,0.37158615796077415
1,0.7044652403527285
0,0.21571407377637702
0,0.20762966242699749
0,0.12266069722107359
1,0.5983853741040043
0,0.2299584235630106
0,0.14276005682965112
1,0.9166070310697966
0,0.02424821958808307
0,0.01961447246792508
1,0.6167482627397765
1,0.9140289448015682
0,0.09111681777884682
1,0.5597659369411421
1,0.7175207809819932
0,0.2790312350427288
0,0.09078812259260768
0,0.3981009318770084
0,0.06963989443357599
0,0.11896422519055029
0,0.011862939651434139
0,0.004043007021864958
0,0.05491207263339556
0,0.06964899880722669
1,0.6891997637144205
1,0.6773304264004644
1,0.5967081707544611
0,0.08513882422338233
1,0.7568506080911663
0,0.1752791695795709
0,0.2161772776917692
0,0.08801686905032897
0,0.11985914890024715
1,0.9917326807907554
0,0.4839035348860021
1,0.5643627352713464
0,0.005879332132483518
0,0.32488788808421565
1,0.9858092837511456
1,0.7299174206032077
0,0.08211359296109992
1,0.641763426243926
1,0.9972601046713754
1,0.9776957814304673
0,0.034962470958178817
1,0.8298336425877542
0,0.1118231450215822
0,0.18277614027017344
0,0.28339285078047743
0,0.4028401856836688
1,0.6761799196742476
0,0.37672378383606736
1,0.50743111685252
0,0.06856837277111191
0,0.304536836656782
0,0.3199905153736414
0,0.4447810737936262
1,0.6418051307221304
0,0.11391853184427872
0,0.08001800430068028
1,0.6226336275016923
0,0.3649286762841943
0,0.07769802825687439
0,0.10975725245886392
0,0.42524859894436806
1,0.8260987295339218
0,0.4491032042781943
1,0.5666944598275323
0,0.3629704807535011
0,0.39985300211551156
0,0.05896445068420499
0,0.4201015153341757
0,0.22401658081121892
0,0.21458050202297657
0,0.3426534126972334
1,0.9995598921376655
1,0.9772226799072481
0,0.22637222401339865
0,0.1620467625436101
1,0.9909210377359711
0,0.15393394897368945
1,0.9676683509250489
0,0.06008812382150353
0,0.010452669582963935
1,0.708003327725149
0,0.4397465508648868
0,0.422336896720516
0,0.021538834984262522
0,0.2464050085466191
1,0.6225334438074506
0,0.15515533603428686
0,0.48720397441938246
0,0.29091193029112716
1,0.876742095063938
0,0.21518149841095824
0,0.26559752374253187
0,0.21659136229447562
0,0.2746064370599043
0,0.49472717958670864
0,0.44321660131631474
0,0.4914208094561467
0,0.1485138055426841
0,0.05875231081844965
0,0.2214575867026271
1,0.977134878131178
1,0.6284259939683201
1,0.6374811384767027
1,0.5596887945096063
1,0.6631684880480002
0,0.17680875679609995
1,0.5493197155735066
0,0.13855667974640276
0,0.05610241019550783
0,0.445635029139707
0,0.34089834280325504
0,0.15816173497224095
1,0.8582155907534166
0,0.32980983066410957
0,0.09932769742616351
0,0.012874960217058718
0,0.002622818466208762
0,0.0006584382843403112
1,0.7109131941654558
1,0.9930851959750586
1,0.6510025187245644
0,0.4163086255676165
0,0.4398827922016427
0,0.40788753787068316
0,0.006791066882240226
0,0.10562592383199856
0,0.43028932103315487
1,0.9140570424142809
0,0.2592768671864735
0,0.22423903744228216
0,0.31160856570630213
0,0.29075943530469295
0,0.00791224795221336
1,0.7761449249420237
0,0.12447592681139788
0,0.08080411239392529
1,0.75662564913277
0,0.10406402680458893
0,0.029282575863037747
1,0.7602681287178359
1,0.9938720730033064
0,0.15480801819771925
1,0.6982600273853427
0,0.0031542028450816046
0,0.25160162938192
0,0.3228537317109369
1,0.5908890986257349
0,0.007965578649288358
1,0.9221497377503086
0,0.04372306028345504
1,0.7116716229976802
0,0.470988900682741
1,0.920385294054449
1,0.9988303896008608
1,0.9491266557410047
0,0.11216174781340507
0,0.30725454602356705
1,0.8615599660419744
0,0.08042344467224437
1,0.5901606880682931
0,0.044825962605302534
0,0.25817813414129054
0,0.15780137673117967
0,0.004466495022881867
0,0.16864402751406815
0,0.3204929609342797
0,0.09074396785480741
1,0.5917707340320488
0,0.09034064229249629
0,0.1854216715526549
0,0.04340270387253825
1,0.8778462547979917
1,0.7964635754077309
1,0.997821402064331
1,0.7218416974033085
0,0.32972849008354316
1,0.9999999605455481
1,0.7512004390647072
1,0.515949600108535
0,0.02107254657905832
0,0.4154203412791876
0,0.23895792889722864
0,0.2082844455405132
0,0.17508364743068036
1,0.7971241077001319
1,0.9889486482454672
0,0.10299627623604989
0,0.46728031432463196
0,0.34538930841282867
1,0.5055922716798024
0,0.12491926828121497
0,0.09318210993759989
0,0.11788004304778205
0,0.4531593121859235
1,0.6400996499830407
0,0.11012915159452132
0,0.42937132853743376
0,0.02414559802154955
0,0.12673021027151826
0,0.3961617158399265
0,0.036764088219234485
0,0.055383231986075185
0,0.007664207933576801
1,0.6961657855270977
1,0.9108889969984407
1,0.5143857007281701
0,0.024812595251280267
0,0.34066354224812595
0,0.29352206129344155
1,0.5777400945732036
0,0.3884745325711168
0,0.2047841960268608
0,0.31773890564392243
1,0.8800396939686294
0,0.05548673429496039
0,0.19712077751118373
0,0.16902004967260306
0,0.017682895919131802
0,0.0429816004355995
0,0.10552061744066367
0,0.3452114056722209
0,0.0015416568512121819
0,0.029563528462774758
1,0.8494078320608494
0,0.37826794270614916
0,0.22932008177400318
1,0.9917192169842017
1,0.6758327711972594
1,0.9478968053249198
1,0.9468608291115892
0,0.014890381524790006
1,0.8476924614671036
0,0.17803869369445852
1,0.7913505720087091
1,0.5141050413748455
1,0.8906748956591253
0,0.32989778101029615
0,0.25354394311573225
1,0.6963051913566753
1,0.6421808244726208
0,0.26279906579295526
1,0.9864646398023309
0,0.4006417476166079
0,0.4907663342219648
0,0.30756289251220376
0,0.00038204551485760367
1,0.7899493410391186
1,0.516822490011067
0,0.14684096531698074
0,0.39137428619791226
1,0.9866095077046307
1,0.8538753587791281
0,0.214356450160645
1,0.8239118508366545
1,0.5200737672061153
1,0.8541170179577913
0,0.007709218134699916
0,0.2999727585124504
0,0.3375426671684665
1,0.5187673102114155
1,0.6881504010492185
0,0.20507473186371908
1,0.7164081915169773
0,0.22523176648069526
0,0.01903573610426548
1,0.8902272702349218
1,0.754776494920239
0,0.4909108503046471
0,0.07676774676336497
0,0.08208329166826651
1,0.5763135295968153
0,0.46953345639419597
1,0.6642197938690233
1,0.9431799057419259
0,0.37316265496271495
0,0.2736287895173927
0,0.12584317638005846
0,0.019217115515091348
0,0.07565052241331233
1,0.5227803395554579
1,0.8378686122203554
0,0.06876350693325399
0,0.18509781735756098
0,0.008462687692535286
1,0.909032684208345
0,0.42566907659206016
0,0.1559146892665801
1,0.981400091823688
0,0.09044996536760021
0,0.11093837759396154
1,0.8164688551427379
1,0.8286080269020704
1,0.8832580864069159
0,0.3167851242628257
1,0.9575856255612624
0,0.4449638443328326
1,0.6146553788199169
0,0.025083932896978148
1,0.9860751750977641
0,0.006862706239433952
0,0.17328898457755296
0,0.0636731535365793
0,0.1797493152375628
1,0.6677087568758396
1,0.6759040334043944
0,0.23288462388812053
0,0.06624478708240648
1,0.6397137052424681
1,0.9897686664058349
1,0.8573946137075332
1,0.7638007299350875
1,0.7896997574665948
1,0.9915839875692609
0,0.03923808078212727
1,0.7801912766039834
0,0.057243987057557455
0,0.33652283765689317
0,0.005492683513464084
0,0.07266349925805021
0,0.011638214600527845
0,0.051846314683905735
0,0.1789953530675047
0,0.07504077298104563
0,0.08548921611433379
0,0.185726348360096
1,0.6249152067704989
1,0.9764447884678417
0,0.15998000544274554
0,0.09537477622638904
1,0.5837773105109598
0,0.2717878804739673
0,0.007261871540205043
0,0.10469460240013573
0,0.09861599858502662
0,0.31063403003503937
0,0.3762365686903367
0,0.036657300655005685
0,0.2216457735206421
1,0.976957923595747
0,0.030620550564409134
1,0.9719274640858949
0,0.4950536734957604
0,0.08801711264421805
0,0.05267969633492915
1,0.565118335117666
0,0.35522486014870897
1,0.8076755637741609
1,0.645016238934382
0,0.42135779106031135
0,0.012285008645913493
1,0.5881632199253821
0,0.3060902428151028
1,0.6800514641396138
0,0.004935185195664022
0,0.3276335645745485
0,0.15931224532466945
0,0.27784247985485455
1,0.9966996840417442
1,0.9668940455601239
0,0.0016497209136287832
0,0.2588144540454848
1,0.7116516445842744
0,0.007538632398845538
1,0.9796885151863645
0,0.12968883818239374
1,0.8382510610758696
0,0.3293520620479163
0,0.11493040461096915
1,0.8528700933281613
0,0.14034182167513345
0,0.2054476988989081
1,0.831735964563796
0,0.2504578244308944
0,0.25276191675706283
0,0.0009319908004093739
0,0.020660496307668544
0,0.47432688514664845
0,0.06744490460238252
0,0.1580814455769655
1,0.6224858956127145
0,0.05277738377521299
1,0.9834948222238709
0,0.2555026905620213
0,0.06343992735390482
0,0.12118772696246706
0,0.17128586810849436
1,0.7815260755374375
1,0.6914105131808076
0,0.06087908175552894
0,0.33865349267468203
0,0.014163086894528451
0,0.27774990479010475
0,0.03643482169773495
0,0.29283811167055657
0,0.1440656480038165
1,0.5004871980558404
0,0.3810177877924083
0,0.11236906327362156
0,0.18976259697280667
1,0.9631872350958606
0,0.08730158336542067
0,0.24524026391592824
0,0.35809495498870086
1,0.8675506002722788
1,0.8256241695383647
1,0.9321933101947545
0,0.09895732632068388
1,0.7583739823534602
0,0.015406209617345033
0,0.4612650205791477
0,0.2377603147347004
1,0.9999883106571973
0,0.059964859442626244
0,0.010093493053943824
0,0.11734590345722029
1,0.5912806978697542
0,0.01594081550572316
1,0.5420483754590272
0,0.18487240413950515
0,0.006124165106400023
0,0.23840338608865835
1,0.762085422428671
0,0.05003161985264075
0,0.24886098171465598
1,0.9120874827919363
1,0.8003066565310728
1,0.7801751176046404
0,0.3660864964713289
1,0.9874119034163962
1,0.617058377976684
1,0.649102048931601
0,0.48390604213213684
0,0.10142585460435334
0,0.09172113165186654
0,0.037553198383040394
1,0.8621895740909399
1,0.5719719752320949
1,0.5185674770156757
1,0.8539761010346334
1,0.9999281190641331
0,0.1589867329247597
1,0.6398721026274266
1,0.7567524864524217
1,0.9828122151099401
0,0.13693352565210223
0,0.2333619769507094
1,0.5801197277750069
0,0.15918287433292946
0,0.10760656243258233
0,0.25808041325714565
0,0.20534370075302769
0,0.0737693695350063
1,0.6984648003803096
0,0.2570542650779722
0,0.25824612006476794
1,0.6740282869032229
0,0.38932272934417134
0,0.01022047771145717
1,0.632933952988155
1,0.6406008201893838
0,0.1483321472859692
0,0.0010771522836107777
1,0.622430790310121
0,0.1072622050481139
0,0.13985818232543504
0,0.31624163584956827
0,0.23753100506674496
1,0.932831612208773
0,0.109206343749174
0,0.2374011326299221
1,0.9872482785002584
0,0.21822129300921236
0,0.197558005006059
0,0.31132031419415684
0,0.26173520237821485
1,0.6017902255495674
0,0.03810355496512371
0,0.33107312661356003
0,0.13071511291731638
1,0.629820990409493
0,0.424550802183783
1,0.7500486682350138
1,0.8517543000463654
0,0.2653370339687911
1,0.9400944079688338
0,0.27505467898629815
1,0.9203574840248095
0,0.22670770169670484
0,0.1721831357844918
0,0.07945172034648293
0,0.1946524930022523
1,0.929017512932972
0,0.3387191264887037
0,0.011239285901734189
0,0.06762289159647515
0,0.22493282298331588
0,0.29939143617155917
1,0.9757216257507272
0,0.1844822067382113
0,0.19779543338899483
0,0.07802438760812413
0,0.05705348319985994
0,0.12319891844947314
0,0.12631339500032662
0,0.18506225677076094
1,0.9980560819447253
0,0.16239199850613323
0,0.1374876623027443
0,0.3938761327593434
0,0.21922720476943064
1,0.5363500489291364
0,0.47767334194307964
0,0.1858091661507102
0,0.31400668058129516
1,0.5765209576993109
0,0.1561657739674902
0,0.17851384862606584
0,0.009789888675979125
1,0.9619056501574687
0,0.36373347062373207
0,0.03221423188664752
1,0.9434756536075749
0,0.16226251603894443
1,0.7402890873668201
0,0.1639313921181806
0,0.4641467139190713
0,0.1520047319270927
0,0.3843430534122206
1,0.982309630358083
0,0.11613001492029427
0,0.1385403374401415
0,0.22656999024237845
0,0.25284344148458765
0,0.41138405990269783
1,0.5098781220805015
0,0.09242087025258763
1,0.7616060170654957
0,0.030038304312786396
1,0.9999093601535443
1,0.9587479695542944
0,0.4681510810185866
0,0.004759227642323183
0,0.4827466173818425
0,0.12911524578374342
0,0.10033967741336804
0,0.14933398019988703
1,0.8519957058787659
0,0.07122222836153562
0,0.2620268136193989
0,0.38743733095892735
1,0.8003196434945065
0,0.10520161117896823
0,0.4512891564001634
0,0.00670789390709807
0,0.25768891238286823
1,0.6060966777106847
1,0.7453666152260773
0,0.08474324343975087
0,0.200805074853647
0,0.13421666805413482
0,0.13951185061977933
1,0.7093257419211135
0,0.007599262080042734
0,0.009972107641248973
1,0.8486647434105106
0,0.194670928263017
0,0.42258480796201425
0,0.3214702887007413
0,0.04489871359872256
1,0.9144285992836951
0,0.3434884806003079
0,0.13829922261639138
1,0.5385700075927731
0,0.006055579794745813
0,0.0438402205878777
1,0.6526297917550222
0,0.002622871797804001
0,0.22899578575795812
0,0.250395338158781
1,0.6528754225104701
0,0.34199852619574667
0,0.23072399526841195
0,0.060139253484550195
1,0.5433001729406681
0,0.3927981595767991
0,0.25621153937826663
0,0.15805061013019936
0,0.06812083542457724
0,0.2952097990481946
0,0.06451161537716618
0,0.40977025469077966
1,0.9314201223964991
0,0.03388401549474659
1,0.5621227529782674
0,0.032715079431189176
0,0.4989895500745614
0,0.06154840464595902
1,0.821031586637327
1,0.5868988906206124
0,0.4189607145006906
0,0.021724522546504782
0,0.032207300780112164
0,0.45917029497979484
0,0.4547307819867781
0,0.16798392637827506
1,0.9679885779913584
0,0.09636698839358895
0,0.15310888879275938
1,0.9038881672286821
0,0.13484510368685082
0,0.1289188924174936
1,0.8089120600636525
1,0.8954470191491571
0,0.340896263555185
0,0.004407622290141668
0,0.08330887300904073
1,0.8587667364118957
1,0.7913678353229123
1,0.9755582554553546
1,0.9884912162224683
1,0.5095911808547209
0,0.08030788254007433
0,0.4370959853132206
1,0.7949712589430749
0,0.13164133457679789
0,0.46119378643108055
1,0.7451927230208646
0,0.0036338664089288503
1,0.535634907704692
0,0.2559142044896643
0,0.10770521778946905
0,0.07871401252584562
0,0.3097050421651052
0,0.2835811757568436
1,0.8474848621642787
1,0.6676036234069344
0,0.217061705187589
1,0.5879352824299223
0,0.08160867094666811
0,0.33213708307797524
0,0.23353868021080226
0,0.22228590773234919
0,0.08073601834390225
0,0.0523831734819381
0,0.1087036609242795
1,0.9491783711356325
0,0.4201780523417874
0,0.013069057190190058
1,0.5152637219618008
0,0.015562681216105332
0,0.3253358730256433
0,0.45883004423424095
0,0.4319052001588426
1,0.8724470183551981
1,0.9765443346447776
0,0.03392422475110018
0,0.13353312012010526
1,0.7922071787118227
1,0.985861987948395
0,0.08288772426424906
0,0.19614356394488908
0,0.061392046743360316
0,0.1991034318422942
0,0.4953633233538206
0,0.24164723943802863
1,0.7700689399193767
1,0.71248360293799
0,0.28181482531569074
0,0.0024310349535863816
0,0.027035302397194805
1,0.7505213960554256
1,0.709391176963762
1,0.6202932615787107
1,0.5029385396747313
0,0.35744579314242403
0,0.46062894738256266
1,0.7320750259880247
0,0.03772726001234624
0,0.13786240888381437
0,0.2895252710022833
1,0.8312766159861522
0,0.10913192367952373
1,0.9603192597597182
1,0.7739527495003452
0,0.1666322185630041
0,0.17844035673281144
0,0.31722812922513893
0,0.17488000237829282
1,0.9985175945438771
0,0.11711538896730253
1,0.6176910924583073
0,0.17435610596990328
1,0.5661780335851709
0,0.046872238355674264
1,0.9113990892465516
0,0.06606540388692887
0,0.1802932345706084
0,0.14473550553970146
1,0.5922617500975313
0,0.2337657412536221
1,0.7184351069098318
0,0.45216715607353203
1,0.6915161976515974
0,0.2247719196973317
0,0.3960070746107631
0,0.12618814749975357
0,0.12405495409578622
1,0.5651045174601034
0,0.18769844443651904
0,0.06871790676632929
0,0.18451584110604577
0,0.2286445002087437
0,0.4669905344428186
0,0.020296869786783793
0,0.13128570392971717
0,0.03549657891399137
0,0.16948147751386386
0,0.007303348150701048
0,0.3746342586563703
0,0.02618485366648961
1,0.9630862515992271
0,0.20798092639175497
1,0.5969806966119866
0,0.004536953112614806
0,0.0929065423352344
1,0.5506191347478423
0,0.05879335161960921
1,0.9644929876957458
1,0.5801830873533296
1,0.9528141909456428
1,0.8284542742872384
0,0.048524498134293485
0,0.1293155294425094
0,0.379939778204084
0,0.0713977725247696
0,0.37180483705620165
0,0.31879595638372693
1,0.7852822767489932
1,0.9109366858422672
0,0.28599650927650166
1,0.8766145162179131
0,0.1640811086441384
1,0.6341639720632152
0,0.014647732744298664
0,0.07334617283148144
0,0.2124230883789029
0,0.28973803587865304
0,0.23867123291673742
0,0.23232251659434502
1,0.5530338852700001
0,0.26986932497679683
0,0.08747341918151372
0,0.24305594352878995
0,0.028020438311629186
1,0.7477588708052634
0,0.08250687139430682
0,0.31747683468169724
0,0.01096247343437914
1,0.9214046711791328
0,0.21429177311702016
0,0.06317091219898786
0,0.2969287769508055
0,0.4548927048248431
0,0.0006147154404775544
1,0.983579951582169
0,0.06061134160301442
0,0.3116363334683177
1,0.5492512310399964
0,0.11822663078801819
0,0.2957371278204911
0,0.03382060126775291
0,0.010355881506091933
0,0.12200513575281394
0,0.007737148133216808
0,0.0022635921782060107
0,0.4762837651060116
1,0.519031986689612
0,0.08293431256512182
0,0.13784906685752982
0,0.03273925845789394
0,0.08493013107174177
0,0.3224418990124997
0,0.18774379417588727
0,0.36594708111092605
1,0.9329949554848843
0,0.3772825493057215
0,0.03980644086322944
0,0.11368287903971153
1,0.6198528541031572
0,0.3053225974740427
0,0.4495106211069737
0,0.3971138824889273
0,0.31426576698522257
1,0.7077755595686855
1,0.9553897354073848
1,0.8022330405413614
0,0.2502400336914703
1,0.9406348381439718
1,0.9968867808786844
0,0.2511033664867171
0,0.17164323950402527
0,0.012171180903646415
1,0.6209209502420342
1,0.6830052022678127
0,0.015999830083634564
1,0.7577233233091072
1,0.9856007338823265
0,0.10931909545991798
0,0.07980150573297477
1,0.6798195077900502
0,0.48452378561161935
0,0.4055496359398726
1,0.9755299509100261
0,0.4940344448656682
0,0.3702030732564407
1,0.7476535160982152
1,0.5972997172706881
0,0.48174951414560657
0,0.06311913909939447
0,0.23322196560687738
1,0.9999994930985507
1,0.9188156192721745
1,0.6072761308883724
1,0.9653246380017542
1,0.7105153952791481
0,0.08634915796067553
0,0.042199380607152226
0,0.07485779059033416
1,0.9649934793638624
0,0.055029717134219294
1,0.6312802061786561
0,0.08987375772704292
1,0.7422960770471342
0,0.10799468318830545
0,0.14122311663612866
0,0.14794875590452747
1,0.8943451527043278
1,0.6108824594482661
0,0.30389867206882093
0,0.12758722818733803
1,0.5606511470236847
1,0.9210291784711686
0,0.3643036351055564
1,0.9998593892500942
1,0.6000635853480953
1,0.5347069683430232
0,0.16380966747577952
0,0.2827487800734598
0,0.36279749945966083
0,0.39101381677616465
0,0.49239065523707
1,0.5352757635177113
1,0.6400889157181708
0,0.38081906869311943
1,0.7232413876140035
1,0.5885276502413305
0,0.34784843137195165
0,0.4427016353788391
0,0.018540728852022226
0,0.40632214215109463
1,0.6549677818695787
1,0.9566527191379546
1,0.9622890216069052
1,0.5729194327816449
1,0.9700367013703682
0,0.378390537882688
0,0.04625576253851622
1,0.626860659087918
1,0.9712027991865632
0,0.019272896325272414
1,0.9896763681249483
1,0.9928563122952326
0,0.15492394256158076
1,0.5412538603967655
0,0.019825645022904844
1,0.9708185249238839
1,0.6951916073208101
0,0.4778610960401995
1,0.6347975665067033
0,0.3433388085760713
1,0.7093007590942061
0,0.013708099018949527
1,0.7589152864329485
1,0.589713895993307
0,0.1603461042362157
1,0.526634190737519
0,0.40124594641175737
0,0.007063700827043673
0,0.4036032431922511
0,0.36302001188026556
1,0.5980422084920349
0,0.36024403582933806
0,0.20219535458696816
1,0.5140244006854472
0,0.0002768951775061704
1,0.969973225682864
0,0.025731086812960657
0,0.3149469016309889
0,0.36409579925623325
0,0.06318117075618349
1,0.5340311493402845
1,0.5236812850222489
1,0.5767091428400891
0,0.22024484181773554
0,0.2213416683830346
0,0.21102434278602147
1,0.5996251857736096
1,0.9333638181092384
1,0.692720771429427
0,0.17422981004431187
0,0.2905325150521696
1,0.9101592210012592
0,0.025603346132992633
1,0.9374343158272896
0,0.10709919773072464
0,0.18907955261071882
1,0.9521114493610139
1,0.9610349871164569
0,0.045263010546453195
0,0.4641930741645403
0,0.08346797079395975
1,0.9450406385893413
0,0.3899342895785186
1,0.8950181406102093
1,0.8652854482873317
0,0.41355814084423387
0,0.07206155513733918
1,0.8168853736411927
1,0.979893971292626
0,0.49392308528841006
0,0.08097818541646432
0,0.03601688482634189
1,0.6459308292196524
1,0.9377325007990144
0,0.45790644681645726
0,0.27357748586496367
0,0.2070267606563404
1,0.9755760326919636
0,0.0005581485833919197
1,0.8203911232843762
0,0.0823356742673701
0,0.47312584784465966
0,0.3661857284975546
0,0.351752514457976
0,0.08491828880164118
0,0.30421612826557914
0,0.26102171534867297
0,0.07599504915135616
0,0.021923349886124318
0,0.33113055573018146
0,0.21444083660054022
1,0.9193716589478378
0,0.09345867414563266
1,0.5945639658679102
0,0.2712764451712166
0,0.256542482359223
1,0.9789393472528277
0,0.1494392183865087
0,0.042022709373126944
0,0.4702804814287621
0,0.05858672542926733
1,0.6141105257739864
1,0.9799711520879146
0,0.1370703576060256
0,0.1060897446217131
1,0.6058422426636074
0,0.32833882396921277
0,0.18026744248940973
0,0.27370550318774
0,0.38432817278624243
0,0.11861606115915513
1,0.9237556708716099
0,0.19401259285449582
0,0.2304230666271767
0,0.09865173775825758
0,0.17867772693437148
0,0.20985282258003668
1,0.5672592734818371
0,0.4823109041446822
1,0.8834288208467082
0,0.39062537536620323
0,0.45736488901122985
0,0.37954123712799187
0,0.08074969459158274
1,0.8960477876359296
0,0.0734310027141028
1,0.9642249680330011
1,0.5829392848361323
0,0.06666696572260238
1,0.5363100181151669
1,0.7583214813400895
0,0.21060691968951226
1,0.7137074723674274
1,0.7828294328788686
0,0.010933507465062768
0,0.3488897817093601
0,0.1368028155922914
1,0.9982064018388093
0,0.0599510106170671
1,0.6429006407947591
0,0.050342619848270986
0,0.0013637364356544573
1,0.5389238344697221
1,0.6336666321771913
0,0.03992900025077465
0,0.06925469712792369
0,0.14715596308461246
0,0.13847508094600428
1,0.9281239867171011
1,0.5205959180547581
0,0.05708141988239587
0,0.26783416518315534
0,0.4055532850005629
0,0.47687380557940856
1,0.8873269244000749
0,0.35126835280696117
0,0.36627798825031904
0,0.20890791554183874
0,0.07062060571415207
0,0.019040529919759016
0,0.04281858434647463
0,0.16127423748666156
0,0.3903229593117408
0,0.25896599099345713
1,0.7942751398896577
1,0.7299565023961795
0,0.2465877109704819
0,0.34441576995745204
1,0.6820884499957216
0,0.18444534821923667
0,0.06161004102343612
0,0.12739603077183273
1,0.8595913907752959
0,0.24280595678613068
0,0.4506358222935102
0,0.10895613427298934
0,0.09438839094694075
1,0.9326094277862833
0,0.4212438612186242
0,0.4585836811463962
0,0.1452874434471715
1,0.9292403339888965
0,0.06424823409733547
0,0.040585968884485124
0,0.26119518463219416
1,0.6330422428411827
1,0.6164787301207609
1,0.6042770497228714
0,0.20488089030808995
1,0.6040471875255579
0,0.052432072622311435
0,0.020753138116061106
0,0.10564370620791638
0,0.010029870041029227
0,0.45148808044018657
1,0.5748787683560331
0,0.07317487084794583
0,0.1997018035055084
1,0.9553629288557811
0,0.09006176937362946
0,0.06694263079066888
1,0.637082141049439
1,0.7739265089055332
0,0.3910558475959103
1,0.6314572160571551
0,0.46086917083085277
0,0.05324364953798963
0,0.18377167210113596
0,0.03431863520026451
0,0.3417939131561499
0,0.4001428985681343
1,0.9621887086507427
0,0.12729595705660066
1,0.6806454331693165
1,0.5484082723927373
0,0.17844093394092822
1,0.9981424673123866
1,0.5804204633537715
0,0.11158601004810932
0,0.016558540273867616
1,0.6222400223678838
0,0.35330134266986957
0,0.17660752517644832
1,0.8620650825496754
0,0.48977395264957707
0,0.14165962740047064
1,0.9340158689101606
1,0.7437077426961529
1,0.7814022518518609
0,0.412612214743004
1,0.6899445829443558
1,0.8838877673499486
1,0.9294644580069717
1,0.8477981660301059
0,0.1700833049656786
0,0.0015803311317284165
0,0.316613606047071
1,0.692928801611615
1,0.5291178470511687
0,0.26599691342119575
0,0.15514052415537471
1,0.7096651616070406
0,0.21798313371114936
0,0.32411025406863364
0,0.1658091526321446
0,0.05104302364193001
0,0.2890119576106522
0,0.22915126537366956
1,0.7704349315429894
1,0.6626110950347607
0,0.1875825173307899
0,0.29226819134670484
1,0.8607977976487411
1,0.7065814582138561
1,0.7434251239682088
0,0.0599915820139541
0,0.2731519430848958
1,0.7568664818486838
1,0.5366549292370785
1,0.8078211291676942
0,0.16238546415611058
1,0.734441108791344
0,0.04000184689158174
0,0.34257500922011724
0,0.06410165150765355
0,0.24563873270866085
0,0.05555893932342858
0,0.4059005362158316
0,0.2239878950669168
0,0.0033292968035615374
0,0.30887495176853136
0,0.4238717523385375
0,0.22964103501418504
1,0.6266485277923093
0,0.2740657274232998
1,0.893244590808759
0,0.4531393331624475
1,0.9883774482699268
1,0.7054845759408435
0,0.31752002825686687
1,0.9422558844494523
1,0.9709979695020456
1,0.7520264511137281
1,0.5626405350433912
0,0.2055721610888778
1,0.7756254987168881
0,0.4327278840693057
0,0.06952970400235751
1,0.9522924484982712
0,0.027618229777467203
1,0.7247794385281876
0,0.08437450804159079
0,0.405070532139015
0,0.10171593443035082
0,0.3405499329730413
1,0.8632933395357891
1,0.5369632819269318
0,0.482727558849102
0,0.0827370276367474
0,0.15306422216614435
0,0.3965135484881717
0,0.1967145432205344
0,0.00021414845177452615
0,0.24891618570177024
0,0.17639813638462165
1,0.9710602587187637
1,0.8526218541389973
1,0.6324995570007076
0,0.12365840223496229
1,0.7492183951066868
0,0.22388898642897254
1,0.9463420827553378
1,0.9899268631643431
0,0.03203908037137525
0,0.038947232286516836
0,0.0031091247199228817
1,0.6537618315062916
0,0.050024605877969426
1,0.5112380201888025
1,0.9234721935673501
1,0.6428696811091265
1,0.5263800109492451
1,0.7868876178541703
0,0.00826228629167045
1,0.6571984393217398
1,0.8591115064216894
0,0.09922725356608986
0,0.39087419045508043
0,0.434417109475568
0,0.1355915791401785
1,0.5095739820963651
1,0.5957067430369809
0,0.21482778998437568
0,0.12910291412277225
0,0.23803719178601096
1,0.7463236193918602
1,0.7716871020154408
0,0.46135773012089104
0,0.13609587603206497
0,0.006072153706015597
0,0.03934481530502033
1,0.8424360908965185
0,0.01910361977324511
1,0.7487685263791437
0,0.3055730726896094
0,0.37058320095169206
1,0.8583404266587863
1,0.9970104601231711
0,0.28662098914342776
0,0.06782843818503695
0,0.3457167439325994
0,0.4558158614428995
1,0.6266667271550216
1,0.8018261994785005
1,0.5780016773463871
0,0.4276700707117889
1,0.6488887389524239
0,0.15101569112180685
0,0.01585598208530529
0,0.15799637353977156
0,0.019013045514950443
0,0.10400797154556761
1,0.7498612651157961
0,0.41752881896175503
0,0.2162166206365258
0,0.0014425732175057963
0,0.16417246639949576
0,0.013084177856111592
1,0.5351571373959372
1,0.9500137802119467
0,0.037113032180875506
0,0.14355582575597925
1,0.9871989672747367
0,0.23298811315657603
0,0.3351214129009751
0,0.30980576681405725
1,0.5815017681542255
0,0.042036096596766305
1,0.9858607199729752
0,0.010965675740966354
0,0.36512759832338243
0,0.12181285125303698
0,0.03495138744428552
1,0.5093076873009522
0,0.08254381878775419
1,0.6701728898813368
0,0.03874403746449774
1,0.939785430206551
1,0.6198796869683006
0,0.427298742070996
0,0.029519442568973802
1,0.6499295251763362
1,0.7048041547272629
0,0.29778534306845744
1,0.8320387762387895
0,0.20898850534385488
1,0.6943091916591284
0,0.25857455774591537
0,0.053011996467764964
0,0.24133813079028696
0,0.06600605364900622
0,0.4444540921565568
1,0.7474288616215229
0,0.34623723940401463
0,0.04232148317118407
0,0.1782608783098818
0,0.006563569269258391
0,0.20046896718990906
0,0.03716691926553508
1,0.9871262343200056
0,0.04445802219846631
1,0.6856707854343317
0,0.3991256786510072
1,0.5413048196682863
1,0.5037852834918755
1,0.7175697083153675
0,0.24791677306955726
0,0.17223699351558078
0,0.04560042442355143
0,0.2360771001698659
1,0.6630055998125008
0,0.15526607630682557
0,0.16986350241028864
0,0.4579697813757631
0,0.3943331752565103
1,0.9142265596075002
0,0.3088882251009949
0,0.09092748503195619
0,0.19819268168515988
1,0.8039464157457583
1,0.9938243786731406
0,0.43984218618524856
1,0.5857193371855741
0,0.37561304942300516
1,0.9426944754645201
0,0.4098549005058319
0,0.2729968821568655
0,0.18536382972742674
0,0.10884323170890559
0,0.005453068046050733
0,0.004066767504179332
0,0.4021158918580707
0,0.01600263547821919
0,0.29018003491117583
0,0.09985389760393595
0,0.13667199872654479
0,0.27494640587113317
0,0.1231134071610659
0,0.1488992960078971
0,0.3384994087319008
1,0.804769718664662
0,0.29155667268154295
1,0.5140531914894431
1,0.9043559570876106
0,0.4993249878139617
0,0.22461632836955986
0,0.031018724536785315
1,0.7497716816075892
0,0.2962021014368055
1,0.9523526014557492
0,0.3753673156092541
1,0.7684021875633499
0,0.0042227450093088
0,0.4364920441554196
1,0.9463946253726407
0,0.009795226289953517
0,0.19330639923670623
0,0.4107636824878063
0,0.17953607512320058
0,0.38762256125749533
0,0.07522203690662987
0,0.16330340042126684
0,0.1984130814343886
1,0.5906460882891017
0,0.2637957440255585
0,0.37455477128823383
0,0.0025750139262532617
0,0.3040302196636728
0,0.1107940026752875
0,0.21734904998341176
1,0.9990701846750911
0,0.31395388162069415
0,0.15878241589462785
0,0.07689234026502975
0,0.0864122888020859
1,0.5467016404503463
0,0.219160439119641
1,0.7292438159895696
0,0.2113450837142014
1,0.9762514091502067
0,0.004564481578148739
1,0.6073142203171594
0,0.271844053903881
1,0.5235182233845214
1,0.5078212644962695
1,0.7243531570639685
1,0.6785430304378013
1,0.8381514282215305
0,0.2600608374100936
1,0.9727726267049069
0,0.12452380511610033
0,0.10193339939258785
1,0.5235721976391877
0,0.007772911139219091
1,0.7011895115930683
0,0.3555433946701463
1,0.8760287734778628
1,0.9307667572747296
0,0.01827791016946562
0,0.4735190457278289
1,0.8886940664074221
1,0.6687986479786014
0,0.2651170250618723
0,0.10859467595783759
0,0.14092851111243784
1,0.6167341601560543
1,0.6262191761308276
1,0.766704170277994
0,0.018900146135944325
0,0.41292829125270886
0,0.07818070024938224
0,0.2225451195631072
1,0.5065478254008672
1,0.8686564525515411
0,0.2549904221540732
0,0.22865668467077482
0,0.36779015116133473
1,0.9868358801514296
1,0.5431568062506764
0,0.07201411161775709
0,0.33839217842357117
0,0.17594532394087803
1,0.5102292237402867
0,0.10488662450395464
0,0.40166471569402395
0,0.22524848255194585
1,0.8035353786712318
0,0.09274626118730094
0,0.014179359010197784
0,0.23651992398144567
0,0.11881335606484197
0,0.3190626818130886
1,0.8922295675793875
0,0.2800791134172838
0,0.14435799242982736
0,0.3736282782424226
1,0.7692436370972922
0,0.09177585587281933
0,0.09334128190912479
0,0.3097744132036084
0,0.11079942817410687
0,0.09221754708267603
1,0.8581615701957691
1,0.5667679560794329
1,0.6117847544363268
0,0.16135489839825992
0,0.24667965946523698
0,0.33404584962708295
0,0.09331538431072037
0,0.017981508013885223
0,0.3408365119594576
0,0.4005172403184026
0,0.24045470005787803
1,0.8526300217402772
0,0.1827985619137967
0,0.3064861362137503
1,0.5979365565758173
0,0.01680702322713522
0,0.2092612978162194
1,0.5270534895483355
0,0.3126145224490588
1,0.6111179494890289
0,0.027701177674027844
0,0.29492639929153347
1,0.5591011811535603
0,0.021109294001401758
0,0.4088353658543387
0,0.14411837772643465
1,0.5521574284315216
1,0.9102108029846373
0,0.15609342179694244
1,0.6696012528335694
0,0.4107145573255221
0,0.08454931545584601
0,0.24668133114394794
0,0.3044621106586005
0,0.023609535158408388
0,0.047105293988633584
1,0.5171644951408665
0,0.39398937916206944
0,0.0026445488712243193
1,0.6226927209706272
0,0.13486029064557833
1,0.9895084848374657
0,0.11464914580428785
0,0.32432848198552755
0,0.06715472242570153
1,0.9206643468331008
1,0.8900425839383691
1,0.5747496546015547
0,0.13956221745753844
0,0.2963498432184537
1,0.5244901201621683
0,0.3631167272301658
0,0.13425557345199654
0,0.4143982078474273
0,0.020078800581587727
0,0.3330349530073409
0,0.35304126488007365
1,0.9625305800385611
0,0.02026431580240366
1,0.951429406612464
0,0.46942297749969764
1,0.7168095685457764
0,0.24582030828377072
1,0.8055294802380227
0,0.2727292225988708
1,0.8273235572914106
0,0.4158984431746171
0,0.4316007246765123
0,0.48629554810796244
0,0.004342372457211881
0,0.04392894538677776
0,0.02148642249541458
1,0.9497274624607109
0,0.04980210770479633
0,0.22662858540308684
0,0.376591613770734
0,0.2590785716180329
1,0.8507419601285425
0,0.03720970474623154
0,0.08470826011742032
0,0.00740146834142766
0,0.004963651516579421
1,0.5914072346954656
0,0.012229576271035755
1,0.908752696516386
0,0.46257979179345016
0,0.40238324738239967
0,0.023052549080176142
0,0.08692700239523439
0,0.48252906055300854
0,0.06645978184858813
0,0.11305743870398723
0,0.446801134820498
1,0.8288763522616069
0,0.06027751566228781
0,0.09431898203336285
0,0.15128594036502335
0,0.08636019040517608
0,0.44205205359019045
0,0.09935120942513409
0,0.055092277706088
0,0.029718344713770783
1,0.643768962577195
1,0.9572646400539863
0,0.04486892604444328
1,0.9321863506248333
1,0.85084677146557
0,0.14031770664233173
1,0.5651832270408544
0,0.2013369107393728
0,0.3094359044997033
0,0.027509734997327475
1,0.8230728233316004
1,0.8127219476727673
0,0.06323509686704164
0,0.17215761052308126
1,0.8844106529280008
1,0.6252655058834223
0,0.4371244679837352
0,0.19651005800548993
1,0.8705682153240899
1,0.9321691967764489
0,0.157690751718736
0,0.1985057908286486
0,0.04019994742582937
0,0.0030542699773804874
1,0.6221454558080918
0,0.17029569133329772
0,0.0016521322345760135
0,0.11848253666711102
0,0.4203820098991114
0,0.08784170875090969
0,0.25634888609963136
1,0.9624469775505834
1,0.8297135698269227
1,0.9754311666890507
1,0.9323965120259332
0,0.031564409489091096
0,0.36089099977289374
0,0.29099317386503254
0,0.3698349370430545
0,0.13166289185460295
0,0.3930004803503939
1,0.925085628287449
1,0.8502900470207373
1,0.5969714531317827
0,0.08276853966487438
0,0.17221022201197272
0,0.2790672839392228
1,0.5302078575339452
1,0.7035390222430725
0,0.12849351087675645
0,0.021849750287399425
0,0.1766651236447493
0,0.19058750249837705
0,0.483634031249738
0,0.4230612642022719
0,0.29524010125622746
0,0.29118425234997414
0,0.04300271298604206
0,0.3327384508493295
0,0.4843630729018645
0,0.41903909049144594
0,0.24807446081814744
0,0.029571875354564243
1,0.6683374538151848
0,0.0883313253775015
0,0.0029378294021033843
0,0.21818029315654602
0,0.1245625970575717
0,0.09290559618062254
0,0.07707623030364741
1,0.9139192006263943
0,0.059248178504791936
0,0.16644960901763053
1,0.9147625742717101
1,0.9443237084748491
0,0.13538974446963048
0,0.0010543116171830968
0,0.30915971247375096
0,0.22085225984672965
1,0.9776436753751183
0,0.0029241070222417757
0,0.10641257016059943
0,0.003488264082594764
0,0.3579918371054745
1,0.6996990878402225
0,0.1277841936306744
0,0.31857239733964215
0,0.38533908476067213
1,0.8186101095849004
0,0.15652236054090898
0,0.010792613979941728
1,0.549028564311666
1,0.5329912838059653
0,0.03255181738556187
0,0.3165937958261956
0,0.4608473156710236
1,0.9999439080240188
0,0.016091314830218466
0,0.20324985277270108
0,0.20387494668405765
0,0.41706692183417265
0,0.01730454310294104
1,0.9992504593922511
0,0.08539068766711624
1,0.5646516961273473
0,0.2439468541095379
0,0.313474451533336
0,0.19044313536755375
0,0.11992092535338299
0,0.3894544656917757
1,0.7276780310176415
0,0.43609215275185104
0,0.009698703937491466
0,0.08680529409395017
1,0.6331447842895519
0,0.2763565119699982
0,0.41585418593322654
1,0.9394024948494083
0,0.46269198404332695
1,0.9492612602897589
1,0.936664727912236
0,0.13598593394725425
0,0.09706882194188649
0,0.4972909879135642
1,0.5882620001095776
0,0.2603085609665937
1,0.7746301640213423
0,0.4891238357121212
0,0.18684226509932902
0,0.009321533646893324
0,0.2712877018322216
1,0.737867026772973
0,0.20552012187869473
0,0.41702629770287397
1,0.5135063474961663
0,0.38485381831857246
0,0.23179439981568886
1,0.5107094624563444
1,0.7612850600275939
0,0.048354390659221834
0,0.15689276017831513
0,0.1811711449960869
0,0.4534952746905267
0,0.2556363099460208
0,0.08462152498087654
0,0.36765315496161155
1,0.7847394064056938
1,0.7170662582777556
0,0.0003883548346446599
0,0.49647040660191666
0,0.21406608970334934
0,0.0004742081713619296
0,0.343909522496735
1,0.6836537084032589
0,0.023509152388111385
0,0.18478122181423245
0,0.4529381562748465
0,0.11392088828692958
1,0.6216045758222053
1,0.9996956484071067
0,0.1413907537096919
0,0.31132511950548547
1,0.8313983767607449
0,0.152629484697438
1,0.6762295434625715
0,0.16432091300784255
0,0.41124331762592536
1,0.6443990002302666
0,0.2506523679498789
1,0.5305365203048867
0,0.308130755194151
1,0.5944118128101297
1,0.8290589795782618
0,0.4854672855371132
1,0.8117977346377491
0,0.051545048903755816
1,0.9637052563868965
0,0.07995210673813592
1,0.5318899449559705
0,0.019260228074858665
0,0.17368163897921865
0,0.09237193320915685
0,0.023221807322978818
1,0.8933636282100196
1,0.7576573957714241
1,0.9923948345155235
0,0.08006924688009683
0,0.2803649633532861
0,0.039155394377736526
0,0.0016998951598017537
0,0.31304794550442766
0,0.19440964714549616
1,0.5501664977998822
1,0.8352494437063572
0,0.2936361326608309
0,0.13264641366014288
1,0.5639233723935796
1,0.9201274909036616
1,0.9649776114713541
0,0.18620457171063606
0,0.13595356498037367
0,0.42098326030555605
0,0.02512855094003741
0,0.39686665821203504
1,0.9504470486253092
0,0.28861282383187836
0,0.40070287135012717
1,0.5817026541551619
1,0.974343487949287
1,0.7652888545213372
1,0.9123051448176998
0,0.11547602947532468
0,0.46103144683500963
1,0.9973312991012913
0,0.34428360030694977
0,0.440720494219981
0,0.04121263574115331
0,0.21965431609155864
1,0.9012877671346764
1,0.7606124089539206
0,0.3187736288222936
1,0.8978221220051145
0,0.24491346795358698
0,0.07670582927300458
0,0.03447360638153168
0,0.19902819821854464
0,0.059343143315874945
1,0.8300559466317685
0,0.06914317262434866
0,0.49581054043821676
0,0.23051296617744946
1,0.7226009748486821
0,0.03946203563041639
0,0.36835796365285933
0,0.06328362113770472
1,0.8341539879012838
0,0.39283475595200074
1,0.7080370896389696
0,0.14909631145399754
1,0.792227016196038
0,0.03256564174169477
0,0.22502101842522138
0,0.12522301844491088
1,0.74470211833784
0,0.08751886392159666
0,0.33900365735954524
1,0.7239325233430112
0,0.20425243913500984
0,0.36582383275288904
1,0.7604108865969025
0,0.14325857081975343
0,0.3956213048320093
0,0.29031307254400907
1,0.9193542122221425
0,0.3895630553594765
1,0.5401333803160482
0,0.4602656390075056
0,0.20832825851222375
1,0.6625167419971242
0,0.36902792472412005
0,0.3295887121621696
0,0.27006203708501203
1,0.5771414185111272
0,0.017074656291028244
1,0.749203474412483
1,0.8178991097179039
0,0.3532069077808224
0,0.22683798143077566
0,0.49486119217633756
0,0.25606962987276516
0,0.040129710275943205
0,0.05820393086363435
0,0.3765091073785799
0,0.0699426637133156
0,0.0039008493658963667
1,0.8234181477098389
0,0.35967722226369286
1,0.7491622533990667
0,0.21431150059106044
0,0.04295608887229327
1,0.6849935323181388
0,0.023455873340165787
0,0.08658781834869442
1,0.8291355430140452
0,0.45561953197002164
0,0.13685489296768852
0,0.33568547211333233
0,0.3014286996642442
0,0.039194117274392946
0,0.3333826076311018
0,0.2068132130002853
0,0.0010644160037139487
0,0.07834929063477607
1,0.5028331324790548
1,0.7478223594193945
0,0.4144656590312737
0,0.43883009009624296
0,0.02444676400102199
0,0.005134659228864602
0,0.4715975725468912
1,0.8688708189388823
0,0.1379387083596329
0,0.12237802918411915
0,0.10854497317978089
1,0.7439900655681039
1,0.9944501342790101
0,0.06363340739802084
0,0.456612396631733
1,0.9547039694116395
1,0.6139869130707923
1,0.8117564505666424
0,0.33036796653757733
0,0.09639443947866007
0,0.07740947357019107
1,0.8825799299981
1,0.9663620921499911
0,0.4986635668641671
0,0.14611050610284815
0,0.052513935596097426
0,0.08597368448983164
0,0.14579588311754133
1,0.9879588510368345
0,0.4248274532680609
0,0.2572397576181585
0,0.05203626094757093
1,0.9000069329164158
0,0.22433424867945095
1,0.9704904707311368
0,0.0284063702868421
1,0.9835036528655589
0,0.025523718617448548
0,0.006140924567532899
0,0.0008733693010609414
0,0.00024294289594906896
0,0.44954232176661685
1,0.5019827265810454
0,0.014024942062902076
1,0.954455444525048
0,0.14902604809238273
1,0.531564310076369
1,0.6223817596996832
0,0.06140027274459509
1,0.786765984713065
0,0.47584796688132425
1,0.8472651978925783
0,0.03410228801209845
0,0.4320004719893015
1,0.7154374624091778
0,0.014593070213576849
0,0.1957643955382313
0,0.3493502654149927
0,0.48621975504976117
1,0.9683528763799598
0,0.3906798603435191
1,0.6792471848605559
1,0.8999988097790707
1,0.5706099739757278
0,0.055734501312214656
0,0.3464985457043441
1,0.989481683004867
0,0.01536824201445621
0,0.2737037161410352
1,0.8358790421869586
0,0.3607684165969639
1,0.548697858777059
0,0.13372072140715685
1,0.5021529913167355
1,0.7871179550407736
0,0.15103677218903067
0,0.2891804586526005
0,0.021022100316278828
0,0.19800193424040122
1,0.6359556374923983
1,0.7353773034295833
0,0.26211135383760853
1,0.7547656746538545
1,0.9995087337396579
0,0.14563725211057768
0,0.2842197579148689
0,0.18155428362065842
0,0.18456026180602736
1,0.8188727322714663
0,0.08443344243190956
0,0.19836260400037264
0,0.04545872038551393
0,0.3266285333613801
1,0.9385459828321941
1,0.5624800654804436
1,0.9762372665940274
1,0.6687496891596075
0,0.13441778578942673
0,0.28787737189359863
1,0.8791130446885603
0,0.10834437859990054
1,0.9261562047616492
0,0.012516165539031536
1,0.6011470824352969
1,0.8676230478744369
0,0.4254819065030468
0,0.26015571795244774
1,0.704932236167468
0,0.22320435818081413
1,0.661457168273917
1,0.761535609862158
0,0.05194193412475341
0,0.1248457759126368
0,0.47880086896041446
0,0.2599129848826678
0,0.0068395565341456185
0,0.020669664142813012
0,0.1403360453708631
0,0.026081781414839265
0,0.3351327566340406
1,0.9264570537974888
0,0.2877935609413776
1,0.6307230075078393
0,0.30152592736164996
0,0.2970159160633714
1,0.7736830675983234
1,0.9576387312054014
0,0.01241935302868667
0,0.11371070144357834
0,0.2825954780345307
0,0.3286952009152053
1,0.6052199099573083
0,0.2782673208044444
1,0.5702822288748524
0,0.2284947784975137
0,0.2696027304577854
1,0.6882770339514923
1,0.5443958072645685
0,0.22202593928321934
0,0.3245452323541545
1,0.5776789755188205
0,0.001334892434114914
0,0.07995036578618764
1,0.8137927249626357
1,0.9910199542091961
0,0.0034143171652660093
0,0.06881007789185371
1,0.7860188816001635
1,0.7541926112759366
0,0.4930232655022576
1,0.7991658734280179
0,0.0008785997260618859
0,0.34762646721772916
1,0.5742925612670612
0,0.2344869490449537
1,0.6155718270459515
0,0.42721368993434267
0,0.4132433343124105
0,0.27358054945370075
0,0.11412429727344364
0,0.1470001038992959
0,0.048118619223111794
0,0.4573128568919802
1,0.8548367989599626
0,0.07881909525273258
0,0.3558885788423468
0,0.4153155216049927
1,0.6986894851872048
0,0.05155523329547615
0,0.02051538627374972
0,0.19200036159701991
0,0.4562944422923206
0,0.12571740939807155
0,0.2704567606284408
1,0.9874145679885432
0,0.3129394574609529
1,0.9327785208373568
0,0.056275792932171824
0,0.08222668565444136
0,0.3446592941674671
1,0.8209593496353808
1,0.6535070704018133
0,0.47359338663386025
1,0.6987513551609963
1,0.8683182409543633
0,0.22414330937582655
1,0.5283523884565436
0,0.16293110624901877
0,0.1530396243932888
0,0.11738470419247168
0,0.11373759035409754
1,0.9860894773216562
0,0.0966249088000207
0,0.33972969611454606
1,0.7437715703511967
1,0.9094693952011242
0,0.07537991443057089
0,0.05340826420129886
0,0.19525153992201738
0,0.1047157403714437
0,0.38299114850037574
0,0.34465121746292793
0,0.45555214255626547
0,0.11675516937872978
0,0.009890035974865753
0,0.4545929375652478
1,0.7596928641927541
0,0.015876906347459665
0,0.1910677912674096
0,0.2891938728420527
0,0.02052640818005298
1,0.7246481574675512
0,0.1817511588515428
0,0.22972258766592402
0,0.03516177409901489
0,0.19570348719197606
1,0.9411509782797548
0,0.1682484736283546
0,0.2728360700743416
0,0.18873657090465695
0,0.21826268691812878
0,0.016731888197030056
0,0.12540465697603687
0,0.02482262978082172
0,0.3387063357838676
0,0.06607529432075883
0,0.004794046777417576
0,0.2686557309596076
1,0.8769002401912959
0,0.0997946865875627
0,0.4620529650454178
0,0.22330332742304704
0,0.11943013632819499
0,0.3958933607984489
0,0.018879323074455317
1,0.9714587760219626
1,0.9454960870651705
1,0.7843497975085015
0,0.4138160941868204
0,0.01190166857486089
0,0.2831185192874648
1,0.9283372086952617
1,0.9264786971303297
1,0.7795695068585622
0,0.17868812414706642
1,0.9250173549287865
0,0.3538392254324977
0,0.22790418097210666
1,0.9174510280816587
0,0.08081966373104366
0,0.41621379651550755
1,0.5383464757166714
1,0.6382603752992194
0,0.36491507362965586
0,0.3953614666248764
0,0.3599615647833866
0,0.11309611819367363
1,0.9879532707627643
0,0.41945556567206466
1,0.9059821491800708
0,0.09362499382330434
1,0.8709712831746977
0,0.3890788989563369
1,0.5189442786451494
1,0.6348060065892712
0,0.09949361078804451
0,0.41432421212543225
0,0.07965842419456119
1,0.7963275504863814
1,0.9406305709872895
0,0.32072586233889994
0,0.08532247898804604
0,0.07677910372287182
0,0.286757855024759
1,0.9750186613739671
1,0.8007085009178603
1,0.9822493613376093
0,0.0024196853926365257
1,0.9902870610465989
1,0.97993575096719
0,0.10302693635951908
0,0.2755067253077814
1,0.9896208886399027
1,0.7852159336540172
1,0.932600543196799
1,0.9911069081640385
0,0.46064322627066423
0,0.010699978060303006
1,0.9488283890090102
0,0.2058228325874837
1,0.6926769142107269
0,0.32333690702443346
1,0.6137546580467069
0,0.20122453319182643
1,0.6951328189966703
1,0.6753364879774177
0,0.08648567966478597
1,0.7630756631685346
1,0.8744516479507113
0,0.07383950149675424
0,0.46746586189428546
1,0.805309053551483
0,0.09995874870542004
0,0.12344876589096772
1,0.5614794417198851
1,0.5925015335214262
1,0.5102047251133672
0,0.020098221374991104
0,0.043106938309823255
0,0.13813433862388425
1,0.9885272453746632
0,0.16917603112326035
1,0.7332197183285162
1,0.6877134031156105
0,0.05299328867623544
0,0.20217543344104924
0,0.4687072961581461
0,0.4542825734023446
1,0.7401830083164002
0,0.06046367575473886
0,0.4203783796479744
0,0.36667112555609327
0,0.00456850163197524
1,0.6279975581331325
0,0.025168442814794304
0,0.09378194352168708
0,0.13073078208521055
1,0.9849190215398009
0,0.19121670728756157
0,0.22169703701425028
0,0.0017112169503064375
0,0.003956255080493466
0,0.027800329457924787
0,0.052757267073393885
1,0.8430139201576824
1,0.5429284223894815
1,0.6299931273404626
1,0.68879386448968
1,0.7787255121777317
0,0.042512122479208304
0,0.29108572514380576
0,0.30605109024606664
0,0.1756289542495833
0,0.03272897063560394
1,0.8312553706575986
0,0.007351523819112671
0,0.05545045821152243
0,0.1417939923243779
1,0.6257189848932618
1,0.9053589888023911
0,0.11649899846465532
0,0.32005340162722956
0,0.23776955440150163
0,0.41085933118626383
1,0.9755637371475089
0,0.017939886240954273
0,0.27872761508208505
0,0.11960291620725161
0,0.25607273564713984
1,0.6685367151170345
1,0.780477013589976
0,0.1928042366484449
0,0.48194742671697605
0,0.05567796263459668
0,0.4621278787193355
0,0.1343958072493908
0,0.2316445645192672
1,0.7310443012112793
0,0.0023433483019504064
0,0.07567055309724999
0,0.48839598497842657
0,0.10259442169707678
0,0.13143604199061276
0,0.27668712607037055
0,0.07457861656744537
0,0.17543293635055224
1,0.5779115136643418
1,0.705006027928331
1,0.6325789656558857
0,0.2410143257219145
1,0.854292198108408
0,0.19083165929633636
0,0.2895833243664522
0,0.471424739745848
0,0.29883322632387743
0,0.49533984386039415
0,0.04461046542046893
1,0.6110811586880824
0,0.3368963317021371
0,0.010810755901221509
1,0.850778126334601
0,0.10109371133489313
1,0.9587214273323904
1,0.709055455536936
1,0.8076366410454436
0,0.09360065677101008
0,0.3501100684056417
0,0.2571924989260499
1,0.9957700458606853
1,0.7798476875710285
0,0.0034420785709018084
0,0.020245589973195734
0,0.26806037634335184
0,0.05369689917284882
0,0.11290706425552915
1,0.857969657258191
0,0.49382256881643743
0,0.38921657573279844
0,0.12129001875693811
1,0.9067614310243794
0,0.2974074574413631
1,0.7133776121108407
1,0.532128043756436
0,0.4041880562054595
0,0.07754963933563976
0,0.15043760177847762
0,0.4727531924828024
0,0.1869087050054626
0,0.4063387662428888
0,0.48759430645747415
0,0.05303453072119137
0,0.06894369095064318
0,0.1326611602542405
1,0.9106530690495255
0,0.13123621032096977
0,0.3535963397025605
0,0.08117261232460803
0,0.24376965769708225
0,0.11924019830132246
0,0.005025286985440928
0,0.35649555328026394
1,0.8467879986027707
0,0.1421247042522278
0,0.005196509608929973
0,0.001294009103362767
0,0.03467541951514866
0,0.05827407800056443
1,0.7166926156860721
1,0.567222015772887
0,0.1266780267211376
1,0.6859090598805124
1,0.8748301284249175
0,0.26015986601813496
0,0.08359095984737402
0,0.0016927768516167086
0,0.14586525377842885
0,0.3169136040596726
0,0.03206679688491831
0,0.10943206778262383
1,0.8553011531967539
0,0.1393200515962852
0,0.17229002852238207
0,0.03901354251951262
1,0.744400304048871
0,0.061267944626301314
0,0.0027895401147992193
0,0.02259276051660638
1,0.6911584512337013
1,0.8090057442525214
1,0.699204451394566
0,0.19498851399575592
1,0.9713212876920411
0,0.01296855514489675
1,0.9682515417954619
0,0.07745321198177227
1,0.8964778406614065
1,0.6463778577368665
0,0.046115875378927154
0,0.07279447807234378
0,0.1922738370136902
0,0.3857524826166215
1,0.7415534701993106
0,0.009779891940170442
0,0.49529392097154595
0,0.16258890759969674
0,0.2270083160685312
1,0.7587368619457434
0,0.3704158464818456
0,0.022070646422725347
1,0.9806864172414407
0,0.06463280945753627
0,0.16481950369609508
0,0.011170635132034973
1,0.7812662798577669
1,0.9398890030328249
1,0.9490043448507475
1,0.9839935794214367
1,0.7521210608922662
0,0.20952395350461758
0,0.052569606239106045
0,0.3311785006041696
0,0.14467174883977116
1,0.9984050310080591
0,0.048713308477382034
1,0.5194543165218226
0,0.45048305265603056
0,0.41053661020609383
0,0.13263020165429418
0,0.07486817029970638
1,0.9563601527420396
0,0.4427282365739452
1,0.5216842475708472
0,0.007405917683647499
1,0.8455500269155299
0,0.20953869977079068
0,0.17154035479141974
1,0.8975821512197257
0,0.3333813595557099
1,0.7210598129278089
0,0.34237781584374266
0,0.46888902044165925
0,0.3767359545003071
0,0.06177153088068813
0,0.024773538494211014
0,0.3696392090243637
0,0.02237770513749819
1,0.5216635678190746
0,0.4262151327188568
0,0.31793679989042356
0,0.12225091964429667
0,0.11027748760758482
0,0.46701366636575947
1,0.6245748370631398
0,0.07671574949816028
1,0.855000919974196
0,0.22542154611077503
0,0.047320140576907116
0,0.32239198147769693
0,0.33897397295452103
0,0.17689244732182438
1,0.912943520123928
1,0.6234860361367751
0,0.05593632047272644
1,0.5506923338723928
0,0.052198575569352
0,0.21586680429748142
0,0.0736147764357162
0,0.31964871672626816
1,0.6156247747268555
0,0.45530597447632454
0,0.25631849761762737
1,0.9770045416620866
0,0.247774324002096
1,0.6111018814099777
0,0.14960479691741074
1,0.7636080100979237
0,0.1119445858727401
0,0.015501832686674492
1,0.9247368522866061
1,0.6648678940755258
1,0.785604456815477
1,0.9525733586582046
0,0.04000085993857127
0,0.06666416776890134
0,0.4135728896202083
1,0.8919012912560363
1,0.9025592859094859
0,0.01120535164868924
0,0.357183624595839
0,0.021632799642585875
0,0.09421838076308475
1,0.8463242249646158
1,0.9572784842828714
1,0.8585110650160822
0,0.4343508777079781
0,0.2312914751658837
0,0.12199267955366198
0,0.43814770990497937
0,0.06892680051959836
0,0.4450834698428455
0,0.2884853839651711
0,0.22787983769551115
0,0.0271340755220837
1,0.8365411588155461
1,0.5531709696685841
1,0.879488680772126
0,0.3744484953677693
0,0.06719481368837232
1,0.696802696943532
0,0.23834138492282303
0,0.12399330336007786
0,0.11388607645789456
0,0.1998412302607691
1,0.7776493913622056
0,0.012374275222301088
0,0.044974306156956065
1,0.5989903974830838
0,0.002984929753456178
0,0.01375194903647669
0,0.024924870551149284
0,0.10725299939129797
0,0.4231284343023679
0,0.06867802334534953
0,0.1754960295249949
0,0.13104662479842719
0,0.13375992240958431
0,0.49733760562616264
0,0.009434141558940045
0,0.17403551104701429
1,0.5034207133562639
1,0.9180866185466516
0,0.0030216395806762246
0,0.027298196942705154
1,0.760686422847903
0,0.09067984609606379
1,0.6771441569701395
0,0.44347997538844963
0,0.09471110351354074
1,0.6425297100415162
1,0.9287430411258885
1,0.5976214811650147
0,0.23003560080607344
0,0.20490475188564244
0,0.0641251878119025
1,0.7602278152965861
1,0.7259226203443296
1,0.6180122007259454
0,0.08334056164991875
0,0.39185986045125965
1,0.9031686763172426
0,0.14007674037042822
1,0.8491406594454501
0,0.03761367242426082
0,0.23380040253260467
0,0.11046032229546389
0,0.23196771437154318
1,0.7999413144791154
1,0.930650629837031
0,0.3165784220319873
0,0.021875387652229093
1,0.9194312482813142
0,0.2614292183682248
0,0.3584143044258945
1,0.944741567944245
1,0.5378854884275559
0,0.29716230836380264
1,0.6373636464444385
1,0.549764527169632
0,0.02352278857836468
0,0.07909675277229439
1,0.6733314473686269
1,0.6021487808255702
1,0.631603078484401
0,0.1445218491897662
0,0.1907035791089616
0,0.05566203066769953
0,0.10699971242838789
1,0.9243568628599074
0,0.1696420900263655
1,0.8615066814820389
1,0.7002699655316272
0,0.004562452876223038
0,0.027453258295706374
0,0.34585773138365766
1,0.5449807997819285
1,0.8409221931300455
1,0.9144377900142705
0,0.48143151762255887
0,0.3370600833686846
0,0.035760528985673536
1,0.7690037701249282
0,0.2513150578144116
1,0.6744481491935341
0,0.01980762241974265
1,0.9473749505444105
0,0.049179783015975864
0,0.39167075735029705
0,0.17754996189968597
0,0.3799234827895344
0,0.09078603146287297
0,0.3110644533853131
0,0.10299226800759542
1,0.8013746965354199
0,0.23849914295855737
0,0.49616945147688446
0,0.41217649323447014
0,0.3787955939719188
1,0.9087821894353563
0,0.062352924559360604
1,0.6389945394980021
0,0.2803583617308019
0,0.28929487066820025
1,0.9245476315834215
0,0.051998263963277884
0,0.37627282513957355
0,0.007891781294615565
0,0.4551286360124201
0,0.38182949862272647
0,0.006521367366380222
0,0.47170806633630175
0,0.19399856115830288
1,0.6557666191430973
0,0.028759060178415185
0,0.3083106090706038
0,0.3219892333047768
0,0.4958942602723851
0,0.07318814893167591
0,0.3442276490003499
0,0.09797535958358039
0,0.45094638158219186
0,0.06446967907173758
0,0.09659131923164774
1,0.8146790497779073
0,0.009468861207518584
0,0.43629656368372977
1,0.5314029609986812
0,0.062014563156018915
0,0.1702108212094723
0,0.29982362721741096
0,0.35625847843565916
0,0.016129164591435197
1,0.7698836511316108
0,0.05978276416821831
1,0.795914003416433
1,0.8656958938039021
0,0.06153667944284435
0,0.3389635727047424
0,0.3784100066689412
1,0.98904405784944
0,0.03951808567287172
0,0.0012846092811412589
0,0.31907273435051214
1,0.7639178177237459
0,0.4681644242045506
0,0.017515981563818134
0,0.09778889925793278
0,0.3513320176374494
0,0.36450516408778233
1,0.8737502706228087
0,0.213180280340003
0,0.33346128009752435
0,0.4008332608900997
0,0.39936013313079827
0,0.00904768298705585
0,0.2939239214239229
1,0.99948215699658
0,0.240945567104251
0,0.267337060923359
1,0.9396030156487325
0,0.09972333530957107
0,0.24977485492091664
1,0.9366195419384165
1,0.8705132814778019
0,0.006986887925443363
1,0.6833026127439251
1,0.6027483208180862
0,0.025314446744165407
0,0.16239525764389773
0,0.4668489460014666
0,0.19156217459005595
0,0.012529012984651759
1,0.8801643319491114
0,0.028191991533553222
0,0.04670796532829832
0,0.2614875404228108
0,0.28460229625477124
0,0.21723805375939562
0,0.3695721187447001
0,0.23827503424697707
1,0.8227876299664308
0,0.13452804767429025
1,0.6965263009831467
0,0.08892911029417311
1,0.7152124109499945
1,0.9670226923445118
1,0.7157210721970729
1,0.9724421511987587
1,0.8677714561506162
1,0.6233519703158474
1,0.5833873692737419
1,0.8010696971380482
0,0.029805660094034174
0,0.4725440172283668
1,0.9224286616574953
0,0.10989967605922661
0,0.2225665036610839
1,0.7531389341888943
1,0.5465253759990905
0,0.3251338176262136
0,0.07146794348427808
1,0.9344139852406638
0,0.1762158792669713
0,0.4707008521624312
1,0.9517915049950485
0,0.03525406820090094
0,0.02493873016930331
0,0.08886095777005099
0,0.13985272221221387
1,0.9876396193330572
0,0.006557993862222031
0,0.087146088561635
0,0.1050302620005625
1,0.7707359036751659
0,0.2886446967243941
0,0.49422022535528565
0,0.07826718495706338
0,0.2470874536786276
0,0.42696920600636473
1,0.5195498764826401
1,0.7810485039716036
1,0.5746597236741529
0,0.31517019139816793
0,0.24721542931286863
1,0.8136029341803882
0,0.25581911132452745
0,0.1609276235569327
0,0.2112430910877561
0,0.10577010298650687
1,0.6663932554597168
0,0.0030440999486297847
1,0.8443488487549062
0,0.15718204175675876
0,0.10854155832182402
1,0.5952304889729199
0,0.1334528540914831
0,0.08209083218417286
0,0.19647021041944612
1,0.6314523227677026
1,0.7554926039749099
1,0.6045579227074497
1,0.5685530856358426
0,0.0074603316933312515
0,0.05357763402181463
1,0.6403511298616759
0,0.4659527849930908
1,0.8495635550900846
1,0.9621308986068472
0,0.08612445535746506
1,0.9728385550762527
1,0.794604003489915
0,0.0694330595877391
1,0.7285820200391435
1,0.5383050781085561
0,0.4032198055994617
1,0.9535973996572032
1,0.5958127727890948
0,0.017489081645877657
0,0.022829970156873255
1,0.6835395615273561
0,0.14737316412076193
0,0.31442129962870735
0,0.01458567302431668
0,0.3358871908560529
0,0.24245074203317943
1,0.5344857012312342
0,0.17429399120968764
1,0.5954611131450258
0,0.16376112042202948
0,0.3507774361103625
0,0.07819160335829521
1,0.9693234245465595
0,0.16940760259832713
0,0.05314883573132836
0,0.05063965717634082
1,0.9862783002927404
0,0.49786972938624113
0,0.29459169895803144
1,0.9839131782857725
0,0.23526848078228166
1,0.6787056829733897
1,0.6830290639704489
1,0.6238175117512632
0,0.008505888910722119
1,0.6543071626998621
0,0.01123746439715107
0,0.28695203382500417
0,0.1495518605161235
1,0.6430811949648518
0,0.005708014079362563
0,0.14988353979385322
0,0.14407920044077904
1,0.5598192960852564
0,0.1710953975004729
1,0.9346372378899511
0,0.0941189360136624
1,0.5619939938200439
1,0.8624021399741507
1,0.5621704439662215
1,0.6906096911513304
0,0.4469736456718945
0,0.29362127535492477
0,0.40333038540865707
0,0.434902960418508
1,0.8098699820633843
0,0.36697713577326324
1,0.6318896035741302
0,0.41698672416681176
0,0.07681712349104054
1,0.5976293316880109
0,0.12622719726349915
1,0.5612145902490355
1,0.6614677080445617
0,0.010049498029548153
0,0.25097773774435056
0,0.06354985435205955
1,0.8634278253851043
1,0.542311756931419
0,0.1127986942731804
1,0.5361261115332577
0,0.4036154856997424
1,0.601361525412962
0,0.2476514625889405
1,0.6919803174224968
0,0.039849570507894054
0,0.1623017439719635
0,0.060030284518525656
0,0.2081720703378085
0,0.3739438577522954
1,0.6078964412953598
0,0.19157111920786007
0,0.16382285197420784
1,0.626648907513385
0,0.034788647512275894
0,0.12499500535438668
0,0.2570546292421892
1,0.5945619138125917
0,0.3833014742179881
1,0.8933757476686295
0,0.1490224559659127
0,0.03859444184408325
0,0.43104678514076566
0,0.11357665023308669
1,0.9131911399305687
0,0.08125809857727756
1,0.9068367578459512
0,0.32679439835970553
0,0.15227717143436664
0,0.4354080825853549
0,0.18095469538140904
0,0.19892151813845788
0,0.2625324718432257
0,0.2563250920427003
0,0.15407613309603815
0,0.1090172534381289
0,0.0445748832495221
0,0.010914189284816462
0,0.04453445939489194
0,0.12413238768578225
1,0.7206902970750287
0,0.1301981555908565
0,0.26169357557058504
0,0.2090559616252552
0,0.06352586367422318
0,0.08905299660404115
0,0.10144238702139906
0,0.2672744696329526
1,0.8272269798549444
0,0.04935633315047438
1,0.8963920361523006
1,0.7469269178789456
0,0.20034282342507218
0,0.42815556383429154
1,0.8763375677792783
0,0.10735789488857701
0,0.3799542553760058
0,0.0764409975270642
1,0.8518434242813191
1,0.8846794182832176
0,0.21598624389353877
0,0.446683689732312
1,0.5572083221746945
0,0.2590126352023424
1,0.6271369549248905
0,0.14218394759153138
1,0.5404955579932827
1,0.8586317508265916
0,0.10531293714676129
0,0.1042689314082535
0,0.13423537143130543
0,0.31750424517151166
0,0.06764224594002555
0,0.16655998770197156
0,0.012357002278826796
1,0.7992737968507293
1,0.7200832624819514
0,0.043445211415756455
1,0.5446796172193576
1,0.5486815213355766
0,0.24710677478013462
0,0.048535719770543106
1,0.8657466320831609
1,0.869741562596224
1,0.5262440085010573
1,0.6763542925846842
0,0.2712764451712166
1,0.813610634436761
0,0.051307958591120494
0,0.36239069730833096
1,0.5780868745377954
1,0.8712211349985015
1,0.8668635783506026
1,0.9488931760936027
0,0.22083093440377868
0,0.00678514872261853
1,0.9829621893751075
1,0.9640361537206454
1,0.718733301714158
1,0.7764189263963239
0,0.2409101144971392
1,0.8325951537524682
1,0.8349699557043461
0,0.16427475549685988
0,0.18703365586551163
1,0.6742704304020569
1,0.5116493512416908
0,0.303079793612764
1,0.9765333888970192
1,0.719631352260756
0,0.21757800834754007
1,0.8665775541087152
0,0.1871419806554004
1,0.703737063468138
0,0.3772053288780211
0,0.17558252211268852
0,0.11085403220026606
0,0.24110456177518721
0,0.20316164721185595
0,0.006151460125127736
0,0.41669460720404766
0,0.06177690647372343
1,0.701419685090801
0,0.12611567426985693
0,0.1606772020955804
0,0.04840050327859421
0,0.0027495674831631883
0,0.004818835566373352
0,0.29219084297786724
0,0.3959125362457225
0,0.3713078139015081
1,0.6230818527090328
0,0.03503629845802464
0,0.14138041487946224
0,0.4193968687561
0,0.27579026463146006
1,0.8694614370256294
1,0.7865866158166425
0,0.06266820109532845
0,0.3390706638708999
1,0.7989931249712877
1,0.5194966456992456
0,0.04136106300546764
1,0.8422442629621604
1,0.710096128095383
0,0.42776186930785515
0,0.13217110596870477
0,0.002114791145396204
0,0.35114689660257786
1,0.9965292600861534
1,0.6240576915362717
0,0.019516446204756073
0,0.02005144869110873
0,0.2839617032262758
0,0.003543799826359381
0,0.12172587541946316
1,0.6802207776361409
0,0.19667046647840367
0,0.44877025246745655
0,0.2477570480889599
0,0.0632114406977864
1,0.8370331869831286
0,0.2843390765573129
0,0.040086458349008036
0,0.14944790463061802
1,0.7356382550339359
1,0.8026797133375065
0,0.12473034235448975
0,0.07310668296623193
0,0.3198957721295185
1,0.5240607503487698
1,0.8917137247067641
1,0.5559819555826748
0,0.4710058501671823
0,0.23878999376242357
0,0.18804429020985475
0,0.3860368984186027
1,0.9036830245456848
1,0.8082658964967663
1,0.6734843649405433
1,0.9558479833547145
0,0.03823844430745478
0,0.0032372148354799122
1,0.7690388474878412
0,0.11551040405861226
0,0.001058612711382689
1,0.9974896744471293
1,0.9584252689639917
1,0.9499556689228219
0,0.01592432958016831
1,0.7485716432071128
0,0.31460863234234226
1,0.7078276107283312
0,0.07305023684951056
0,0.029595177595606186
0,0.21503998142702116
0,0.21254772164055505
0,0.018651315742340104
1,0.850194425894136
1,0.9305653207623416
0,0.49113054563265784
0,0.18591437377720307
1,0.8004563600894996
0,0.40878860680937756
0,0.05724484447570779
0,0.22279894645000428
0,0.425811541443076
0,0.015048870318528133
0,0.36007967956630227
0,0.13697204773107155
1,0.7136131729081164
1,0.9218522154753986
0,0.1259451929729982
0,0.1480765169663424
1,0.5394534314085652
0,0.17014557749573142
1,0.6400626411259881
1,0.8309008040994305
0,0.17173430793093544
0,0.1256122545723828
0,0.0088795814577143
0,0.19090739589632547
0,0.21667402994640392
0,0.43180840573286
1,0.7429232304802726
1,0.9404403088952934
0,0.13466401866557434
0,0.03082517583728484
0,0.19670500482802006
1,0.6741674937787641
0,0.26325285709014135
0,0.16494209558705514
0,0.3953868314484684
1,0.9758163566646039
0,0.06096485568285307
0,0.1480133402364378
0,0.11018412198858886
0,0.06931698740835428
0,0.4564040037876931
1,0.8524403164155442
1,0.6493561393129362
0,0.09240868783144943
1,0.8241760220866992
0,0.02861691996948938
0,0.017220618595042914
0,0.24534026615157278
1,0.9311100754006364
0,0.15462097411298162
1,0.7926521505428905
1,0.8898814716731087
1,0.5147799429660781
0,0.09988172089327334
0,0.011103643014789236
1,0.7847079315832435
1,0.7775904763830754
0,0.1180248186178022
0,0.49811929831943025
0,0.46523832925709646
0,0.00982490005101071
0,0.10026219159657326
0,0.12835211862790286
0,0.03318038533709331
0,0.07803625393007231
0,0.05482609849409799
0,0.42745862914118377
1,0.9514084826269589
0,0.30260963438351923
0,0.12286579164195341
1,0.7720234842555308
1,0.6999187706133754
0,0.1486428081746549
1,0.7490221208207227
0,0.03503760532038737
0,0.08002892144281629
0,0.4891421241171564
0,0.12092158994637879
0,0.39979290205243034
1,0.6910137336915882
0,0.08515255235806869
0,0.2576762590251181
0,0.42349181306658557
1,0.9386951537277558
0,0.04600180503768077
0,0.45142622089151335
0,0.15135307573766602
1,0.7571299414079575
0,0.10434395949914636
1,0.6960541760203459
0,0.33853255142462907
0,0.18780299184429694
0,0.15871259090895398
0,0.026765798232043746
0,0.019844432067691518
1,0.9210518839043152
0,0.022421728248203255
1,0.6139823123416963
0,0.2591092816978812
0,0.0998319578570373
0,0.0074997989094791155
0,0.38507568056245545
0,0.003200087136576862
0,0.2732141715038558
0,0.47840672610480256
0,0.16446494696535538
1,0.922189836289975
1,0.7370818222382338
1,0.9565655343858992
1,0.5958541410240433
0,0.47688311397947336
0,0.012276450703906792
0,0.016626182289448444
1,0.7383857007352088
0,0.3508300813591165
1,0.8860928834849306
0,0.08846226621795034
1,0.7885950302225769
0,0.2354502429246701
0,0.026337414195067667
0,0.1140753847860489
0,0.0011939516724702333
1,0.9834547927953228
0,0.18078378793681485
0,0.3320048639763646
1,0.792844795177633
1,0.8315777555255668
0,0.10952577059305252
0,0.01975455948450173
1,0.9720457171213477
0,0.027210210687598414
1,0.7748815554867418
0,0.07990390205280107
0,0.15408135030420883
0,0.05052230768229116
1,0.5496038751510609
1,0.9335949626303979
0,0.04206531163349389
0,0.26549322846928
1,0.8817724039417469
0,0.40513408076349877
0,0.37801798857145047
0,0.032054064241957426
0,0.18464996168156417
0,0.23463116614478005
1,0.7789771329951449
0,0.2849194597607875
0,0.3837135203799755
1,0.9939732181386578
0,0.02370971584345969
1,0.9589680057283736
0,0.3804139243888357
1,0.9439051441099532
0,0.035631127549222
0,0.04990489985931543
0,0.25904455766821866
0,0.3953017792891342
0,0.015616101438293235
0,0.36167684622181473
0,0.019275378141143544
0,0.2703570965059829
1,0.861736518125541
0,0.021097175066170006
1,0.8998247264787265
0,0.06466248433422149
1,0.9628938957661834
0,0.2144693784152456
0,0.17723807480992565
1,0.8282259338974175
1,0.5855075587597575
1,0.5433445401758742
0,0.1906732050978488
0,0.04115655491612836
0,0.0753736604753009
0,0.03569042112631777
0,0.152441787634504
0,0.43175405476533263
0,0.1584141815678252
0,0.12184825247646558
0,0.1289809528700933
1,0.82944039452895
0,0.4483549110349826
0,0.08951566143756318
0,0.06534391677184886
1,0.5883819230588772
0,0.1312865541372902
0,0.010448476516152067
1,0.6227258252483738
0,0.28029141191378987
1,0.7929573310096395
1,0.9054583448349016
0,0.1258668370545332
0,0.0036085982372652792
0,0.09647262766449384
1,0.6679216442350321
0,0.3994105850806064
0,0.18827433332886853
0,0.4245092721218731
1,0.8085240072297708
0,0.0757124129198457
0,0.1718428386056972
1,0.886650513614276
1,0.6721493169856305
0,0.2547336613248426
1,0.9542085755727114
0,0.1601630199637211
1,0.8092105989409796
0,0.03139678500140882
0,0.20507755702468036
1,0.7897030791636213
0,0.0020047592186437715
1,0.6616655450301315
0,0.2569292518057459
0,0.08944734766121883
0,0.03893441177886111
1,0.5787839133689107
0,0.23918306153571406
0,0.2260357384977553
0,0.004896588222235545
0,0.4248885610755222
0,0.06095518711910196
1,0.7944919558868269
1,0.5082106951642538
0,0.01750863947367177
0,0.3205061490611439
1,0.8955592008829893
1,0.5881163180401324
1,0.5839710380592067
0,0.4968720544827902
1,0.9622604407370565
0,0.08215138040630177
0,0.1960137463608076
0,0.2518618585114774
0,0.2716931405589763
0,0.25060421091959156
0,0.24001675760031904
0,0.10062183171449238
1,0.7552468283415424
1,0.9999119597130433
0,0.10816450154901837
1,0.5585917371833388
0,0.044190686804111576
1,0.9574976158804637
1,0.8773139912717018
0,0.26471055528665915
0,0.17118405596393976
0,0.29808191135641554
0,0.06618244083394693
1,0.547399121819394
1,0.6458573850500778
0,0.2044723179836439
1,0.8035742237330248
0,0.20452415864287152
0,0.26838633406440027
1,0.9830752741546721
0,0.008402764186206124
1,0.7348691139348337
0,0.013984790853967425
1,0.7196015018217489
0,0.32967446719416393
0,0.33935228897396025
0,0.2837372982109848
0,0.12613233794857404
0,0.3066934267821117
0,0.28792466204837397
0,0.35996301612588855
0,0.20536328705612295
0,0.2558308667619189
1,0.9071072423938094
0,0.010999095222147795
0,0.08671682818062533
1,0.8578105959422175
1,0.9327775091262205
0,0.19910938091114094
1,0.9703276488707855
0,0.0030105510810043753
0,0.25675497871753555
0,0.1843522085951151
0,0.018311128644402413
1,0.8411518134505059
0,0.0736694371789456
0,0.3605506027047159
0,0.2955386646130672
0,0.02409191723953507
0,0.155939022475364
0,0.4420973581113309
0,0.1526669442107754
1,0.7797115288190231
0,0.3054106110146668
0,0.44039059575281264
0,0.2147326792918703
0,0.128246905984667
0,0.29566394379411015
0,0.02823313211820687
0,0.027338047243468964
1,0.5232894509699829
0,0.24576734072756687
1,0.6013603686846742
1,0.7763886103997597
0,0.23126019380142276
0,0.1504403290199553
0,0.2114913609194286
0,0.17415353867250802
0,0.39306879290112057
1,0.6086105028342256
0,0.40942518174797843
0,0.019572777836739073
1,0.6854470300189341
1,0.8089911950880241
1,0.831420333277602
1,0.5050836581814162
1,0.963251836814938
0,0.44936508551455434
1,0.9846608565367072
0,0.3729597060766512
1,0.9297750067282344
0,0.2234861542103213
1,0.6225015857391678
0,0.14033687186935795
0,0.27180641887551893
0,0.10645204799085248
0,0.23395898561069137
0,0.18299879160794402
0,0.20286449140753637
0,0.08759081652597028
0,0.25686239312956094
0,0.3158836583643732
1,0.512169316453042
1,0.605953232658303
1,0.5098890456114833
0,0.15771977634012008
0,0.35994816180048567
1,0.7260781080813375
0,0.10899284350421196
0,0.26974912986327093
0,0.41678466306636364
0,0.16972180615917817
1,0.8270167504293511
0,0.222571907235709
0,0.33049020977095667
1,0.8410465715960241
0,0.03252607821480998
0,0.15658816477070955
0,0.11867988713697605
0,0.16324663518392882
1,0.9774079823197986
0,0.18169440520702554
0,0.09581043216270697
0,0.3229988266074579
1,0.524267596864903
1,0.9860415820540972
0,0.36932278798835877
1,0.8292251314619753
1,0.6051077580367901
0,0.2559473386238694
1,0.8130466985802335
0,0.25126812604240234
0,0.029555120367347306
0,0.28132198002150477
0,0.050073812247251076
0,0.14934078154926222
1,0.5261136784912889
0,0.2805434763601104
1,0.9621119126726598
0,0.315795884878994
0,0.04891056270617045
0,0.4588467221625012
1,0.6315996489099213
0,0.0040521631781318315
0,0.4486291902766673
0,0.32324252661815134
0,0.2737670165333046
0,0.28813215119538055
0,0.4249147722172695
1,0.6301830672476535
0,0.21601337523805797
0,0.03203694814851546
0,0.38218890842316194
0,0.17662808651701473
0,0.20424722817422863
1,0.7551101622349181
1,0.8627898839782042
1,0.699626993739451
0,0.3695564800809493
0,0.027769423000252112
1,0.9777725989003193
1,0.8442986398828212
0,0.1752207048389259
1,0.8950111639638547
1,0.9519997586958135
0,0.23665831643201046
1,0.640455763498441
1,0.5045796459159666
1,0.7491964735807163
1,0.6293151687742602
1,0.9301196305096264
0,0.33846812941525584
0,0.0005516997504723027
0,0.23331705929929625
1,0.7695439466502447
1,0.9812573446450218
0,0.15233065353945224
0,0.09219329815423338
0,0.06461604530601311
0,0.0575302042255922
0,0.0384945751566466
0,0.12662400025688902
0,0.08389027513773738
0,0.3300452316816351
0,0.438907958572444
0,0.003645129153636678
1,0.5557464105017181
0,0.0089635327786865
1,0.9064648858295014
0,0.4726866999613625
0,0.04161554574424825
1,0.5168554320165938
1,0.6960959082941451
0,0.2038840759937774
0,0.07786355630219181
1,0.7850114935497503
1,0.534699533716831
0,0.007413903179254677
1,0.6252374677932924
0,0.4834579192233406
1,0.9440862736982715
0,0.042828369630073936
0,0.04945088423821719
0,0.26533141816039085
0,0.05079906180047273
0,0.4892157195071112
0,0.21662625962929616
0,0.13066332069412454
0,0.0935378842861053
1,0.5039136001832752
0,0.43651451022527826
0,0.01379060241238627
1,0.710841254703951
1,0.8408697441324522
0,0.19231150403796346
0,0.17384496889530815
1,0.6749126571056386
0,0.3939044777959016
0,0.22922761254730314
0,0.14427088860078088
0,0.3140909174786088
1,0.8277007800511783
0,0.3408241167928535
0,0.35765095977452455
0,0.2761411506446798
0,0.2173006165988968
0,0.10920957703879276
0,0.25736578177947295
0,0.12094226392125151
0,0.019936549251939318
1,0.8259925541160774
0,0.045932698739431344
1,0.8498787218648757
0,0.2369793055332676
1,0.5396363706751345
1,0.7336086293446904
0,0.25608315497475026
0,0.06503623446080325
0,0.0035872118507102434
1,0.8393058803544634
1,0.8025549753839495
0,0.26900644439641375
0,0.3757979863100209
0,0.22527479392009941
0,0.4073566032513518
0,0.27808709726929004
0,0.1657853743470912
0,0.10748702478572095
0,0.11554375840638874
0,0.20974526522923723
1,0.5536178251261645
0,0.131373101762294
0,0.05279401723896794
0,0.06043461099139972
0,0.12815653618829592
0,0.30038978591333454
0,0.4583344556019677
0,0.23573619737597037
0,0.020246275662362246
1,0.7317909112711465
1,0.9865339036696399
0,0.12601056753084158
0,0.38669936984346476
0,0.2801205744059929
0,0.05736432660261154
1,0.5719778812463119
0,0.13842592373040993
0,0.06784151674940006
1,0.9128695620453432
1,0.7769375927442307
0,0.09361865449990543
1,0.6151258122916462
0,0.438351297180203
1,0.7647737255589073
0,0.12828066987237385
0,0.07654234036391282
1,0.8190255684682025
0,0.11214942978236095
1,0.9297851273763116
1,0.9826352226472982
0,0.0707810723679793
0,0.17485558103196358
1,0.7096100677905645
0,0.04004076799488011
0,0.4694304351680262
1,0.7185502787673367
1,0.6461666454796648
1,0.8872756836618049
0,0.016885248677800727
0,0.01968123802391701
1,0.5057239036839718
0,0.06042632423330643
1,0.5271262895930259
0,0.02036320653663506
0,0.41380553890727495
1,0.9978129710997647
0,0.4901009219758392
0,0.3065738878914345
1,0.5366650757266079
0,0.46701396985270355
1,0.7202927784381399
0,0.2274282961884331
0,0.41144810109112984
0,0.3187384999667353
1,0.8613691466238199
1,0.9021604479005111
0,0.03374986332036399
0,0.13842317129404103
0,0.1079685283972849
0,0.14023058723143558
0,0.2134808722749483
1,0.7317759763696986
1,0.9969927403130565
1,0.9822716541150649
0,0.14083658033217136
1,0.5326696960621452
0,0.31096017541539245
1,0.5343435030576296
0,0.10265046783225451
0,0.003050101680298376
0,0.08011699395823188
0,0.34984678077254205
1,0.6622943200722796
1,0.6165074249870928
0,0.11658012858991176
0,0.29282563911162346
0,0.00514753888420469
1,0.7493849563193973
1,0.9999999999852278
1,0.7160106184989696
0,0.002090175419494382
1,0.7597095245930267
1,0.6476553014080066
0,0.03689278485247037
0,0.2894340097117165
0,0.14552417086756075
0,0.49279608894990173
0,0.3293427569208842
1,0.9532237673008708
1,0.8969584811514056
1,0.6494682474007699
1,0.5077426196716717
0,0.07828275891219931
0,0.08400599629963247
0,0.33217207092902346
1,0.5733106153095595
0,0.06533824791873442
0,0.0030026120906227337
0,0.049252082157802746
0,0.3931966489284148
1,0.7255707099237199
0,0.08153673474465738
0,0.2303497009448379
1,0.9322738027490228
0,0.4290308415985869
0,0.22236560941737024
0,0.031246026586682987
1,0.6941896834161986
0,0.018377427410436582
0,0.02549312903616659
1,0.7691733620084749
1,0.6810937753695704
1,0.6353276549120437
0,0.03780428917130401
0,0.4714610946438815
1,0.8870623874692944
1,0.5485681303425658
0,0.10060073012480793
0,0.0682851530452413
0,0.050563575359648005
1,0.7545957437594877
1,0.7228191930531954
0,0.018163631337042255
0,0.008722810570918766
1,0.5567725788105101
0,0.013378725229386842
1,0.9694074241978055
0,0.4927079753369406
0,0.02432472362180045
0,0.040707945553647186
0,0.04084766082491825
0,0.04435229052748777
1,0.6912854850397341
0,0.11254015770349012
0,0.07084061558998873
1,0.9823488318006257
0,0.15501412955573868
1,0.6901422969097113
0,0.034441772093725294
0,0.12984058444471883
0,0.3608369522928321
1,0.5489677037019998
0,0.12311624720101076
0,0.36306867388363334
1,0.9200854804599726
0,0.25935081184342756
0,0.062466675783633366
0,0.028507702758125354
0,0.49204434968754246
0,0.027760177794676325
1,0.6215227075444283
1,0.5935528113469243
1,0.8099221834277301
0,0.009777490499651233
0,0.16384263507957278
0,0.3114417796033328
1,0.7787863319128555
0,0.06815389931915417
0,0.21450177876911805
0,0.27981959164843506
0,0.47796918678349054
1,0.953593525328226
0,0.3689731356567998
0,0.029385749521963996
0,0.16974475378163512
0,0.10152429817856577
1,0.6020865524073258
1,0.7448334182087331
0,0.2235790896788636
1,0.9276742045498345
0,0.030956339890766727
1,0.6055178410334907
0,0.0067416241596289905
1,0.6886906410621138
1,0.7306726702709103
1,0.9312836416392598
1,0.9825667292362087
0,0.17967880764687635
0,0.40119240970012154
0,0.03550848974466512
0,0.18821609581064505
0,0.07225534857534512
0,0.09083393932849605
0,0.08506094053626896
1,0.8102665373627624
1,0.7088165819404849
0,0.06403129071304894
1,0.9740185305610735
0,0.2604350208047847
0,0.22440193392295446
1,0.8341512577911412
1,0.854393607420962
0,0.16958507808890144
0,0.025639892824099317
1,0.8766446628416183
0,0.03901083070463179
0,0.09540518027148122
0,0.1164741976966389
0,0.0014454795885109643
1,0.9525080510030902
0,0.05459693865154227
1,0.9547711176650917
0,0.15212253977078216
0,0.049609658915676765
1,0.9290633915309013
0,0.1982618438003643
0,0.14626516118373847
0,0.08803898180263166
0,0.08564144080699247
0,0.10093495789630486
0,0.3131830627037483
0,0.20724209497320492
1,0.9068933924925193
0,0.326735486090375
0,0.4123099743255796
0,0.3543014544433035
1,0.9435572962812614
0,0.10233928161737178
0,0.005807240421444047
1,0.9631070575513797
1,0.5469210398473413
1,0.7039796866798945
1,0.8840871394293328
0,0.22922978289241228
0,0.23070408693660996
0,0.18496586985206553
1,0.760689473005688
1,0.9013418330606188
0,0.20978558242170547
0,0.3156282367088568
1,0.5247333350262848
0,0.08326376096020086
0,0.016181665531580805
0,0.45592828404491653
1,0.6465647960891049
0,0.0696465255631979
0,0.06548417430213323
0,0.1412056746817609
0,0.47222963725429873
0,0.042661231781921244
1,0.8452397797892784
0,0.020236902797012634
0,0.031933085459631215
0,0.0037817669081011483
0,0.13468717241395176
0,0.24376292170516906
0,0.042607069945786454
0,0.18636509969031625
1,0.8279664990297982
0,0.19852222505382408
0,0.06260157560196744
1,0.5381935873559565
1,0.6949384031906852
0,0.21090995945872784
0,0.2129388135531544
0,0.3664456423959152
1,0.66595707116735
0,0.004207471098207719
1,0.8142945785596047
0,0.21888246187795418
0,0.34489170066725205
0,0.1452458547281887
0,0.062307561438636
1,0.8631924495391421
1,0.8411623227358266
0,0.04968527815399621
0,0.2851766543964722
0,0.46205782808285045
0,0.1929000089860157
0,0.2792975937698798
1,0.6281599897035385
0,0.4268948128221525
0,0.016041123192153763
1,0.5676446355833723
0,0.47241988723109546
0,0.22028535858863027
0,0.18088191809964857
0,0.09724159101618693
1,0.7384665911020166
0,0.07375145944392417
1,0.9598495236541921
0,0.21455640787233154
0,0.41111438939003225
0,0.08400839711040553
1,0.7264909903953312
0,0.12172079927516023
0,0.34751992259936737
0,0.4964638956995495
0,0.00630308323275355
0,0.30964313857677284
1,0.5393182563906537
0,0.02504575439768033
1,0.9641263402391727
0,0.2306941507783648
0,0.14835032692809125
1,0.66532204949724
0,0.015335809653807634
0,0.06149891542064988
0,0.12713609357321182
0,0.2961409748882905
0,0.15515648139973662
1,0.7923071377880329
1,0.5053097248071815
0,0.08639137869191861
0,0.028665995027537486
1,0.960054249460654
0,0.17681758924489094
0,0.30531971666011454
0,0.0015576683796649131
0,0.2489073619288026
1,0.9870042852356368
0,0.3749398445818056
1,0.9513085385341163
0,0.09360557958531802
1,0.7753883951077055
0,0.30368903989182805
0,0.09244602699990387
0,0.41595613498612255
0,0.027159772135104496
0,0.019714351859065542
1,0.5165082286452537
1,0.5937064431362563
1,0.9484781242147182
0,0.38177185597803637
0,0.0748528889609002
0,0.13526149524353373
1,0.7415050149599384
0,0.16293940424423378
0,0.14999768611914255
1,0.9269889029273303
0,0.11948816664571468
0,0.0012133673824355632
0,0.10474615537783633
1,0.9327106291686605
1,0.885751388697387
0,0.14846187377635356
0,0.23243267232511114
1,0.9799555571405542
1,0.6061846422261711
0,0.4185082419845213
0,0.01514486567404816
0,0.15902919142472252
0,0.12593285286369096
1,0.5684512590392693
1,0.9032412448862034
0,0.3455610597451777
0,0.07328654661782501
1,0.5230764511801376
0,0.16994858837247
0,0.16391107248617037
0,0.13459908250376104
1,0.5456874119550427
0,0.10068973242813938
1,0.6253184726548283
1,0.7151798165152016
1,0.5633515451869192
1,0.7465096721518105
0,0.42110508673220376
1,0.8656427086218553
1,0.9919434921545781
0,0.2288016283019956
1,0.7265683018131553
0,0.2687342493923815
1,0.859052403175632
1,0.9955812365416371
1,0.9892747354413326
1,0.9385191764427481
0,0.02820321371868441
0,0.1518955223551669
1,0.6944846312968127
1,0.6158503300200107
1,0.6479867181487691
0,0.053586058252663014
1,0.8335079083328746
0,0.026081030677969717
0,0.11339006843016905
1,0.9378405695325399
0,0.02190957405062674
0,0.29291996893763356
0,0.004008516398289599
0,0.09485481385477512
0,0.2523322546704669
1,0.7839191029516962
0,0.4611932757609415
1,0.8688303742939544
0,0.1417845446193592
0,0.08525623308102771
0,0.01911798984368546
1,0.5460481742336936
0,0.18270299218995636
0,0.15374627782615027
0,0.28017949891945737
0,0.06497681685967581
1,0.8983486388928702
0,0.021940134026598647
0,0.09502656458405209
0,0.42550080012966685
0,0.15020265678276415
1,0.5481164964458388
0,0.15776860450898
0,0.1838189555843575
0,0.3883759774144291
0,0.03409716646793896
0,0.12343309730284217
0,0.13552441022667033
1,0.6480187034967156
1,0.5822482395679547
1,0.7868938623536832
1,0.7013439792988267
0,0.43113904626814814
1,0.654534477278223
1,0.9769254584832997
0,0.0749066903366596
0,0.4045766242304879
1,0.9617404061296867
0,0.0614629110308842
0,0.47760063420412147
1,0.5886894689500137
0,0.18755241196081787
0,0.002504534057175314
0,0.022114416179345772
0,0.3059900180228151
0,0.4896513313801394
1,0.896619162161729
0,0.027791204915241723
0,0.057160728688675576
0,0.05475805288652484
0,0.10952804218070585
0,0.33396203427262794
0,0.20396655639941594
1,0.6719242579599363
0,0.20614760312779698
0,0.20412887485424205
0,0.00907338243545049
0,0.051161649615361404
0,0.4825999339426481
0,0.10655468447000034
0,0.025052893483371114
0,0.2090211850202496
1,0.9871722087982314
1,0.8264876316903175
0,0.16267183990100792
0,0.02895908247385406
0,0.27137207297327015
0,0.32455544191085983
0,0.0009713178088729777
0,0.18925059771679797
0,0.2728395303219394
0,0.12742683135031885
0,0.4738384961887645
0,0.007830013640673747
1,0.8151343713689939
1,0.6071651043746639
0,0.13893502533779037
0,5.9807316703962506e-05
0,0.26772096406852175
0,0.227278883596064
0,0.40832316765578075
0,0.05426912495986253
1,0.6668623801523723
0,0.06299411669505146
0,0.0066318308118545515
0,0.18652541977582474
1,0.7244779493272201
0,0.4406753875726331
0,0.1536769300771376
0,0.19389486077083648
1,0.6057949332015212
0,0.25792044510974665
1,0.9970039244038035
0,0.1379995813885786
0,0.1819518501346102
0,0.0037060447695627195
1,0.8527408381203275
0,0.2511614266534764
1,0.5089028828682073
1,0.585562995574346
1,0.7177090537317173
0,0.1650857291645527
0,0.4540741803739164
0,0.4912330928781481
0,0.271802169740912
0,0.07741851309701685
0,0.015581093952095434
0,0.3998405137312571
0,0.4079873795127261
1,0.7334408685103767
0,0.3022142349883119
1,0.516587167221838
0,0.053390603596744524
0,0.39246849264558026
1,0.5019054794696358
1,0.8395318843502698
1,0.5475737095186295
0,0.4179707849317929
1,0.9306128818858384
1,0.7840598162795814
0,0.28078863803484827
0,0.026683106227018177
0,0.30958576503944485
1,0.6200363796255101
0,0.36061070129257555
1,0.9031049177552019
0,0.38065902498267584
1,0.5774443176951589
1,0.5078923932379192
0,0.46892708638352026
1,0.5998719199969105
0,0.016670583055507903
0,0.3779133930392192
1,0.999864792349613
0,0.09590026078672804
0,0.0451117369739768
0,0.05710625291319408
0,0.27156531341745127
1,0.5812036022183193
0,0.10757871923280961
0,0.03013106968116953
0,0.18127272136812048
1,0.7803549908116906
1,0.6670844387896795
0,0.012582919215079702
1,0.8666800823567717
0,0.4738854859363732
0,0.08417118310033181
1,0.9915594205946401
0,0.015875551634354772
0,0.3955466789462169
0,0.12564257193211548
0,0.07017388697803435
1,0.7675496009622778
0,0.23910841195582852
1,0.9718977663539727
0,0.0022436961815606353
0,0.062452108468416076
0,0.22732669039749445
0,0.01527643849748936
0,0.09569600191503572
1,0.6351799848826762
0,0.3604936039831882
1,0.5094266936050312
1,0.5591172665137248
0,0.12707568325255386
0,0.013354981970647542
1,0.7724509442811074
0,0.3164130822319084
1,0.7994251338989233
0,0.43617431523456485
0,0.4608186564016989
0,0.43202538291148534
1,0.7463958510987566
0,0.14534007462538837
0,0.24792329868417173
0,0.2783132416797724
1,0.7253261967016038
0,0.1200835320126396
0,0.014800168311409647
0,0.008749929311798098
0,0.08265662609017686
1,0.9345921149030539
0,0.06761287576206397
0,0.2323340577718217
0,0.24917104673513482
1,0.9621373425984097
1,0.9282405102834531
1,0.9737923225128992
0,0.10109476716448232
1,0.5604401145424667
0,0.06872388558288532
1,0.9383200691460672
0,0.09522176579945742
0,0.34221895073267194
0,0.042811397327404625
0,0.3510431181455504
1,0.8713771284265818
1,0.6164965058225894
0,0.3090291154026643
0,0.2634954178966786
0,0.36627766587587524
1,0.9105307749126931
0,0.05105768771353023
0,0.0737937668949528
0,0.4012085439063093
1,0.5636320952358435
0,0.18089088674214115
0,0.314240716079396
1,0.9626938397713489
0,0.11973800197097009
0,0.04345953170624541
0,0.3256111742546013
0,0.45881829495433624
0,0.02651161017100729
0,0.05678788955574006
0,0.12132373603707443
0,0.07201295614926932
0,0.09941203103549195
1,0.874075982031468
0,0.1656957206692663
0,0.06322241646665056
1,0.7927786336373659
0,0.4643506648621936
0,0.018145663704353766
0,0.4111477350345704
0,0.48661647060166185
0,0.44609483189292587
0,0.08218996854787153
0,0.11769745989753719
0,0.2935411079280489
0,0.3978102714533211
0,0.14341453792929126
0,0.08629949647079829
1,0.6258589749123562
0,0.3740495523936536
1,0.9999938335714152
0,0.07556113264178395
0,0.07579168252522289
0,0.3451038403768823
0,0.12685421210711648
1,0.8651194805586082
0,0.30047223262697104
0,0.1536072088089594
0,0.031528540723369136
1,0.8005361636361177
1,0.7929422869966017
0,0.07724485425962914
1,0.7964290152212161
1,0.8951579779322287
0,0.4285403091980959
0,0.08283208229655928
0,0.06341918131877597
0,0.32951930412048436
0,0.05641714547246402
0,0.055944814400132596
0,0.23562068027217917
1,0.7782746687078328
0,0.10431961801521787
1,0.9844872666621122
0,0.009715299384520088
1,0.6489476131658741
0,0.053442911219228215
0,0.1391130301426371
0,0.17565857692694337
0,0.19730492019169082
1,0.5227705053855349
0,0.24442447503162334
0,0.18611785904806807
0,0.06511002195461704
1,0.7280435124394545
0,0.07382033945376994
0,0.022162164599339007
0,0.11349310243656448
0,0.030498482316838393
0,0.3775827156922627
0,0.3855895249997166
0,0.01867956974487825
0,0.19686367203119778
1,0.9652782858952932
1,0.5478628634570659
0,0.1777559617048882
0,0.050215417115154155
0,0.2307494469893064
0,0.1432723075417953
0,0.23779648265975245
0,0.2358016341130098
1,0.9755672704040819
1,0.581793528619057
0,0.04504477122990369
1,0.9690793696887279
0,0.012509375924115199
0,0.02699460769250844
0,0.27498455025637747
0,0.003620797368759065
0,0.3657809925145789
0,0.08641528572577115
0,0.06119360185824234
0,0.19069294480096463
0,0.3300389295621729
0,0.07583426371314571
0,0.011887233883196322
0,0.05197315793445282
1,0.9815942868651477
0,0.09605493184169582
0,0.2899193611679819
1,0.9956351689022599
1,0.9963934367988105
0,0.3160206142608222
0,0.14159073395305272
0,0.32448865402557825
1,0.9509221435534997
1,0.9308656698625462
0,0.20604173521742053
1,0.9134939416670544
0,0.3489284091385598
0,0.3146006277741954
1,0.6294321516659206
0,0.1683834540328921
0,0.026817820169413597
0,0.31326367745014333
1,0.6827061351004711
0,0.11188324729884899
0,0.39307732098721015
0,0.22067937000782248
0,0.0006603295148588328
0,0.06999759929403045
0,0.0663732828365805
1,0.8894005558966682
1,0.5005201373863359
0,0.4417815291333798
1,0.8256865638076732
0,0.021504181598565715
1,0.8299804948683435
1,0.6953263036790666
0,0.45488766934424196
0,0.010073136437063437
1,0.5036020094449235
0,0.1618855542243673
1,0.7518516841805393
0,0.07446422141633413
0,0.12247048896862893
0,0.4883307861675515
0,0.08552785426608384
1,0.6035909970063513
0,0.14809322767819438
0,0.1794191993847586
0,0.28622328126038205
0,0.020558666952774092
1,0.9174064355423429
1,0.7894274878668046
0,0.26659521751538173
1,0.9448230272872389
0,0.08926059244841367
0,0.018852664636738993
0,0.23866823000625031
1,0.8192476071175684
0,0.04755755139890297
0,0.14333880067017962
0,0.0026652539868517898
1,0.8120599074522395
1,0.6395014538594225
0,0.12617560386475382
0,0.05510861843292019
0,0.10220123031572902
0,0.07012675835673358
0,0.0021552866689660242
0,0.08385152612704698
1,0.9398379651107642
0,0.12578675950973991
0,0.31395112774803374
0,0.3910422540648533
0,0.21166488245419085
1,0.8549882521709845
1,0.9393415479132643
1,0.9703009721213421
1,0.9964954463441971
1,0.9719766151381419
0,0.34188659553547074
0,0.08469572138249318
1,0.9727974779283703
1,0.7451859332763124
0,0.007659498475534216
0,0.1021219904815576
0,0.42640972085166934
0,0.132286648914918
0,0.2952554384083154
0,0.22545198473372782
0,0.17582670382554588
0,0.47576778169383666
0,0.032120857789547784
0,0.2235836484192593
0,0.25309452760475437
0,0.15241257200343616
1,0.8037037450904421
1,0.7985735030559017
0,0.15325952192097894
0,0.33151944520871407
0,0.11173895755279245
0,0.20071178871330173
1,0.9763064823918326
0,0.2906894262433178
1,0.8618415784848568
1,0.8094903505874633
1,0.6542138270549186
0,0.20447847266443403
1,0.9037857363813329
0,0.1542444285495874
1,0.8149493195319405
0,0.19349736314857813
0,0.0006715784796413459
0,0.43434411587214006
0,0.18956833368703244
1,0.8829962732753476
0,0.46610581855759087
0,0.1128201347697743
0,0.16803833686834888
0,0.09160787699380907
0,0.31666707954772083
1,0.6405892800513359
0,0.1778536453036883
0,0.0034515005601677123
0,0.1128435568382159
0,0.02884548126208157
1,0.6367102022775775
0,0.26696284315725927
0,0.08461995067196401
0,0.2521393925419691
0,0.08099194908352281
1,0.8930580210623881
0,0.26617022561631226
1,0.9796081681984244
0,0.2499830039047514
0,0.03237252976922285
0,0.43927779309764103
0,0.2170164092354035
0,0.24124459306254378
0,0.31335416758908835
1,0.9872349403272836
0,0.2403801554224255
0,0.2273514314677953
0,0.13992542655717494
0,0.05255176268804928
1,0.6066625939774035
1,0.5497703331913049
0,0.3373765555673284
0,0.13840622584738502
0,0.3904411838425051
0,0.03313679092093099
1,0.7155385872612893
0,0.4619213146834866
0,0.04302064249309293
0,0.0014155166414653866
0,0.4241275185922653
0,0.398079462797788
0,0.29837310316271665
1,0.9566942834139195
0,0.018615175327506926
0,0.2320215977853585
0,0.19691605610594376
0,0.11106941627576726
0,0.1694424939854632
0,0.032629033691615426
0,0.08214521754467573
1,0.5158251193985667
1,0.807615906390475
1,0.8799123267219444
0,0.07278472521787822
1,0.8802988214891717
0,0.0007606328569952407
1,0.5658478547455676
0,0.4892681472690912
0,0.0823319232346824
0,0.14796287594388466
0,0.02316716831553886
0,0.06410414847319285
1,0.7686426063104632
0,0.3812315980331428
1,0.7367399490536787
1,0.5142714954804244
1,0.9507432864816567
0,0.3559556980914811
0,0.046412335437234546
0,0.05663576768758847
0,0.122700650929304
1,0.5185154962990326
1,0.6026050005126078
0,0.33261846722188027
0,0.19079920386843935
0,0.0513515983099174
0,0.13416897862436766
0,0.1340986068337436
0,0.3916987778117472
1,0.7601440297367381
0,0.0641779493671293
0,0.15175998453471046
1,0.5654012416313925
0,0.00038626182224789764
0,0.3600658496353774
1,0.8993364760847921
0,0.4224115586921695
0,0.24674120996967439
1,0.5191260902503189
1,0.7166490359838514
0,0.18902962771270437
0,0.32167531298898705
1,0.593615782966959
0,0.4926008504539056
1,0.9033585874441927
0,0.21924281604577509
0,0.15854990909871436
0,0.43291809909691176
0,0.051120172788111796
1,0.9231166033293782
0,0.008657058710500766
0,0.16793543824579535
1,0.8896483221078456
1,0.9786035039496908
0,0.012169718932686152
0,0.16584294811815356
0,0.058088814195864966
0,0.15906259531996828
1,0.9335447865070785
0,0.13140099869067207
1,0.990025430297667
0,0.12517461890501777
0,0.33276566197151836
0,0.1840679793543998
1,0.638863941768282
0,0.019471265771384718
1,0.5123260381260021
1,0.7844817367421245
1,0.5745224248570834
0,0.07538695738309859
1,0.5114986669080138
1,0.9950924058020241
1,0.8506297896740502
0,0.19998961131600748
0,0.4556734962910399
0,0.10715737973018442
0,0.3059872621418579
0,0.4335593519372449
0,0.04850401524231471
0,0.0004926466375072601
0,0.19227915882331903
0,0.04089502380619745
0,0.27842514212750136
0,0.0005734401863815925
0,0.10208927410256016
0,0.26319222233311496
1,0.9862351053451471
0,0.16243855088493114
0,0.038119290622957394
0,0.10510123724620393
0,0.020900875045871223
1,0.988394379248778
0,0.05251653528501668
0,0.1737503389325288
0,0.38300198588020506
0,0.03499633463921504
0,0.09027280529373638
1,0.9999730495003123
1,0.610052666822081
1,0.5535606720262914
1,0.686680208377015
0,0.17279178133610604
1,0.9964449724005467
0,0.1758507481307213
1,0.7294052137425573
0,0.29807044527417287
0,0.07060341332932119
1,0.5255946465088173
0,0.22476453785021885
1,0.5480176956204322
0,0.010662156364645004
0,0.32641063372410717
0,0.2141775039275065
0,0.1765202003354363
0,0.034726914716304264
0,0.0021497139586702137
1,0.8002514974026899
0,0.029366472300380822
1,0.5956484009914714
1,0.946989416253876
1,0.5188584146796302
1,0.846184904903758
0,0.32471266582612246
1,0.9252547700661258
0,0.023805775196007805
0,0.23159277322546076
0,0.025186658980950984
0,0.4409373666923872
0,0.054878923551526626
1,0.6658511035403168
1,0.92252620416968
1,0.9324544612740595
0,0.08309447955713993
0,0.07261438927615899
0,0.05921475404380713
0,0.35439087660738794
0,0.3275648613750513
0,0.221378663498997
0,0.3179352307973944
0,0.2673394366618688
0,0.476415803329277
0,0.09838316113156406
1,0.6686948928294437
0,0.00877967579343363
0,0.01624721818061154
0,0.23888893672143838
1,0.9660544465465698
1,0.8271962319589107
1,0.9425486865227811
0,0.28451823360025574
0,0.07307883291980038
0,0.024421695635318746
0,0.26939375640861757
1,0.5725120227964144
1,0.6308191797624727
0,0.4123797923895842
1,0.6876435565260601
0,0.1407365207007152
0,0.05405207740921033
1,0.7149991705571043
1,0.6674670613573749
0,0.2703074491790427
0,0.3181388276440359
0,0.24052110850384714
0,0.020288257607459045
0,0.0774453202414803
0,0.20220729914837357
0,0.013667021674518765
0,0.09052009407988136
0,0.360279477527976
0,0.033074289294788395
0,0.3347639129127848
0,0.05151595448398128
0,0.40486622530730626
0,0.17134244410329733
0,0.03347935515139732
0,0.028446675839228452
0,0.3456310000201994
1,0.8922891764197716
1,0.8905974922223455
0,0.3984952344155382
1,0.9013542658383681
1,0.7445884300680309
0,0.156956923814793
0,0.20483858410857092
0,0.46501254262874037
0,0.3436715823593433
1,0.8726660409052472
1,0.6411862873821783
0,0.22842133577511725
0,0.040139852954598015
0,0.03661830103456073
1,0.5122848134794967
0,0.35004186613866833
0,0.16834945343670946
0,0.11996278797104519
0,0.002131147219974185
1,0.9291832152705817
0,0.37876595924160755
0,0.3833471665731695
0,0.4153838247599623
0,0.43820652467321125
0,0.00834793345258961
0,0.13399217183206238
0,0.28189605429309184
1,0.6150568703880546
1,0.6272520818459002
0,0.4946643740698335
1,0.6997076347108238
0,0.09375768309560098
1,0.8917564078894876
1,0.602332939388206
0,0.16786698677782114
1,0.8923106211362514
1,0.8471745894777676
1,0.8663506592342232
1,0.6826132419111607
0,0.12437940763865264
0,0.15414406751208032
0,0.31576159804965687
0,0.4015783225650985
0,0.17520753794293303
0,0.0061045288518567255
1,0.9614683368129487
1,0.9622803544666974
1,0.8685806214666854
0,0.25357637903212543
1,0.8219202384563647
1,0.6120339079555115
1,0.7564566961523923
0,0.2507945875560276
0,0.02504919206930248
1,0.6391833216572833
1,0.5831546816839736
1,0.9917202620360938
0,0.11020938577374112
1,0.6250896138558569
1,0.8391309090929207
1,0.5388097787676321
1,0.7201834879454188
0,0.43498765559854385
0,0.04404253357406837
0,0.48850901103009103
0,0.05712335179130916
1,0.5548594689119696
0,0.20355721497084778
1,0.7864181623849805
0,0.4187175528581355
1,0.6380827918047965
0,0.09181440915314103
0,0.09781444603737155
0,0.023045669007930647
1,0.9189830040041647
0,0.0956493260941296
1,0.6999640170828179
0,0.0484695156714201
0,0.22580607660868662
1,0.8371917082762709
0,0.0047651129062527345
0,0.006033275731949653
0,0.3114078325045977
0,0.030769135053822953
0,0.38486446813128267
1,0.5754861501731992
0,0.006524962307253618
0,0.0790179101356159
1,0.9988632350426364
1,0.7763743903287437
0,0.02397403708220012
0,0.21557155874445308
0,0.3341610970283956
1,0.7147389038250924
1,0.5935476654709151
0,0.1193923314180213
0,0.004125584003174415
0,0.23577429692381166
1,0.9256887963704729
0,0.08860591833973427
0,0.05926395990327583
0,0.08891714023382756
0,0.25774266632807846
0,0.46354843008076735
1,0.9237068010286087
0,0.10312882722236659
0,0.16159519407606124
1,0.9083847149279604
0,0.19332594716091608
0,0.3595500604442273
0,0.2820090066281351
1,0.7633823367186521
0,0.44394715589846234
0,0.06598595875624029
0,0.17660452700464005
0,0.38308103841968016
1,0.8125177719477401
1,0.7400372017878872
0,0.11619980577024762
0,0.10441942876549057
0,0.014041586177402391
0,0.3940478441875225
0,0.03280118553519035
0,0.23823813503112803
1,0.7998045506091521
0,0.0443278762706369
1,0.8804038187217579
0,0.004239886307010469
0,0.43329819230244937
0,0.016862400246328336
1,0.9045132390038482
0,0.13648077440942777
1,0.6100480394905065
0,0.1047962464764584
1,0.7891054701932365
1,0.630752100063572
1,0.5028531450052418
1,0.5104112183662214
0,0.03086458342606734
1,0.7451554365500298
0,0.011386664747947268
1,0.9579052176412853
0,0.04283546184929379
0,0.09286029167120942
1,0.9327198404433726
0,0.14765152607508678
1,0.8468641330068144
0,0.3960600263600411
0,0.10701163112708158
1,0.6935520280514246
1,0.6228029409593137
0,0.38838725904342525
0,0.09571707569811413
0,0.08765648108058591
0,0.08852724851132827
0,0.31228001962965685
0,0.2400556104258119
0,0.054527722975986063
1,0.9031347384948485
0,0.34867486928184965
0,0.18405600491390806
0,0.3047832714950318
1,0.5023672881522824
0,0.27947558243878706
0,0.3089666335688147
1,0.9131671603644044
0,0.10129110511076228
0,0.49656445655703835
1,0.5912560329894686
1,0.9979441868293075
1,0.8796003313271449
0,0.34417848511955534
0,0.16933311877930163
0,0.050877639356908144
0,0.28118947113388837
0,0.3958187949031165
0,0.08977814681429117
1,0.7702429629356432
0,0.12774412433113
0,0.29691930090343943
0,0.2898191916421715
0,0.3630053632478109
1,0.7332786222845562
0,0.007483701450133735
0,0.07767140982157741
1,0.5643165472407125
0,0.27117933547261097
0,0.10681874537975218
0,0.016311144527587106
0,0.1385201698054079
0,0.3591752791023863
0,0.015045947203455114
0,0.047393672577714714
0,0.338806432606473
0,0.2462164615724977
1,0.9769252535216464
0,0.003507483328371494
1,0.9828804668298649
1,0.6058406859213425
0,0.14884236819317076
1,0.6044606369799825
0,0.038634977687582665
0,0.18135896210089097
0,0.01181580868031799
0,0.01601417710858866
1,0.9983485043164797
1,0.8806220429708013
0,0.46029291328305816
0,0.3933763691659175
0,0.05113657967959401
0,0.39081844908250596
0,0.1366871456074471
0,0.24254521449006441
0,0.18316370819780553
0,0.3834834683607161
0,0.21718403599117186
0,0.017380172265813267
0,0.26018423864802215
1,0.5392912561359585
0,0.21002451913671402
0,0.0276554029075621
0,0.07591139300104537
1,0.67979921520106
0,0.3976639388199313
0,0.08978598968017501
0,0.43012260388832785
0,0.19383677283892714
1,0.8190730962423911
1,0.9039197616313482
1,0.9740648355101297
0,0.05064623938003964
0,0.42218764788000746
0,0.106022653394019
1,0.701490463049944
1,0.7382658411788813
0,0.4484786591605784
0,0.16080135972119575
0,0.4441138597169667
0,0.44380415238875415
0,0.06344378803413628
0,0.097971986356955
0,0.23927911614879369
0,0.41763562152386563
0,0.035666011499282974
0,0.3626515527207402
0,0.14314688151366187
0,0.43264301574788017
0,0.16202045717452715
0,0.03913506826247149
0,0.3959317476293418
1,0.5543299390935442
1,0.6270514867723664
0,0.19911690786819258
1,0.6533825793766358
0,0.269957597631961
1,0.7348364270597169
0,0.04076899149334541
0,0.328739489152034
1,0.9382155476155073
0,0.12505773722040872
0,0.06019995822542836
0,0.007358574760664252
0,0.45167661379818963
0,0.14766345457312274
1,0.6913280405094835
0,0.12294882550910115
0,0.10107291365761799
0,0.18712603481318812
1,0.7938911335771165
0,0.17139071972498693
1,0.5987910140837069
1,0.616573376833896
0,0.017541396433675454
0,0.44226056052421014
1,0.9733033823270357
0,0.3493201570493527
1,0.9288020659579944
0,0.07387386138586116
0,0.08805249297011962
1,0.7724204659857479
0,0.42488918767445955
0,0.28382975599331467
0,0.04646365712434254
0,0.00722411870942918
0,0.32302706933069586
0,0.28333382786910977
1,0.5601676590261834
1,0.8039626377154703
1,0.6527446722279447
0,0.11228826488408006
1,0.9210981421674765
1,0.607732730804968
0,0.22338845690872533
0,0.25642897492187894
0,0.35279240770303
0,0.3346319190353258
0,0.009370163340468942
0,0.2805827811728467
0,0.11125685395824966
0,0.0336348004230469
0,0.4067733158051286
0,0.1403605364407862
1,0.9845462500720878
1,0.9942164430132823
0,0.04839024247452323
0,0.3948999528160879
0,0.28778034083547677
0,0.435458995508785
1,0.8475924827772126
1,0.7171696851976165
1,0.9467725010367851
1,0.5177309425215485
0,0.04418190069689235
0,0.4824779186570815
1,0.6953302850038593
0,0.08161999516358663
0,0.08541224397097606
0,0.013252071383938692
0,0.09815323923141125
0,0.1267587784471465
1,0.5070650364430468
0,0.10716758721902908
0,0.37524455001339446
1,0.5002210149434996
0,0.46746775562983345
0,0.00471537402644343
1,0.5117856919263211
1,0.7023021747441434
0,0.36048631299275025
1,0.8563680302231139
0,0.027649824030095495
0,0.024343538037302003
1,0.6759443299498249
0,0.03978783546783262
0,0.4522846846162052
0,0.1205586469354624
1,0.6976582677894726
0,0.15832817611345987
0,0.48771792437728845
0,0.02551471886835257
0,0.20129353722614335
0,0.1867619392318323
0,0.37380906321538726
0,0.185229468558562
1,0.9665059077132198
1,0.7162608123945993
1,0.9697315723662872
0,0.12892460579955975
1,0.9636921154772382
0,0.01983581143401025
0,0.2494867590558549
0,0.03344971871277909
0,0.36904225344500863
1,0.8169542473848025
1,0.5145485984906255
1,0.7089584828370428
1,0.9825112089381164
0,0.050645553317842484
0,0.03748959151416662
0,0.46011908299463367
1,0.7855363686498895
0,0.06836409758462032
0,0.1587774008688827
0,0.20238632369603593
1,0.5899713815739406
0,0.009890273725460554
0,0.11053227180992684
0,0.09851443690867213
0,0.03468161279625531
1,0.9472317774757937
0,0.43300299483443383
1,0.6334666001334014
0,0.2406867499128862
0,0.2658031717437033
0,0.0758287608076185
0,0.05081440367344566
0,0.4495170606606217
1,0.675958664017438
0,0.4780215286033516
0,0.4112667661820154
1,0.5841122629850992
0,0.16525055469023317
1,0.6818557550853048
0,0.43869315337286396
1,0.9132682300970643
0,0.1614392441256178
1,0.5014459301582809
0,0.004768091340646647
0,0.3309602087595574
0,0.01949805853782095
0,0.03493672969449426
0,0.15423103590001275
0,0.04814706486509327
1,0.9917361733813421
0,0.44011496810709483
0,0.13834181930327666
0,0.42239881739227986
0,0.3130428357917205
0,0.215196515994536
0,0.37011811434549047
0,0.056156295645738624
0,0.4845584766427685
0,0.17112983305898
0,0.32533622950299906
0,0.3934491053048538
0,0.21728423094835764
1,0.9516517291657278
0,0.46864537367315384
1,0.5200713852362868
1,0.5434480011909876
0,0.11591797038203384
0,0.3813336756510147
0,0.37393221588522124
0,0.07374464198191567
0,0.07380786207849688
0,0.45624323741234923
0,0.23867720045213695
0,0.15279175738841783
0,0.12705419028456824
0,0.3220551595655983
0,0.22321969489894114
0,0.2310797412789657
0,0.3469124544770278
0,0.00272079206272233
0,0.25677040461979783
0,0.4935029055215282
0,0.4406200410166039
0,0.3761449051351484
1,0.8795102229133193
1,0.5031718298852131
1,0.9674578266736326
0,0.21500847482654625
0,0.27468867658304275
0,0.30601575292254524
1,0.6513740668367775
0,0.29553312822884975
1,0.720937765137478
0,0.09019481254984706
0,0.02904363939156505
0,0.11312826656428399
0,0.2090091334127193
1,0.9713961831423985
1,0.7059100870905145
0,0.3237414374540845
0,0.2507619325056486
0,0.14646821666801776
1,0.6822358863790176
1,0.9814084124626892
0,0.2072116371526531
0,0.3650599886138315
0,0.0020110277556854446
0,0.20251735115005678
1,0.7848517106846331
0,0.05052330961000104
0,0.13859804685085841
1,0.7457970829852493
0,0.4289168570822336
1,0.8047396708404296
0,0.04426996411904021
0,0.17228874423005927
0,0.14685053613939186
0,0.07805211175809783
0,0.29885541051691916
0,0.04916395132652512
0,0.3314681349999694
0,0.2946405045880849
1,0.7671126610460784
0,0.013216662856394844
0,0.4132695273353035
1,0.6991349908674765
1,0.9001430827305796
0,0.418908077525643
0,0.07799592084738687
1,0.601817096473007
0,0.0699760304922774
0,0.023939984550073946
0,0.4202106481615735
0,0.17102184153051497
0,0.4445394578288249
0,0.14651823252274504
1,0.8019606389052621
0,0.37844297115985814
0,0.30446312418721644
0,0.4925885767379828
0,0.330506442271229
1,0.8005853815981047
0,0.11038246997709333
0,0.1474865686504517
0,0.48783842329830357
1,0.51246622211764
0,0.08177629293543155
0,0.005666122289974733
0,0.2752406365827789
0,0.24270296316638373
0,0.3328277921606356
1,0.9375107046469784
1,0.9644026467936094
1,0.9948909577808471
1,0.5575265135700902
0,0.14635441581648873
0,0.11142376103657226
1,0.7322896250442003
0,0.15986008465737914
1,0.935933563706288
0,0.2528927628664893
0,0.34468216347956465
1,0.8733080797864547
0,0.10585302275788219
1,0.9651779635692974
0,0.08186655038399099
1,0.8042030429609278
1,0.9947182250586646
0,0.469958143625926
0,0.18441174533740887
1,0.9396401626522586
1,0.8955454267363743
0,0.3739707638613053
0,0.2406959037720643
0,0.34464282092285486
0,0.01650975948423788
0,0.38160161856523606
1,0.9921644155494306
0,0.4334431984190021
0,0.03126179477265965
1,0.7050580611812051
0,0.12432324590470849
1,0.5077560146274651
0,0.48046485383416626
1,0.6971309743253359
0,0.060799828182171126
0,0.4219103713385983
1,0.8066137850206437
0,0.0051222061973359425
1,0.7189941840646052
0,0.37866994169121176
0,0.39891321622565745
0,0.38130647572349846
0,0.47953963012581613
1,0.5011770801197302
0,0.13055376714888456
0,0.09401526254924786
0,0.012234391543406626
0,0.009558045022683332
0,0.019107885430690537
0,0.004830953618539243
0,0.46224324570056774
0,0.0238135350202282
0,0.10029761119289295
1,0.943338908552968
1,0.9477715887963467
0,0.08178459750281304
1,0.6696803172711777
0,0.007859678809715602
0,0.42179388463512824
1,0.8909547212662928
1,0.5604631702764077
1,0.821876810925964
0,0.028727910407643855
0,0.09153442472408119
1,0.5893523391384223
0,0.13966246124892684
0,0.46864969675572893
1,0.9930946107601979
0,0.07572460792899899
1,0.6739225422789217
0,0.06379839741408094
0,0.1892761114132556
1,0.5695838069100907
0,0.09594114644359976
1,0.830353424301934
1,0.9982599438855235
0,0.053795080414553824
1,0.7342359982655444
1,0.9542073570474203
0,0.11156079634051594
0,0.48481235769142844
1,0.8537966013789465
0,0.00017123729572794747
0,0.11685956025343774
1,0.7340900594531932
0,0.03985832768793679
1,0.9482157310482896
1,0.757171643349741
0,0.33438721941165567
0,0.1270515476615613
0,0.01653184132689263
1,0.9935090363208743
0,0.05954430129390745
0,0.22506124501288113
1,0.9617358625693484
0,0.05899021852209184
0,0.07543705497078773
0,0.014304611340755063
0,0.45550915289903865
1,0.9074321740992949
0,0.03161535357471741
1,0.5072075362950563
0,0.08539431842503623
1,0.9613980358454476
0,0.19800520986136458
1,0.669696003716481
0,0.1458004176464132
0,0.4566729165369035
0,0.031799357413958694
0,0.05295864914003172
0,0.1990365205045966
0,0.04638108141246515
1,0.5400170659097638
0,0.06386107680583683
0,0.2945588788857773
0,0.13759219594744537
0,0.14203375856801603
1,0.7528452507249105
1,0.5543587482545743
0,0.26728283017878607
1,0.7105050205703692
0,0.22305583904953194
0,0.24124139631792751
1,0.7161305701861292
0,0.4489889439387678
1,0.6390275288335845
1,0.702084493384338
0,0.05634538463676174
0,0.24898378112549316
1,0.7342682598180649
0,0.013729546658100653
1,0.7616213910330994
0,0.40100845896186443
1,0.7214039956926905
1,0.9561040929380267
0,0.022088579650107534
0,0.009307510539655972
0,0.4149986604972193
0,0.2788810809873304
0,0.02484365191222916
0,0.08924509366781484
0,0.46342545983787087
1,0.834529419761253
1,0.9391238573453777
1,0.8302223140576339
0,0.10213555307178847
1,0.5445932014525002
1,0.6503620081614938
0,0.12571569319412113
1,0.5611381184019121
1,0.896847891971561
0,0.0006180817786213396
1,0.5037955522374634
0,0.08939258268730857
0,0.4736737507326775
1,0.5222114430515121
1,0.5125193611901517
0,0.1565738135176987
1,0.6606141387368547
0,0.2734946922951833
0,0.0715699036483016
0,0.1738783344405435
1,0.7158648348604268
1,0.598216847104993
0,0.018959322757526355
1,0.9297663377368941
1,0.5727073867215433
1,0.6578044268274581
1,0.7487829374014605
1,0.963966262379198
0,0.0004709362027530194
0,0.35001601017904094
0,0.07988870919522337
1,0.8981283579997458
1,0.5644112943995967
1,0.54644276501816
0,0.4435518551386039
0,0.14589695193333774
0,0.07842500241145522
0,0.44704345820131913
0,0.0013557275746309797
0,0.4267846124112638
0,0.036063261244446414
1,0.8645271022904614
0,0.11901975841663742
0,0.06080675009281276
0,0.10857716473132083
0,0.024296103358581872
0,0.25104053088384976
1,0.9742573665080557
0,0.3040755773001553
1,0.588092405977967
1,0.9224330750094587
0,0.14329960616006954
0,0.01362372762463454
0,0.058422721346712544
0,0.05824508889929896
0,0.13566011341639508
0,0.21144288635938807
0,0.030955176540941414
0,0.1808123965867529
0,0.44405048210928305
1,0.9420388957796489
0,0.4897033556857487
0,0.35195631291510165
0,0.1541126736087095
0,0.1928389612681942
0,0.30866488752703886
0,0.1726304656223557
0,0.05964439002187714
1,0.902921019159794
1,0.8539392117049146
0,0.26338778148507835
1,0.9221036766745673
0,0.2977008899423138
0,0.23380432540469723
1,0.6044554106900332
0,0.06563416565253892
0,0.07131264916085812
1,0.7395363888796406
0,0.15191945925037403
1,0.747346161208702
1,0.6771497843354418
0,0.003580633595980305
1,0.9930293845800475
0,0.40056660892799684
1,0.8068707048591012
0,0.403873897974924
0,0.274868486396156
0,0.36691775137590227
1,0.6976451465785666
1,0.7008538620303556
0,0.36133837230176236
0,0.2938174344906433
0,0.16290252566231359
0,0.3798459324715412
1,0.6961016456793243
1,0.7956002655268075
0,0.337103351243514
0,0.07631282290160832
0,0.07781269558979267
0,0.3414208918596131
0,0.044607666379826695
0,0.21088107828296518
1,0.5246913470149327
0,0.18817035061899912
0,0.10909580321536627
0,0.09513547614068002
1,0.5171883292474008
0,0.08732160521002347
0,0.16857596174444012
1,0.9374017758542394
0,0.18483105876971878
0,0.033307162071067174
0,0.2687618192580443
1,0.6646211975518552
0,0.34551941696783905
0,0.3940950162723791
1,0.7859808732358731
1,0.842050960654605
0,0.08463027211658639
0,0.2811457971989202
0,0.23782154654316318
0,0.11424812933596984
0,0.03819570852297533
0,0.020136989457011378
0,0.07130723598613017
0,0.1035417615605204
0,0.02091218767515269
1,0.6511682488569877
1,0.8904423706522008
0,0.168528142583413
0,0.360888281659815
0,0.0037105804985100373
1,0.8301568452773819
1,0.9885919618574591
1,0.7139488604528208
1,0.5129157869007045
1,0.6011547813440413
1,0.8099099215980092
0,0.21547361198548473
0,0.005502663245369338
0,0.25334850051307534
0,0.10121085215521416
0,0.3245452323541545
0,0.26728101066487614
0,0.2858684615510134
0,0.0231137916424336
0,0.15491536271503345
0,0.1580212893704519
1,0.9855231278684528
0,0.021580535058776832
0,0.18516169328182858
0,0.4543829019339479
1,0.7085400015770068
0,0.13210488884080718
1,0.6243921277766411
0,0.26787105960314583
0,0.12942398114245318
1,0.9900731978244001
0,0.06519986104524807
0,0.04584979930669764
0,0.39981923304936534
0,0.01839828209061968
0,0.0074680386450535555
1,0.9194000757780083
0,0.19754554429062182
0,0.02858771357016556
0,0.26191575963362623
1,0.8544448189190954
1,0.5017831985911896
0,0.28844520373269283
0,0.44258349867137264
0,0.408505509565871
0,0.06614635403459769
0,0.2328032653886935
0,0.3751495524391434
0,0.3215261537594754
1,0.5134881035901916
0,0.13756027447177147
0,0.003664792026614184
1,0.8530830939710324
1,0.974353098788554
0,0.005089671901751211
1,0.8040295297823551
0,0.23468090175347395
0,0.11638022054896921
1,0.7080842803876888
1,0.6043210775931647
0,0.23858406603508292
1,0.6858318912049896
1,0.7740557735605211
1,0.976393790392654
0,0.2515790821831667
0,0.0019454134785224166
0,0.02164799468296103
0,0.06116991619916082
1,0.7771821754057077
0,0.06484403556477002
1,0.5212882090917902
1,0.9539474941304811
0,0.3817867850217734
0,0.23024040415445207
1,0.5310343361818083
0,0.10546220133949355
1,0.5532208322271024
1,0.607515058900186
0,0.28514707394458044
0,0.13984755808221866
0,0.01795827164476996
0,0.20899715091778218
1,0.5063186071087079
1,0.8448725992958513
0,0.03075211903293368
1,0.9763127960043245
0,0.3033432732809463
0,0.26458132390137257
0,0.15911427054435004
0,0.18733639229487759
0,0.045243460389336014
0,0.027526080956755048
0,0.03137708856103122
0,0.14772504089834274
0,0.021693314870769403
0,0.3929861050975586
0,0.1514366768907736
1,0.7137941981557383
0,0.10996979159238028
0,0.18315866283030263
0,0.42085764181769975
0,0.12010488484970963
0,0.0718698214958885
0,0.18963132151094547
0,0.1639489358045617
0,0.034459953543802296
0,0.010585923942034238
0,0.20483390288070533
0,0.03144516676999964
0,0.017460604948848817
0,0.011808534822116568
0,0.12193765413276944
0,0.08567095165810781
0,0.2623688151480639
0,0.34057816216421877
0,0.4141004669490882
1,0.5274710518191433
1,0.6564813421309655
0,0.07382366561945637
1,0.894429356128552
0,0.11894586489024543
0,0.16179352547895967
1,0.8188741988636404
0,0.19404973655159444
1,0.822291066969404
1,0.6406553586438885
1,0.7283535318618771
0,0.10424697047174507
0,0.12117801060793965
0,0.3008046458044796
0,0.3093076095985904
1,0.8085774928508492
0,0.0019768560771666415
1,0.6352779592354029
0,0.21276195741883291
1,0.611488328596743
1,0.9299787576237054
0,0.171510094785895
1,0.9215488200521632
0,0.11003228159093623
0,0.1013691907100183
0,0.4469411926949094
0,0.1663559077198527
0,0.4289447094927738
0,0.0583702888186757
1,0.5939675323830853
0,0.37735556966274747
0,0.1497105528500862
1,0.9984515844264535
0,0.010796851321696874
0,0.28543030189747476
0,0.17770858872185327
0,0.30041477105684167
0,0.08719625240123001
0,0.029212465721962805
0,0.037043320948090014
0,0.13154886974012386
0,0.3385738527797648
0,0.0775331539127661
0,0.05287875189758139
0,0.14563829284656216
0,0.018768732128833867
0,0.17150719631719819
0,0.0009950611475134765
1,0.7036676706333903
0,0.1894742131316726
1,0.9274745546855607
0,0.11207660721440661
0,0.15582362380646828
1,0.7007564679245761
0,0.01005149939890615
0,0.017266875801228522
0,0.02334539828452318
1,0.9715293376339987
0,0.15604259622510125
0,0.44575989277633443
0,0.00973090700286372
1,0.7707731526191223
0,0.2579663680639149
1,0.6498229432777797
0,0.1795825232895526
0,0.4002152808648107
0,0.21819010513602322
0,0.3189940540091882
0,0.3423426468212852
0,0.29845042515928155
0,0.2503597130715338
0,0.09425011072210272
1,0.8166177306922101
0,0.049108236207115546
0,0.2636406395272152
0,0.02557096054094925
0,0.23387300271982253
0,0.3260083308972173
1,0.5859295234319337
0,0.0876414711930556
1,0.5328674928953311
0,0.04761023217114672
0,0.20645229730858108
0,0.02415316032836214
0,0.01814520519377559
0,0.3210024957319351
1,0.768767964835
1,0.9565490627486714
1,0.9648904799978945
0,0.13866432946819437
0,0.032355791571181305
1,0.6786630334351434
0,0.33378431159379024
1,0.7999545519953702
0,0.07916674936561885
1,0.6543919843822689
1,0.58405357873374
0,0.307469631589728
0,0.09728935574114532
0,0.24105449799181705
1,0.6439317172712995
0,0.11994364855755607
0,0.46418153521259176
0,0.07627453511421725
1,0.9999999426352295
0,0.007899955848166941
0,0.10881601132592632
0,0.004331988034545557
1,0.5457386508185208
1,0.9415871565249744
1,0.808046460630363
0,0.024330705092627625
0,0.08669750403157456
1,0.6202810597325982
0,0.0004977919697061217
1,0.9394640879620593
0,0.030364249281622492
0,0.3151192264656559
0,0.206703993737263
1,0.5340678816919776
1,0.5666016899966541
1,0.6371553214588807
0,0.3545955668857221
0,0.012981116365346828
1,0.9962577515209914
0,0.07634301215364635
0,0.23520071179459828
1,0.9479515261082797
1,0.5357270571638515
0,0.31673223240115206
0,0.0474954758214497
1,0.9887542222539197
1,0.9574078355373634
0,0.15038959119986636
0,0.39096919943312025
0,0.4279303615654967
0,0.05593012618400362
0,0.02981748234252535
0,0.18030936130786182
0,0.19849283290026212
1,0.7883706170901288
1,0.7891086293925739
1,0.9969718038053283
0,0.17247549361858874
0,0.009483372100067
0,0.38113862767099493
0,0.3245452323541545
0,0.35625725248211537
0,0.058251547782244506
0,0.08399439765566388
0,0.4591570121230566
0,0.2925078243444463
0,0.17946914148672047
0,0.06357519513112916
0,0.3648017952121978
0,0.35021682875497956
0,0.07079130548868152
0,0.029254250936742516
0,0.1731895957779495
0,0.35644998372531383
0,0.20408913269007706
0,0.23299695527012498
0,0.4472355232744032
0,0.35630600312174193
0,0.47192198767699
0,0.4399059345018637
1,0.9062085370546313
0,0.39251000147307885
0,0.1294191822986454
0,0.02346207016006837
0,0.09110119707029596
1,0.9377407095687011
1,0.9390277259420244
0,0.4647452458888347
0,0.36090961962142404
0,0.45607040670650895
0,0.2654915893890662
1,0.5251548887908838
0,0.14758998808596166
0,0.001193399486352434
1,0.520590265283266
0,0.006765760341292253
1,0.9190018349854253
0,0.47263382633035145
0,0.019611231905683663
0,0.2586590923952586
0,0.16303275401752432
0,0.3333230648060101
0,0.04347246696853774
0,0.12344037768871233
0,0.2815354311577931
0,0.310195005276524
0,0.4066244004367317
0,0.18454781476869367
0,0.05183557922995433
1,0.8748913533779584
0,0.4209652124397363
1,0.9451282873783213
1,0.5026448840710394
0,0.3607723554049231
1,0.9403765491107391
0,0.3356513104238618
0,0.4259116223938447
0,0.17995229440669197
1,0.9065485465253734
0,0.10049098234600305
0,0.38319744576335846
1,0.7075771286505168
1,0.5967832499380229
1,0.6944154689553347
1,0.7296735111065488
1,0.5392033154284639
0,0.29964805145057405
1,0.6371572221580201
1,0.6898870790332803
1,0.910751661798429
1,0.9462932519302448
1,0.9933883973698722
0,0.08708184345799301
1,0.9055932624831644
1,0.8701038965539191
0,0.19606273498767535
1,0.8541564725706037
0,0.4316766086170162
0,0.2390639684344479
1,0.9596121712956275
0,0.3910595349486605
1,0.6456161732251897
1,0.9929188434008615
1,0.8780137725963318
1,0.863398909627307
1,0.9372371169345195
1,0.6210667908151893
0,0.4313701180158677
0,0.05112620052356229
0,0.3507192680295478
0,0.020595685308807014
0,0.1667978855647241
0,0.2054081290060889
1,0.8902294745571774
0,0.0780505422361828
0,0.04309495671528374
0,0.06238676236595636
0,0.1061779126016615
1,0.5017251705890026
1,0.9141089575759899
0,0.44315613666804926
1,0.8722538816934094
1,0.5685894056420661
1,0.8919575482661837
0,0.23539310480950054
0,0.17600045472306206
0,0.13567282207059547
0,0.018956408936255217
1,0.6327236964143937
0,0.2145802624889181
0,0.027661306112489938
1,0.8027262830546485
1,0.7078187659972617
1,0.648420750635491
0,0.2921606350419026
0,0.23354177197235085
0,0.33126764968491684
0,0.28010040041058276
0,0.101967823139829
0,0.2764838435949947
0,0.12774132053347217
1,0.8619974152875797
0,0.15695643013173788
0,0.02302389505572764
1,0.7784306495442975
0,0.022570962894059552
1,0.7439345616810916
0,0.06044101162924089
1,0.7290372771758556
0,0.2638790253645597
0,0.4612349041412038
0,0.29197864520692113
1,0.90422516655631
0,0.33495566123337783
0,0.04339431251597792
0,0.32664042237155055
1,0.8408922250224488
0,0.07310905567264833
0,0.49580523861113857
0,0.11739682331202878
0,0.06526746388365351
0,0.047606950550343655
1,0.6097989582561313
0,0.19756858119176854
1,0.7857649888415688
0,0.04227740844001694
0,0.38264361003655434
1,0.5234719335662325
0,0.0860851197652298
0,0.12145932023511676
1,0.6022534557789564
1,0.6448761683052572
0,0.004564242904173926
0,0.0376010831116854
0,0.01252670091874443
0,0.09582159403179842
0,0.006773656092975873
1,0.6193769906452974
1,0.629519328314381
1,0.8657084788258226
0,0.06319824507021164
0,0.41034028615847523
0,0.11369700103793881
1,0.8372704013535238
1,0.7835436167809057
0,0.35071535891661565
1,0.8606633131548725
1,0.7972364709326201
0,0.01816563137310324
0,0.0035084762429869075
0,0.07736611348945174
0,0.10502975791081
0,0.2211894488281679
1,0.7632268261776163
0,0.19212679339183703
0,0.3256620344916518
1,0.8154778407261194
1,0.7059755746692595
0,0.40894499214945734
0,0.12301881256386105
0,0.20203073717763947
1,0.8791264124051997
0,0.1483090205518963
1,0.9196701089707155
1,0.9490539531726052
0,0.422000438264695
0,0.06639619360744396
0,0.008751426685921123
1,0.8794051939596321
1,0.8035419167531872
0,0.02511209476802844
1,0.9519399803382287
0,0.07118606862404878
0,0.13727399728052342
0,0.06781019566606616
0,0.4327890113448777
0,0.46572814129680734
0,0.022246214481255307
0,0.12265277536627583
0,0.01163417468090335
0,0.11283296596408464
0,0.1252334449069622
0,0.006518230347371071
1,0.6484757388061315
0,0.10082799904904977
0,0.004997932554982012
1,0.6163938111211645
0,0.13244897823278626
0,0.07497339062444885
0,0.359301184841508
1,0.5773929609109484
0,0.12854146774539155
0,0.0017484127881986933
1,0.6744072984685339
0,0.388112790733148
0,0.3552060562575166
0,0.34735443444449327
1,0.9401172254497261
1,0.7409102343741591
0,0.026087717260195514
0,0.2637597698077218
1,0.9601493269098035
0,0.2059185892682415
1,0.7774404605526873
0,0.17055886755959052
0,0.23827453332487938
1,0.5284439859781869
0,0.03394624216553085
0,0.001523236189790634
0,0.35005696179393747
0,0.038283349901929144
0,0.027642212306839338
1,0.7288047617242817
0,0.3456953067899339
0,0.10002239195849169
1,0.8999778530982733
0,0.12465789742081962
1,0.9887846344639744
1,0.7165863950411095
1,0.758685893514758
0,0.0715644499165667
0,0.1762798503180881
0,0.08016198591978768
0,0.27339441847425655
0,0.3955271587175396
1,0.7276354088554264
1,0.9862888695187065
0,0.4821539521500629
1,0.7740782871100942
0,0.005332452123915999
0,0.010093089195761582
0,0.16867145032958583
0,0.3314956887608044
0,0.17096486299190264
0,0.016877460485086683
0,0.3594362127656149
0,0.11500402175126549
0,0.027814531360055288
0,0.18030310734316554
0,0.24638452455869025
1,0.6110058475125505
1,0.6962644682196145
0,0.06795551959430572
1,0.9877500867100126
0,0.15273796203599518
1,0.5285357475107962
0,0.06891521193063903
1,0.8934593458179519
0,0.010756956345178688
0,0.07143609773588158
0,0.040816832253624306
0,0.1932677576419676
0,0.3245452323541545
0,0.1731493351008831
1,0.97196644720702
0,0.25421612446577047
0,0.29493964988524574
0,0.045344944120109636
0,0.485578479144179
0,0.18269341770591108
1,0.9332131729466905
1,0.6788625201041494
0,0.016585472751039557
0,0.4378345263428951
0,0.2078646290841812
0,0.3921381275037671
0,0.27369874965287866
0,0.16780248247319857
0,0.006066373342039095
0,0.11163826872214981
0,0.17119158005468982
0,0.1634529269109273
0,0.01476114008445362
0,0.281730414943059
0,0.021002978313155143
1,0.5122231636362802
0,0.4394980582251682
0,0.43271795686150577
0,0.002499702568543123
0,0.40961748349260246
0,0.285638434612822
0,0.28473427545827945
1,0.7742330464747109
0,0.3561819028242781
0,0.11995978726266865
0,0.08219669854626088
1,0.5310082467998617
0,0.4725205709139552
0,0.30223406707036643
1,0.8295419980044884
0,0.27113600832801676
1,0.883307711130066
0,0.33710243916691074
0,0.08632278880028116
0,0.07628069082996303
1,0.8238352921162423
0,0.04694379430521093
1,0.9961337818932668
0,0.2568617642182749
0,0.43706146120125816
0,0.41951344903212073
1,0.6020389404336784
0,0.03707248339765715
1,0.706389141087505
1,0.7851139856884577
1,0.6300436349427546
0,0.1911625221377315
0,0.01682743838829177
0,0.0961156482989289
1,0.5626827520004178
0,0.1595039002324605
1,0.8668754971527727
1,0.5666507091461378
0,0.12946921064741082
1,0.5490319307726365
0,0.4288896009561578
1,0.9407537078436535
1,0.6070318671380216
0,0.008228370159213535
1,0.7288855159475546
0,0.15029593490006493
1,0.6256397831369602
1,0.5415029879653551
0,0.13987155312516134
1,0.767115753460916
0,0.0015430976477253718
1,0.9646137695201407
1,0.5808653099257158
0,0.020540577041048395
0,0.2112702826093319
0,0.4491428549182364
0,0.19068168789199724
0,0.11074085398808205
0,0.3110059132304217
1,0.8825462352566432
1,0.9791963652108896
1,0.8143208546001234
0,0.004942161418174924
1,0.6335027560619619
0,0.3242618102461492
1,0.9174839235296843
1,0.9963643903366778
0,0.39761366532069264
0,0.19664797257361533
0,0.26299873498353304
0,0.009350033139469327
0,0.004901304289990973
0,0.12224704064276877
0,0.1232531428370783
0,0.1867026392509826
0,0.3104585141134005
1,0.9897664353799308
0,0.4128107709381938
0,0.4115861577844593
1,0.9761609024338971
0,0.00028721431664077376
0,0.20615025976203002
0,0.19714137788771688
0,0.18405260854697622
0,0.4470164883665172
1,0.8183518166818873
0,0.1954978595857806
1,0.6828858057414737
0,0.1471163090926791
1,0.6892071957556698
0,0.3863123339710794
0,0.46265536953870334
0,0.04942938203749877
1,0.8848061029632728
0,0.035247262532675634
1,0.9288388119334953
0,0.10586268257121693
0,0.04733089442523847
1,0.6591098013681482
0,0.04450588282989978
0,0.23005215921709174
0,0.28576238021149164
1,0.9938132209816241
0,0.11446752794583467
0,0.3267061227115492
0,0.23018814970424734
0,0.08596486744084482
1,0.8803717248192188
0,0.025670663955076126
1,0.9512061363372282
0,0.365967141484343
0,0.16923722851791353
1,0.6794251274532331
0,0.07617002685106646
0,0.159543478340255
1,0.9713827395881204
0,0.39080912843867194
1,0.994791138135355
0,0.4322111386822031
0,0.10205298415548063
1,0.9698193182942183
1,0.8735606892567969
0,0.08037319093184508
0,0.44788843914648696
1,0.9501553293460744
0,0.0029155918434292057
0,0.2760179822119424
0,0.4380016638771207
1,0.7913876750188314
0,0.40055644149969777
1,0.8326684470208042
0,0.17904101510199194
0,0.1472146960096636
0,0.13967094803114052
1,0.9193693433925658
0,0.10870155603168764
0,0.3378675356312194
0,0.051807362494449866
0,0.08664327943244124
0,0.0656941603167308
1,0.6349502490982158
0,0.27653675644389414
1,0.5258707179565159
0,0.09398486730420293
0,0.3001613661192357
0,0.012549553315262479
0,0.4112885953780452
1,0.7253363985684126
0,0.011685913545421832
0,0.045546065685412536
1,0.5731045338690525
0,0.1684027653945289
1,0.5338269794092892
0,0.025300240434610512
0,0.4218083116368601
1,0.9814000798882677
0,0.028151639478126177
1,0.875133460339494
1,0.8177566024901904
0,0.06082361649098083
0,0.3339210697762832
0,0.3919192031939814
1,0.7368484006127416
0,0.35223337472287086
0,0.18491390943744598
0,0.36679457290486833
0,0.09128287818738379
1,0.8986813100924799
1,0.7374923256892351
1,0.9998278592793992
0,0.05557945526136984
0,0.059733061639878265
0,0.20727618562979877
1,0.8551810676476864
0,0.17861828560996326
0,0.051841654644839794
1,0.5366469353720398
1,0.8313027312117532
0,0.1896435778854208
0,0.10687750526461856
0,0.03938737386875907
0,0.008159122319416727
0,0.24478113105571658
0,0.43660662646253195
1,0.9324532743984308
0,0.36256176337437607
0,0.2704708496362024
1,0.794638598372027
0,0.20560557430268844
1,0.5748052344102997
1,0.8763286628902431
0,0.41402214345868166
0,0.36098830727882414
0,0.04472916897395924
0,0.23550931118801247
1,0.8367535243030354
1,0.9738981206642313
0,0.40715191062133793
0,0.13482909671973595
1,0.5502385610872763
0,0.11043476676897497
0,0.2378040181884629
0,0.00579586563403524
0,0.09035640830651125
0,0.3273872335255051
0,0.07509772044761319
0,0.41951210301949077
0,0.3200113676344777
0,0.04788755110854154
1,0.9503892015252074
1,0.9825269267586394
0,0.29322029474716094
0,0.11078272697407165
0,0.4164652741237123
1,0.676702483788004
1,0.98832758388203
1,0.9146263306352717
0,0.24553501146400378
1,0.7706770807766088
0,0.07368319663966863
0,0.12475673174706192
0,0.24369596556132506
0,0.49131344000785404
0,0.05251424158168395
0,0.4268064649262628
1,0.6614183214574108
1,0.5559068520665086
0,0.3320298744605718
1,0.6265299329961966
1,0.6300559427507011
1,0.861893112452401
0,0.040458895453428394
1,0.7383582549009995
0,0.09673412476011084
0,0.20622511756401443
0,0.00813793353975076
1,0.9985987352677194
0,0.10663408402195279
0,0.16144702560399218
0,0.2158021156189223
0,0.20292897611708172
1,0.7915725033323112
1,0.6353686186719337
0,0.048676320115849894
0,0.07617216518272736
0,0.24575236431558842
0,0.007524668649575214
1,0.7824145838736253
0,0.1492610888085006
1,0.9480453818013214
1,0.990682528547503
0,0.036962525428354306
1,0.9503991759023649
0,0.3075060263986658
0,0.12102836452907047
1,0.9937199004955931
0,0.4323271878491437
0,0.2025478783656888
0,0.31838324013418107
0,0.17544053012680752
0,0.07483435276575857
0,0.004108437896239675
0,0.04387671652919435
1,0.6499818938309196
1,0.8720148255224153
0,0.1429931682231412
1,0.7899203672006532
0,0.4977265771439245
0,0.13833367207815478
1,0.712563864313413
1,0.5712317195705525
1,0.6037175503558672
0,0.16118614738369486
0,0.1303903904467002
1,0.7378994236870154
0,0.08900820506741715
0,0.3577624301997496
1,0.980338266659569
0,0.3548192137557296
1,0.6658015140657125
1,0.588132654812342
0,0.0986759722710046
0,0.2991623238731668
0,0.05627033461223189
1,0.9759371583990043
1,0.9519114453256944
0,0.2568558302823393
0,0.23064947535816124
0,0.03583002025878735
0,0.01839528054236466
0,0.13515989398053957
0,0.08069265572550281
1,0.7639392882267642
1,0.5022581648932867
0,0.2752061963711868
1,0.8794298707846667
0,0.0038909247575315588
0,0.2712091872824177
1,0.9944041969543446
0,0.010400800724146637
0,0.3355938941301749
0,0.1641551256618464
0,0.4474897222616917
1,0.5633649635821157
0,0.18702589353336474
1,0.8394468999217908
0,0.28176674413626196
1,0.91404541385015
0,0.3694668171499807
0,0.07708650928576015
1,0.6642606067947686
1,0.6176275871180665
0,0.13046573565474498
0,0.011005072416071456
0,0.18512691899568828
0,0.02921969297069689
0,0.27445381629133625
0,0.15990468722855394
0,0.04610597800637051
0,0.4923377789755775
0,0.15098717606764445
0,0.4020067500816138
0,0.04657708709041863
0,0.10716515116740144
0,0.09506680472015318
0,0.3791800326222628
0,0.05511254730082975
1,0.9999999852842365
1,0.9191725017512592
0,0.017343804332996426
0,0.21426397464831295
0,0.12252438289828015
0,0.021996316820170336
1,0.6380910027356536
0,0.459059640513073
0,0.11395035473456133
0,0.18485530674668074
1,0.5118122988727698
1,0.6859546437417302
0,0.013619827796427163
0,0.46511341748867774
0,0.19204537782594683
0,0.08902431902511407
1,0.5434542922468184
0,0.20347279916526537
0,0.13005228268631797
0,0.1040686395201004
0,0.20382658994224082
0,0.0038280717232879098
1,0.5703225606854859
0,0.27492913808178454
0,0.24793846974791334
1,0.5931508316801092
0,0.3815984065398805
0,0.035235244985022306
1,0.6855954246550282
0,0.03642193844825462
0,0.07112908709306012
1,0.9861249432213757
1,0.8796960512527122
1,0.9887553236550617
0,0.4056877001221193
0,0.3540881213266447
1,0.8617041682278397
0,0.11477595708021839
0,0.4710190550716968
0,0.240109022764649
1,0.8756256085970845
0,0.11838702958884344
0,0.23840775688834545
0,0.34164579800018036
0,0.17621265263859798
0,0.007815729770378763
0,0.016185230145705866
0,0.4156810254066632
0,0.11023069156260905
1,0.825486717277665
0,0.024731630979142095
1,0.6986934153092945
1,0.6603033148640564
1,0.9372120376137114
0,0.11917651596073071
0,0.4898898755852989
0,0.23368507322630716
1,0.5538684593819901
0,0.2839461302667216
1,0.8063725692731899
0,0.19558967670828817
0,0.3191496884896258
0,0.4898621101625484
0,0.010919071836341457
1,0.7729942318278664
0,0.43253293611578386
0,0.1793405584247646
0,0.046277281003620545
0,0.4161459951102605
1,0.996134037808479
1,0.7295612007618066
1,0.817976874499264
0,0.002599996988127541
0,0.012840733838082593
0,0.2293734069042495
0,0.22503703041122602
1,0.6325932135922432
0,0.23439460190040515
1,0.8126566620204371
1,0.6269780628611602
0,0.4521629508144856
0,0.41124711673938286
0,0.06454915831104784
0,0.03738340849060794
0,0.08120134359826983
0,0.005093841376966912
1,0.9432231300254451
0,0.18424452677683892
0,0.3334567257188829
0,0.19184270743258025
0,0.48317249092298187
0,0.09903943250963024
0,0.07701585628363443
1,0.8760717221866692
0,0.08657722682272416
1,0.7773798133875082
1,0.6247275431302866
0,0.012521846904113811
0,0.013082743127430066
0,0.15213463966147
0,0.16605681984246817
0,0.19611648811437998
0,0.4086677436004643
0,0.16790218354962808
0,0.0015649335896755338
0,0.16444805651995878
1,0.9567040954451475
1,0.9904156176317737
0,0.08775999271712925
0,0.05374292833712956
1,0.9725654668478111
0,0.40599719374185217
0,0.19677791364525743
1,0.6270079227240795
1,0.9852201630436989
1,0.7259552081461119
0,0.1546232240246888
0,0.41653818058209857
1,0.9777059729927629
0,0.14413026798400724
0,0.14842941064517334
0,0.013049806091649078
1,0.7487294677245346
0,0.02793473220736344
0,0.1475461697713167
1,0.5627754841886589
0,0.25332512098622356
0,0.005554422446371071
1,0.7782237643436536
0,0.08511948098522511
0,0.2510441100399864
0,0.07832231946629727
0,0.13644267081071068
1,0.8852464621144058
1,0.7478290588773718
0,0.07974919304784678
0,0.20309151714885476
0,0.337272803081273
0,0.0365174118719096
1,0.5921507094770119
0,0.04988756886598511
0,0.334524544586657
1,0.966969992129861
0,0.15240164387106156
1,0.7868786922895195
0,0.081823170281611
1,0.7838446235137417
1,0.5500070960228395
1,0.9798376096347408
0,0.32424909107743166
1,0.916627785615013
0,0.40349447660375015
0,0.4147281943200634
0,0.07014826334217668
1,0.5732363879857116
1,0.6686321990402807
0,0.08238006546311301
1,0.7677219314740621
1,0.6540243286697364
1,0.7345632332237051
0,0.3596853479971093
0,0.32777805620133604
0,0.013941808129608475
1,0.6256806969389874
0,0.1946816833019253
0,0.38474081229320617
0,0.1059076577959828
0,0.23300099746721462
0,0.05963406178148908
0,0.07099655450549262
0,0.1793154336784093
0,0.021359583468181575
0,0.18358133820294908
0,0.19490905615702817
0,0.39849627962895035
1,0.5636332613230911
0,0.14620008379492128
0,0.031754505981820634
0,0.4698235684991173
0,0.07577747519921178
1,0.5096086968431204
1,0.5983683703951981
0,0.2909801481934365
1,0.8091492234130893
0,0.4315341816505071
0,0.07321735903167544
0,0.1674249605569715
1,0.6714553706697247
0,0.021885526515054654
0,0.26417724128435827
1,0.989773785773086
0,0.3829085906001233
1,0.9898178137820243
0,0.3736898800874287
1,0.957118419934402
1,0.8587354988313093
1,0.774370534060904
0,0.30260154615618345
0,0.4173745339427469
0,0.016387609256302588
0,0.006214569264127879
1,0.9169886034150404
0,0.02344862523962918
1,0.7639543026200865
0,0.013407371112865588
0,0.09948931486659199
0,0.1339238084884005
1,0.5998288546283426
0,0.48380474813266705
0,0.39078979009776127
0,0.04763934863030302
0,0.4434701552981119
0,0.10198186117079858
0,0.06889973575623796
0,0.30259833357340665
0,0.48424231327707373
1,0.9966987237874905
0,0.052558247253089684
1,0.9999823698607219
0,0.35995847775272966
1,0.5627012307916083
0,0.05474874762623328
0,0.4902358299061217
1,0.9821634608653883
1,0.7525638544831089
1,0.5220842816214216
1,0.5403300486478786
0,0.3902152573064969
0,0.006121999181360138
0,0.3892547415590207
1,0.8261676270529723
0,0.2173661911822675
0,0.06307739368878534
0,0.033132898434192454
1,0.9711690715423079
0,0.32164385321440847
1,0.9903663587985257
0,0.4553131288651152
0,0.10703570071514813
0,0.022113785490958566
0,0.20323151201464007
1,0.581385143202588
1,0.6008294263669105
0,0.11212197413396666
0,0.164880071028218
1,0.9419879911648087
0,0.3365730662373107
0,0.006454631035544656
0,0.09244284992664419
0,0.035033379596123224
1,0.9967717490732975
1,0.9498971351946248
0,0.23095987943725424
0,0.019300618359726754
0,0.2741609825481587
1,0.6862830317793193
0,0.26059684330114596
0,0.11545490934536064
1,0.9547362322574301
0,0.19436166816138356
0,0.023486858803985336
0,0.06905052751288081
0,0.3797964999586183
0,0.15390631025381987
0,0.14222799713443945
0,0.11639763119233486
0,0.05443703017881296
0,0.3980531252725522
0,0.17524452127670542
0,0.31787699397219804
0,0.01486867019406558
1,0.504960590422187
0,0.17622801247780576
0,0.0741519266573744
0,0.016836772826433397
1,0.9851650535203216
1,0.7773117570689985
0,0.13267562103694847
1,0.867627466181984
1,0.7618302059466145
1,0.9322134080168922
0,0.184901852489907
0,0.012891963991692814
1,0.6103047931480773
0,0.2518620225019394
0,0.3869230183310361
0,0.02673583812348005
1,0.799543133779915
0,0.08137555948811806
1,0.7075380272353029
0,0.32513842425870026
0,0.23269716910602628
0,0.18840695281775874
0,0.06854819445536979
0,0.2896172252438836
1,0.7486487111160481
0,0.08994642579181415
0,0.4558120515860568
1,0.8370305715089498
0,0.2548530018490566
0,0.006898260308805505
0,0.3817807204653534
0,0.06909159273904025
0,0.03869968904365507
0,0.3839998307589792
1,0.807678629544294
0,0.11413268460772169
0,0.46596659135682683
0,0.06502620403095725
0,0.14736317884197203
1,0.6662037385581554
0,0.3311250781336947
0,0.12533330202804946
0,0.31672688081010136
1,0.8796439726196331
0,0.04329595716462752
0,0.47244127812914755
1,0.7557706605861828
0,0.12268447575891735
0,0.0075458860970843335
0,0.17155591528959543
0,0.112341428252581
0,0.07632822550116408
0,0.2836876869924604
1,0.6513133747681514
0,0.05467811922932228
1,0.9652232234543469
1,0.7387664301513642
0,0.04725286657355148
1,0.5407539135857663
0,0.10956237058453226
0,0.4039627213871788
0,0.47355871361314456
0,0.3680865597014861
0,0.18247259965538418
0,0.2599277301156505
1,0.9034685254166271
1,0.5739435651337076
0,0.35839211044203284
0,0.2933593559752426
0,0.2523153660506014
0,0.06061878490686194
0,0.4146534165519246
0,0.25678714842723743
0,0.24410925268861086
0,0.16410850366974564
0,0.08330699433818627
1,0.5090859984534496
0,0.10399140222263273
0,0.00824830760407932
0,0.33549910023489676
0,0.14908082815210005
0,0.3183400109262443
0,0.034686002000086265
0,0.1461784304863025
1,0.9475461899677413
1,0.882760558566703
1,0.8185173907665695
1,0.9055291461177767
0,0.46853177111343974
1,0.5355933343529482
1,0.6285006621793666
1,0.5113796757284851
0,0.21235105822499747
0,0.31707105748382475
1,0.9239404503660913
0,0.23616528770701153
0,0.1228173557052062
1,0.9328674083697227
0,0.09814117538825386
0,0.37518780996110185
1,0.6536897530565796
0,0.43926737274945454
1,0.9966859600974212
1,0.5342742777570583
0,0.04262688536579548
1,0.7767493112367425
0,0.1747261956879123
0,0.00775009566456958
0,0.1601837375243056
0,0.007938112807883757
0,0.3964819144768023
0,0.14872088412473683
1,0.7490978813283228
0,0.12266853966102047
0,0.003911952512668599
0,0.2528508182366663
0,0.09672945009403151
0,0.11108611783937261
0,0.01309764081978726
0,0.17814763345063261
0,0.024861822872144893
0,0.2734950742646043
0,0.035504019321512155
0,0.31289859493083144
0,0.24887226770573267
1,0.9608212290908434
0,0.14217732758577273
1,0.9305449428346286
0,0.371520181235236
0,0.15631917771437237
0,0.08230618298571617
0,0.4481377048871955
1,0.9977954140280307
1,0.6799062567707512
0,0.003810746757883328
0,0.2744624614727137
0,0.19961713067241724
1,0.7439209846414266
0,0.11162425737955485
0,0.22841667839084953
0,0.11100196167667158
0,0.3059752630671543
0,0.436236469780054
0,0.278399933142922
0,0.1486428027322478
0,0.09274713628664681
0,0.15737257686096964
0,0.0772447184578879
1,0.5865419199858336
1,0.6331873706504703
1,0.6410039416993997
0,0.13713874279316332
0,0.2673189341887296
0,0.2199984422857141
0,0.0487734797402174
1,0.61948843187022
1,0.9850701599412091
0,0.08577795224481767
0,0.2648604574820019
1,0.9161374465793295
0,0.11039229538684417
0,0.07530400865580994
0,0.3119827515757612
0,0.23570270184796835
0,0.31313931771933057
0,0.06025845791861553
1,0.6929200627459111
1,0.7533856151664191
0,0.1804828230590692
0,0.057892631890754956
0,0.0435235661774784
0,0.06451579289354469
1,0.7499735491322278
0,0.05937230761175852
0,0.09433366689112489
0,0.2944195478560052
0,0.014245070093575138
1,0.7673188960536637
0,0.2584145427663247
1,0.7304341087529995
0,0.005917963328099578
0,0.39085476526296997
1,0.9281968416207502
0,0.2909768996697414
0,0.28413863172949244
1,0.6297264306472425
0,0.32312701013592915
0,0.4814082156904601
0,0.07032796345020323
0,0.3160514289937678
1,0.5849432702849527
0,0.24470320994088843
0,0.0663370688174417
1,0.7973050937320492
1,0.8130874188505985
1,0.7405242947342571
0,0.012817396233426058
0,0.005138469204187418
0,0.012925340170364157
1,0.5264514954622435
0,0.17588044376717954
0,0.06600455344251681
0,0.07373346451425256
0,0.06704735868410762
1,0.6563749161642781
1,0.669764320432554
0,0.0728041514170225
0,0.33578062429501854
1,0.856097662632934
0,0.48996684286660264
0,0.2891302744669182
0,0.23335785937639622
0,0.23480091618710183
1,0.9652039611463858
1,0.7877314837068542
0,0.323106305028889
1,0.7000760435171898
0,0.11230133306845695
0,0.1147465410369344
0,0.39162948946474335
0,0.34202228141341035
0,0.04056603503788104
0,0.020341807779920524
0,0.01301906916673042
0,0.08295102133683876
0,0.32198764799353174
0,0.07399025755623313
0,0.06436022689793569
0,0.09026773156659798
0,0.0001128262753651568
1,0.742280862437949
1,0.8217603772633846
0,0.047479634672312525
0,0.34440871503533327
1,0.5351402309180369
0,0.08797677585042259
1,0.9246354406564642
0,0.16173262644506364
1,0.6531777653346987
1,0.5804209794666255
0,0.04573663092283875
0,0.02719758862411441
0,0.43048721444197613
1,0.658450399425316
0,0.16481884617917436
1,0.6522281340253875
0,0.23090076576194
0,0.14352146955319717
0,0.008940180385871459
0,0.26268399964333067
1,0.5659302639085865
0,0.17369372937946376
0,0.10472702961932163
0,0.13456688406188735
0,0.3853673067177859
0,0.20093732661790215
0,0.2547989097148506
1,0.6372950806857672
1,0.9777152772727934
0,0.1027246061339766
1,0.817964849181309
0,0.3297929327903329
0,0.06828181708741488
0,0.042141610554052765
0,0.2154254313991842
0,0.4332987886423849
1,0.8734042700656863
0,0.2766221861922605
0,0.4655435323469443
0,0.021785521000723427
0,0.0878720976140798
0,6.942357140757992e-05
0,0.2756582985762817
0,0.20694094828299645
0,0.16098211201098234
1,0.6313168801156825
0,0.4307602254052193
1,0.7319472663561905
0,0.265891850432354
0,0.04641400384340133
0,0.1832233311118934
1,0.987114135229196
1,0.8371526261656601
0,0.2069089826206331
0,0.4490100032960781
0,0.11839152854101066
1,0.850765215994059
0,0.1422602685716105
0,0.21196053798867084
0,0.4027443740937841
0,0.10053061337156213
0,0.03563278845933505
0,0.011789775761292066
1,0.7969595436573947
1,0.8660747269824941
0,0.13255653082479818
0,0.4840712769713152
0,0.46350932618813684
1,0.5012309060237305
0,0.1733616862679909
0,0.11646460753428049
0,0.40828435268203184
0,0.05423349584467042
0,0.22711705646963143
0,0.038966003301792694
0,0.17006452099271938
1,0.8490277294227305
0,0.0793828225714028
0,0.39910764474686905
0,0.01961330825301691
0,0.1948047299863149
0,0.046428545177991096
0,0.4845980689033334
0,0.31349118679583277
0,0.10946718273438813
0,0.03630261475843084
0,0.21015188570278007
0,0.05271362887572363
0,0.07751978478515709
0,0.40172858712034215
0,0.41838971983718265
0,0.23527198973164024
0,0.0006218610691308662
0,0.2618710100940801
0,0.2916463756324762
1,0.6730441245559242
1,0.690621448201511
1,0.5051503289280396
1,0.7742143963525313
0,0.07267237538309425
1,0.6076490908136166
0,0.28424772108843943
0,0.0021711231371866657
0,0.0804754965347854
0,0.3745172014409734
1,0.6235075455240923
0,0.3065810820712678
1,0.8469310591985145
0,0.20952522621083353
1,0.8376760595123464
0,0.22471810346069143
1,0.8910343115171967
1,0.61796926086873
1,0.6360857022989488
1,0.9740725090852657
1,0.9260484360878098
0,0.09924744086406366
0,0.11375415293135861
0,0.13214675445935817
0,0.36948003322535994
0,0.4193060321991501
0,0.03158923433950688
0,0.015746203931762067
0,0.4329332022183868
0,0.07295231428746565
0,0.3845790910839644
0,0.0016410409341810366
1,0.9664017389378848
1,0.6036562523906581
1,0.7199937273614119
1,0.8088498227022192
0,0.4171652094469745
0,0.3798773742771787
0,0.18160753935192306
0,0.2107204146404853
1,0.5808950747331895
1,0.529764850661131
0,0.32089269603316517
1,0.8802577880029985
1,0.7405128665166059
1,0.658079916486263
0,0.4321512500266353
1,0.5955848345344339
0,0.00545715608467615
0,0.24411125684803284
1,0.6696370484334792
0,0.29175871454062574
1,0.6618517947914793
0,0.0035311689788408967
0,0.16657954404213415
0,0.14590843636930725
0,0.3250889156610159
0,0.18717927285793615
1,0.5610597593396665
0,0.4353776620318093
0,0.020848014238570297
0,0.3755777478908571
1,0.6469420817037325
1,0.5563932582228549
1,0.9589367580721526
0,0.04823440739177944
1,0.7022266677998138
0,0.12236766028224383
0,0.26803230659564964
0,0.21409278666469933
0,0.13280845345646394
0,0.078138599721575
0,0.019715053564930606
1,0.8049112723459798
1,0.9879258568904933
1,0.7023230180444002
0,0.37264344091147367
1,0.9801888504580462
0,0.3655053379504532
0,0.19166790123889824
1,0.5789675509341462
0,0.06121504321738788
1,0.6503028067725816
0,0.12457353906427596
0,0.06872155080441088
0,0.043656012865301755
0,0.05449915136033307
0,0.181300133275282
0,0.15741582189302433
0,0.11059792008786402
1,0.9953113422814069
1,0.9581819958537453
0,0.009361244761545862
1,0.9470888946496159
0,0.01613176349954294
0,0.4599433435073623
0,0.033938511144434504
0,0.010437271258815923
1,0.7674279162432794
0,0.3826288723815097
1,0.7366720704188021
0,0.4055041978949991
0,0.49596205673572796
1,0.7271789302269673
1,0.5090010672326158
1,0.6500860115638375
0,0.04371996790830625
0,0.48797023042379956
1,0.5003526259324943
0,0.1956681871279876
0,0.4872152180463871
0,0.02638326376872269
1,0.6176849883857434
1,0.7416700710262351
0,0.23661435894159613
0,0.24655161522923502
1,0.8215839791738897
0,0.34511489289608793
0,0.4826267460504042
1,0.9335118676905053
0,0.005146616221692458
0,0.23586777373130763
0,0.3926170981569642
0,0.4465690221383454
1,0.5605264419335082
1,0.5767792449110574
1,0.891055164806739
0,0.318349381078558
0,0.4630644630013052
0,0.3786299260787262
0,0.14127840002295725
0,0.13966357726221185
0,0.04628188913058951
0,0.06653312419290713
0,0.3323599736976559
1,0.901360138122453
1,0.7180664285721827
1,0.8598413825764307
1,0.8756129249457747
0,0.041463527550804805
0,0.3048247344189594
1,0.6114240859898368
0,0.3317030483409756
0,0.21284750414454667
0,0.005166042066958822
0,0.032029216237999085
1,0.9401742540670784
1,0.6114513760089065
1,0.9826817785437832
0,0.1638882607891981
1,0.5452059021342068
0,0.3088009805111385
0,0.4770667186965778
0,0.05382503478269696
1,0.9138285768497691
0,0.07036407253720985
0,0.22997845013105953
0,0.49967590786174365
0,0.420615230421137
0,0.11431645781542504
1,0.5324916270452114
0,0.07735624618672828
1,0.9632769767726235
1,0.9556235021876034
0,0.007381660682078725
0,0.053816620246530514
1,0.7812447813502563
0,0.4193133457828825
0,0.13908000109474555
1,0.5756023335651502
0,0.2164532204449389
0,0.2493358344839494
1,0.6066754952765503
0,0.008843414001826155
0,0.13622862045634693
0,0.11694260063392836
0,0.0033545899834455037
1,0.5822010715040448
0,0.02757169263982536
0,0.12175671149182576
0,0.142709643285252
0,0.045153717323127854
0,0.46456941700201837
0,0.43251404024113843
0,0.3162021773741939
1,0.6384687298127278
1,0.7270894114544721
0,0.3392713402870144
0,0.1907497911285502
0,0.018534479800001512
0,0.01934940192454001
1,0.9147895183544479
1,0.568874621526503
0,0.07303967889551863
0,0.3315157805600364
1,0.6760648951088284
0,0.26030762975320504
1,0.9939414360737828
1,0.7973584050138829
0,0.0039832618644894706
0,0.2137886707250585
0,0.16457091788241637
0,0.05187202633838686
0,0.003757006700565623
0,0.33669134997893096
0,0.4772808460025638
1,0.7476132335318224
1,0.6006212567421468
0,0.12064971612257629
0,0.3321973629223918
0,0.32636250153015905
0,0.0064022754884218306
1,0.787792316786359
0,0.38573489651699644
0,0.17320454473507024
0,0.09931364374815028
0,0.08159769291160941
1,0.5589385680444654
0,0.07404545843525286
0,0.46978596890385876
1,0.5018056640416519
0,0.02054516627454938
0,0.3064403665678133
1,0.6682195726698318
1,0.6270071229759027
0,0.06211186206093926
0,0.06457141589650674
0,0.056304125804443245
0,0.07589781758611695
0,0.007476893697052058
1,0.700813563810354
1,0.6400286038715327
0,0.09556736876033223
0,0.06817073714541155
1,0.5744470580805988
1,0.823421821623398
0,0.00022106243150077923
0,0.3182080978869992
1,0.9634847722580975
0,0.007284008880759375
0,0.009474728964000948
0,0.1738584528916522
1,0.7524733539882802
0,0.04708795111411284
1,0.6170166764474877
0,0.48881761210062263
0,0.1896162938739439
1,0.9651051216162467
0,0.29731474164427313
0,0.4704618068916947
0,0.45724388192031856
1,0.5714435145717192
1,0.6081509712338816
1,0.5154210193704798
0,0.05599590109399354
0,0.17602230464406718
0,0.41293874971262284
0,0.1373506580472113
0,0.4116658398609078
0,0.07358125398372087
1,0.9736293121553774
0,0.11624600144897881
0,0.2916564585510909
0,0.3463453992944663
0,0.3616105872829383
0,0.05821401528982958
1,0.6181018241358411
1,0.669405184783743
0,0.004620492142230597
0,0.06811432276423993
0,0.310461053184538
0,0.005605211277870904
1,0.8656052943683168
1,0.5238680417692934
1,0.8193215835860707
1,0.9237217561302687
1,0.9930015777757393
1,0.5117087514658564
0,0.006772593985054613
0,0.19645900855968937
0,0.014190958913798494
1,0.6656706230552237
0,0.19510572760873626
0,0.12298293335995694
1,0.7000285992736313
0,0.46145577567170537
0,0.10387369562285644
0,0.030129834483491682
1,0.5736528973397653
0,0.09473422632283428
0,0.20686415345637454
0,0.07772252174994791
1,0.7409622765089464
0,0.3731540896026786
0,0.25048111083548036
1,0.6717368772667992
1,0.5277711045992894
0,0.46414111608432534
1,0.8067649421499653
0,0.11042754178573365
1,0.710503859338614
0,0.3661723876785797
1,0.9422784594617835
1,0.7533023944027643
0,0.1848294339969948
0,0.034575784005885186
0,0.2101314563671916
0,0.35940463530554845
1,0.8727368024291486
0,0.1081126038275735
0,0.08625090313236333
0,0.01591135235239814
0,0.1796146810013085
0,0.19477608845111063
1,0.9048852331418406
0,0.06137546346059888
1,0.6486211371696704
0,0.18460542009803937
1,0.7244735128418996
1,0.7560128033703543
0,0.3022655553948136
1,0.9573885695366594
0,0.051013275677144435
0,0.24144239484219193
0,0.3513392755426308
0,0.47583556110602776
0,0.00024368350907411643
1,0.9226950455388493
0,0.10158743914729366
0,0.19898515875395648
0,0.1680729145379795
1,0.8973217944271373
1,0.5054284425878562
0,0.2701762654050362
0,0.045960459451017684
1,0.9242263285223131
1,0.6118657942080609
1,0.5579783433312484
0,0.13916254086102695
0,0.23457575313935866
0,0.04279467381243175
1,0.995459796580742
1,0.9779769207769239
0,0.06486588555117405
0,0.33781060480449004
0,0.10857165095557046
0,0.01555507326010843
0,0.1024851459804295
0,0.12349696043478205
0,0.14277996526866768
0,0.08121696031514565
0,0.3897828576111176
0,0.0697593417866574
0,0.20331809950369006
0,0.49703778286736555
1,0.8335876184134497
0,0.0648230035372825
1,0.9216151769827873
0,0.043208300584382534
0,0.11832419710795407
0,0.0018316719719967745
1,0.8884261890195628
0,0.10016543154943354
1,0.9188880461458186
1,0.9971061558560361
0,0.025057337252794232
0,0.11484916849357393
1,0.5277373781231768
1,0.91256199886559
0,0.025528225362772525
1,0.9819221010922882
1,0.7746233610780365
1,0.5726249905459676
1,0.9854252474434575
0,0.15364395349427334
0,0.2875395881267802
0,0.09520364450365593
0,0.3411760574271531
1,0.5834815252725343
0,0.3902354094458393
0,0.14129919980266487
0,0.09979415193618449
0,0.12006491049069443
1,0.6396128254496404
0,0.12342198685956296
0,0.12229206944608186
1,0.9269486461471281
1,0.9356900351793107
1,0.8382780224229294
0,0.045818304904666006
0,0.190000534677652
1,0.952204921165952
1,0.6693675385138245
0,0.12884266826233645
1,0.7213947707401818
0,0.19203168091096834
0,0.38039642721196704
0,0.42521504027216595
0,0.23796267923847245
0,0.0861625838846247
0,0.025056995793027285
1,0.9056022245856326
0,0.02822038621920136
0,0.2315514718879827
1,0.7440455114281581
1,0.5420283698522633
0,0.43774899286548685
0,0.2005522461705487
1,0.889728792730126
1,0.7268581300803718
0,0.2524065194852109
0,0.01515795205868282
0,0.45466539195986566
1,0.562123927382735
0,0.4126330687773963
0,0.21011862841782775
0,0.26227137622294133
0,0.21260027603598883
0,0.057815450818524516
0,0.12919218293541723
0,0.12567143392746627
0,0.4166097772685798
0,0.02780845859397807
0,0.23380726940640517
0,0.4325400767944574
0,0.04275012461580761
0,0.0800003383582204
1,0.7814774005281039
0,0.1566008418332587
1,0.519720433341204
0,0.2808683499324165
0,0.054443857851589894
0,0.10574077692749471
1,0.6526463450965163
1,0.6767545739490679
1,0.8803506235682739
0,0.24097403433180475
0,0.01335547213663832
0,0.08445398853692108
1,0.6481914116477518
1,0.802955174516793
0,0.19760791472749956
1,0.7934838488258885
0,0.3884061109731009
1,0.6993255554686866
0,0.015030750905481116
0,0.48204823521448564
1,0.6966995337807184
1,0.5227775390014497
0,0.2627876417277449
0,0.39405644934215306
1,0.5376277827447776
0,0.06079155378475872
0,0.25800231645149646
0,0.12591331713349357
0,0.25183585208513026
0,0.02004309906305058
0,0.03248569776441885
0,0.4963964662789342
0,0.21218754788945518
1,0.9787873050733789
1,0.6174387517096712
0,0.0014457081460222262
0,0.2882217382734912
0,0.43277766358535547
1,0.5112254666902837
1,0.587017820078805
0,0.1688461062622479
0,0.06608381661530968
0,0.020694278191090536
0,0.4108523903204386
0,0.35343472499567125
0,0.40905560950156106
0,0.11293884928123941
0,0.39450402993738115
0,0.010424438435770398
0,0.2872596209234353
0,0.203673450422217
1,0.7444750184850485
1,0.5508090893761035
1,0.9300900586832735
1,0.760442931315228
0,0.4347723684784265
0,0.16498649243330438
0,0.4047249733802324
0,0.020815525289031057
1,0.8106796064636134
0,0.2408812067757454
1,0.5773530039708761
1,0.6176829556518848
1,0.8046812915811619
1,0.887884338501037
0,0.47738369116581825
1,0.997110596744078
0,0.03523836388972148
1,0.7368618809488741
0,0.2495761332499556
0,0.05280159208728269
0,0.04586913742956242
0,0.29265786105580327
0,0.010245981724001037
0,0.22956751001134712
1,0.5496922432981952
0,0.4710606889837842
0,0.41459664098909005
0,0.14416443724065134
0,0.10937072570624641
0,0.14107554705071976
0,0.05144923199093243
1,0.9910232693475224
0,0.18583320074112722
0,0.31452860074420436
0,0.2418604771959174
0,0.047190879353484025
0,0.02309579683364932
1,0.5469160580474994
1,0.8563201441171168
0,0.2924388207434922
1,0.6192421141206655
1,0.8885365992746685
0,0.037509321310246424
0,0.05507377408053224
0,0.13358037159060418
0,0.18959122445197754
1,0.7834700998066632
0,0.09731352109840155
0,0.06896317540406532
0,0.048024560734867945
0,0.05910376543055341
0,0.11974574420293334
0,0.12724274130282484
1,0.9815597697201757
0,0.24266064689847383
0,0.06268548841565684
0,0.4521276223496173
1,0.539248972560463
1,0.7303084278490394
0,0.22939368214682712
0,0.007730416741423727
1,0.7567328145096466
0,0.08774634133179643
0,0.28512408440330084
0,0.4688740964071864
0,0.0692840256019464
0,0.0289641654423123
0,0.03087863810409362
1,0.8484960195402809
0,0.01551045454485939
1,0.7424420050011281
0,0.1953986443914909
0,0.017547575296739264
0,0.31147482199711196
1,0.9284357089089255
0,0.05806511301556155
0,0.3117326262358619
0,0.4643324093197427
0,0.2439723450195409
0,0.1828237823410255
0,0.2186398972342801
0,0.20276254561271803
0,0.04268839236218738
1,0.9247951457646122
0,0.03300501991727616
0,0.2869219762699217
1,0.9888695535136125
0,0.05974263140538542
0,0.3193656564650364
0,0.05959148647032559
0,0.2146968694869402
1,0.8997881714803803
1,0.5544702099703945
0,0.07462693555040383
0,0.461063118836915
0,0.23935311756172803
0,0.2182753273601099
0,0.0388807575680468
0,0.45262368052219326
1,0.6199510152005162
0,0.12246195121642124
0,0.4581966576562806
1,0.7525644853834067
1,0.9556763873824131
0,0.06213385452518964
1,0.724865329534614
0,0.3982335435605613
1,0.9569755036771009
0,0.08856186893125949
1,0.9025387018805556
0,0.03974364896122191
1,0.9744451105082934
0,0.2733886834628065
1,0.538471505051047
0,0.4333107440199476
0,0.09300978242297422
0,0.4303584787349184
0,0.0543104929338082
0,0.06358112936360683
0,0.18575284933347627
1,0.880289199776554
1,0.7223846201631822
0,0.39168782175119093
0,0.22469340480281902
0,0.2562232219440356
0,0.1880435327173138
0,0.12957144148872904
0,0.015178931635618302
1,0.5194199393942666
0,0.10821828534898004
1,0.7494943537181155
0,0.0733538716717761
0,0.46799525838354267
0,0.09297901741886747
0,0.30760667714956175
1,0.5651362495114558
0,0.020865894800137345
1,0.787924231816279
1,0.9982333566391054
0,0.10952505023655645
0,0.017744815304223952
1,0.810459029618065
1,0.969179955508166
1,0.9556928469219519
1,0.5126556485568396
0,0.20514991908606933
0,0.18085465375132115
1,0.9965859196877077
0,0.060173428473178046
0,0.4014789790896214
1,0.7658957640526527
0,0.1634105872887881
0,0.44090331945924915
0,0.39031883609148527
0,0.06725911057001668
0,0.20463770826247274
0,0.24833104024354108
0,0.038985082529722936
0,0.4307643487783914
0,0.45027732764304207
0,0.05066102590928915
0,0.05593325569438465
0,0.017013351365569595
0,0.04690769313726184
0,0.4242218534610202
1,0.5884750722556297
0,0.4755320033645816
0,0.00025168957526588455
0,0.03813460351301594
0,0.08407260681906545
0,0.12406793416253896
0,0.28087883103220296
1,0.9056813923019654
1,0.6712475967714536
0,0.01038701017947517
1,0.87740361278966
0,0.16491503659126916
0,0.07331182689734815
0,0.04018606128121589
0,0.1986508892292022
1,0.6057976830732276
0,0.2819687417266108
0,0.16982559075366316
0,0.22554950062846132
0,0.14734793076819355
0,0.0986075416825192
0,0.08665544271116087
1,0.5316348076538563
0,0.2609072206684905
1,0.9672368842617465
0,0.1541490930080439
0,0.05076105421272505
1,0.8404265187252188
1,0.9940826317842627
0,0.06602741585792989
1,0.6146134439359877
1,0.7862635244419816
0,0.19444024525280862
0,0.0024534363923004524
1,0.8142770183241763
0,0.12708322669995753
1,0.5502878049855764
1,0.5062871984993845
0,0.48423506953369844
1,0.568181111188362
1,0.9618713261867518
0,0.37737214581365713
0,0.2768207724363001
0,0.10125897183804594
0,0.35451633080098854
1,0.5380030620632892
0,0.48824311906127604
0,0.31828912780300783
0,0.01957745478124464
1,0.8844036161048031
0,0.48536436538977284
1,0.6519094350580369
1,0.6005636352022848
1,0.7449996277694312
0,0.15377789113857127
0,0.17633722440121063
1,0.603396881246231
0,0.2671069031844055
0,0.1768505769324684
0,0.4345662000476513
1,0.8546831570818173
0,0.16065120908303246
0,0.2913940598594411
0,0.10906665931652183
1,0.7996098020797946
1,0.88163233493199
0,0.18763321330939833
0,0.30812229262700586
0,0.060738392693934815
1,0.914916038559637
0,0.2691054305652531
0,0.07736244656921544
0,0.3643710036449654
0,0.03199786791932404
1,0.6022480341479565
1,0.7000636840226009
1,0.9793937913728037
0,0.4235581109387962
0,0.3296699729613181
0,0.04070495738988978
0,0.11834122430588029
0,0.3492126481370558
0,0.06009585332768499
1,0.9949765460182165
1,0.7151214641874866
1,0.9962052649388533
0,0.39159900943512416
0,0.011419696476613155
0,0.2304061970861301
0,0.3963205738886623
0,0.3104626130522976
1,0.803821228295739
1,0.6562882627753549
0,0.06703500172246936
0,0.056510328284221714
1,0.6124061727850554
0,0.021417489852545733
1,0.7521776398242939
0,0.15987875774035243
1,0.9641548628947478
0,0.001638402266382864
0,0.0023550341476677467
0,0.44403883990374926
0,0.058833933773291554
1,0.8530008634936238
1,0.6771717145267357
1,0.7360126931768832
0,0.171645968442988
1,0.6198010955760349
0,0.03895947619940347
1,0.8849796334423123
0,0.02027268947058735
0,0.007154987147380934
0,0.2784459568220252
0,0.019936742530159857
0,0.46413373141837844
0,0.4658505144441231
0,0.1840076226241038
0,0.09154338520798196
1,0.9826659752428311
0,0.03944622018186761
1,0.969211335539932
0,0.014479002082825534
1,0.5663111680535431
1,0.9739439134859381
0,0.06432825557027225
0,0.008354164661431114
0,0.034777706382109086
0,0.13409882631864994
1,0.5090109315002838
0,0.2580277474174708
0,0.039009237417890245
0,0.0916329132493614
0,0.0033125828532756777
0,0.22168390650356357
0,0.04043713404101155
0,0.37166326907268027
0,0.11985649976039782
1,0.6452087889266149
1,0.5143033873067293
0,0.4677833228118928
0,0.45853235469321274
1,0.8403594573502434
1,0.7969879133969627
0,0.10221415576440034
0,0.3526227078578001
0,0.1833617634621949
1,0.6703081049959635
0,0.30635004210998035
0,0.06818628617128698
0,0.1307484040739594
0,0.37462303223759136
0,0.08984796304504464
0,0.026842793496544358
0,0.01986928735089619
0,0.4053494398907904
0,0.08368631941595724
0,0.125433830173298
0,0.36911751599454107
0,0.2890071965160281
0,0.11748652409463986
1,0.7630581676720414
1,0.8768278569275154
0,0.12389647656158893
0,0.36332238894722513
1,0.6084087398539767
1,0.5976059847053583
0,0.0659395225772304
0,0.44732783861066244
1,0.6764244296523262
0,0.23821831205238267
0,0.20548133477262956
0,0.062018131566019485
0,0.4838332511904897
0,0.06876194043376882
0,0.2199154418837884
0,0.015059910260188521
1,0.971889212929485
0,0.21102365900981565
1,0.6000614704658641
0,0.1092909064839791
1,0.5367368139915281
0,0.28911209937180105
0,0.006549708113861247
1,0.8720418891561325
1,0.836244221546223
0,0.3898864447238615
0,0.41275087871187105
1,0.9629251523990644
1,0.884610330433581
0,0.023801659611746517
0,0.4715676053847471
0,0.39030880084660036
1,0.775651424955968
0,0.30323074293273056
0,0.0034022081492650546
0,0.1508632251072304
0,0.28120509828082324
0,0.13508813801275632
1,0.992322122427821
0,0.013843361337316833
1,0.955862820999341
0,0.3686415460914334
1,0.5838995536166075
0,0.13031405067575622
0,0.28409780229336823
0,0.08437904367349389
0,0.25076141020422976
1,0.5532471780720057
0,0.4344891007602679
1,0.544872691197275
1,0.6784845597519504
1,0.5103927868490407
0,0.10372418095020162
1,0.8252283951331897
1,0.5251381134696982
1,0.6694207423027844
1,0.9972277971768777
1,0.5305254103382596
0,0.10716092436744407
0,0.11298221697731005
0,0.39359386177966316
0,0.2721636491525607
1,0.5355669293063718
0,0.24084210369577358
0,0.22161996783200583
1,0.8955056452555004
0,0.06816500304013894
0,0.0012899025273876744
1,0.731886268472948
0,0.047858748584638434
0,0.2913578471185218
0,0.1924728258963428
1,0.9491649978190391
0,0.3354657123173312
0,0.11583298975056508
0,0.2956305690596559
1,0.5501466437562905
0,0.26155956079686943
1,0.8148087163596778
0,0.041310602838326334
0,0.261268982170464
0,0.11166962064722273
0,0.2884567714413862
0,0.31948806711643263
0,0.16155140150999311
0,0.00401826207733378
1,0.8804270930307895
0,0.4334233277526258
1,0.6961411041664944
0,0.014589986559405476
1,0.5140248272142541
1,0.6509864476015639
0,0.007819976362654392
0,0.1726579942988153
0,0.39972799915705925
0,0.29407609305336746
1,0.6090042956119528
0,0.17052774577364108
1,0.9294173165957051
0,0.24954575786320637
0,0.32297813692737415
0,0.27979234079589155
0,0.17464016449852277
1,0.9003614963984922
0,0.22861982832879363
0,0.39136865568552537
0,0.20667051227835218
0,0.05799021125404563
0,0.12623686768520875
0,0.17222143755615726
0,0.1251218562644783
0,0.2562986755403693
0,0.22619401827474075
0,0.3182209809796174
0,0.10461145779253583
0,0.0023338086738571404
0,0.1739304538248679
1,0.8231094482177587
0,0.48371316502459266
1,0.7433754671276351
1,0.7153859245471367
0,0.30154264735215547
0,0.1340848076550279
0,0.08056386881484656
0,0.2793945728974335
1,0.6112029288452965
1,0.7175455937070425
1,0.9812316208349479
0,0.313502220451278
1,0.6018248383468469
0,0.3221939452711373
1,0.9200809594615896
0,0.11873603724797309
0,0.1363239608796966
1,0.8804641771158065
1,0.6473943501372847
1,0.9210099059926946
1,0.5714641119534416
1,0.7612810008226675
1,0.7082835736370694
1,0.8955511338182108
0,0.2789359655706849
0,0.44668042667005287
0,0.03290384058497041
0,0.18530001837807267
1,0.6982305398431844
0,0.44734288578819426
0,0.2705228644320213
1,0.955883977549477
1,0.8567126037333533
1,0.9470540569996214
0,0.006760296818423625
0,0.3072612320653102
0,0.20980316098096416
0,0.11758747923518033
0,0.392227304346446
0,0.0016024685590992204
1,0.9634895157113692
0,0.4682980835365282
0,0.2658576706525169
0,0.06608645023601015
0,0.031055104832177646
1,0.5039595232915283
1,0.5049045187114372
0,0.337704043313504
1,0.8963659500951973
0,0.011202242744529689
0,0.3270048594207316
0,0.41176003663357535
1,0.8144785914085899
1,0.9405090160149533
1,0.9423320723500364
1,0.5668255208669567
0,0.04266542365408999
1,0.6217844349718984
0,0.016493704883718315
0,0.34230399726363026
1,0.875642119061885
1,0.7051629319856589
0,0.4101081212100893
0,0.011183591179392183
0,0.17241955360569627
0,0.05886639540490428
1,0.6927313355088826
1,0.518198068322085
0,0.20320756921055846
1,0.6338833330616357
1,0.9573392481251891
0,0.17595824039702723
1,0.8205940615153116
1,0.8018646305909404
0,0.2556372617104911
0,0.21213600710745692
0,0.0625628478364279
0,0.35264521983517166
1,0.6070948460739463
0,0.328670155666592
0,0.20435969607819213
0,0.07477131954950074
0,0.27397154749194796
0,0.4494163482067924
0,0.17097675299665765
0,0.0026269677937384678
0,0.4744305296159352
0,0.16836397833189135
0,0.38188888714998503
0,0.45192002421033495
0,0.2840319564755701
1,0.8509715804338442
1,0.7444388624113399
0,0.0033880179294511347
0,0.3159895336205172
0,0.004158563146494631
0,0.05972578905678885
1,0.8107189894891761
0,0.15235834583070526
0,0.04497538188067651
1,0.7710624687931074
1,0.5170615658685348
0,0.05779320495278294
0,0.0704826780651203
0,0.033022483481183515
0,0.15100763749989884
1,0.6786386151822535
1,0.5546529396636606
1,0.662933212203385
0,0.21625868923102382
0,0.2457727805799824
1,0.9260111393957154
0,0.004930880139132121
0,0.04685903639966971
1,0.8628410236299398
0,0.30927820981301923
1,0.886885352622045
0,0.02327461245641848
1,0.9510252822141732
1,0.9165535419081788
0,0.22303992015609944
0,0.24242755378374298
0,0.0017380604574292185
1,0.5678548434629882
1,0.6511378600716816
0,0.21555487405382576
0,0.18421627459480355
1,0.6671891508038337
0,0.10888805226908796
1,0.6290671104617231
0,0.24202673357949728
0,0.292270927087195
0,0.16582733609243094
1,0.5422553333268183
0,0.024936857017001327
1,0.7965767513021194
1,0.9430216081229243
0,0.17003108952945767
1,0.5183686977138877
0,0.09721826042665663
1,0.728486719314272
0,0.36311875969129487
0,0.08602330671958487
1,0.5834287449447955
0,0.04764115804695705
0,0.0006885592207551419
0,0.037908182122933516
1,0.9209746675892269
0,0.005045152500326545
1,0.8707929551684511
0,0.05172985221358159
0,0.33314691562597815
0,0.32037258521960965
1,0.6233363492560918
0,0.07210716702398656
0,0.07016205236364899
1,0.5041810100621235
0,0.04080367743825427
0,0.4762075241753428
1,0.9338212448291076
0,0.20378265171221216
0,0.12163315404374456
0,0.09857053025940798
0,0.30202325518957224
0,0.10309153230997722
0,0.18450655075195133
0,0.2384130271433729
0,0.2654731726055764
0,0.05168402631597491
0,0.14601473391498151
0,0.06353708281563598
0,0.09542222312244789
0,0.002300517909980877
1,0.6556853733999107
0,0.040296165515738364
0,0.04419748202220908
1,0.7017349334438948
0,0.08327098165829079
0,0.1393248915097893
0,0.14863317305592463
0,0.2283491716170354
0,0.33170804499581147
0,0.39440664419014737
0,0.001279320940461865
1,0.8538422478971527
0,0.40565948102456584
0,0.04778253781096214
0,0.2890282952024121
1,0.669067237102833
1,0.9247885630273971
0,0.183518165739163
0,0.11525343306716154
1,0.8917699505665522
1,0.7397168422049665
1,0.5693558065548658
1,0.8676808193374401
0,0.22318368205604278
0,0.1459060106867733
0,0.37364201591760354
1,0.9616905821081803
0,0.0717750295410853
0,0.04322286357281819
1,0.905324645597338
1,0.6787052848482735
0,0.36135235419426215
0,0.07303785240849188
0,0.24891657588372304
1,0.5067439154621762
0,0.13290696866775434
0,0.29515229786847386
0,0.49733658222259974
0,0.11816998538286605
0,0.20414859201190882
0,0.4775035789194162
1,0.9465064233854137
0,0.04240436453152367
0,0.09809110157219715
0,0.028191307225085956
1,0.7253554613689316
0,0.4104524108510334
0,0.004903930538344963
0,0.012442090506393848
0,0.007954453546332346
0,0.33585241240479163
1,0.9078867727075056
0,0.22598096132172033
0,0.3144767350574596
1,0.7025165510293137
0,0.4679441536409875
0,0.05489927471007553
0,0.04316325127907599
0,0.17560087708713484
0,0.06208232822403745
0,0.03808824760157417
0,0.28243396464259507
0,0.21943884122032703
0,0.20411168212332859
0,0.0758455511664932
0,0.17262046869038494
1,0.6142746024375004
0,0.05312263533642184
0,0.4375413565259713
0,0.29638132291668284
0,0.3329618720506024
1,0.9126501860234002
0,0.044461526751273635
0,0.05233060140878252
0,0.41694656282796805
1,0.7693453800428917
0,0.1561874242665919
1,0.622586068873135
0,0.04964138552108458
1,0.9235468880525138
0,0.19882727114312357
0,0.23648916016102098
0,0.1865291169460222
0,0.35704676228383087
0,0.1081144119781989
0,0.08904722773282524
0,0.004889700278513981
0,0.3187736288222936
0,0.10853901959769138
1,0.7159965534961322
1,0.6189843521570877
0,0.3134971850066685
0,0.29982858580784005
0,0.12796071232643821
0,0.16368160197116602
1,0.5853025677835966
0,0.35757623027850993
1,0.6426701921416711
0,0.055274642342353936
1,0.8660690034694037
0,0.07405369061177186
1,0.5223698586476925
0,0.24863479405971076
0,0.4257785486619723
0,0.1403721298534728
0,0.1992561388200292
0,0.13208709937270463
0,0.01158123418779856
0,0.4947363320748513
0,0.30674359931437273
0,0.27578284285417504
0,0.2909965330648299
0,0.005885774738927981
1,0.9726341655556379
1,0.7474726774794631
0,0.12658434441328906
0,0.17075459037177831
0,0.40578188797283127
1,0.5960426018533964
0,0.21549529554953534
0,0.4544638732132318
0,0.16519284916648524
0,0.0020407923504373337
0,0.07025496659432474
0,0.16041185595067342
1,0.6646902786588724
1,0.501359587033428
1,0.7501731381324837
1,0.9054651013462905
1,0.9888536387672512
0,0.057425704119923905
0,0.04323604035653609
0,0.4826895885747071
1,0.668247192368586
0,0.03099744711220559
0,0.3242653977249125
0,0.41640629132887463
1,0.5112414910390165
1,0.9946332490613342
0,0.14530638666457663
1,0.9561896911273166
1,0.8532586204292341
0,0.06925453164489181
1,0.9956256465253441
0,0.1360097657295528
0,0.3098377133325986
0,0.04654091818841251
0,0.00459103937287365
0,0.04296834132032282
0,0.020508431253398848
0,0.07292571554212665
0,0.15861253650707344
1,0.765175336805926
0,0.002679647184315333
0,0.2240389325662652
1,0.730502150516162
1,0.8281451325513601
0,0.3728212480070047
1,0.5443320930492164
0,0.43393614586623663
1,0.8980132275930018
0,0.023975939140240668
1,0.5103090493145119
0,0.045251116513423874
0,0.3073339552705642
0,0.0038094552256348686
0,0.053288540199523386
0,0.023648992257786862
0,0.1661692635428951
0,0.09575939382102364
1,0.6062596321834108
1,0.8483295142080479
0,0.18474633997267037
0,0.19581522931100875
0,0.2915880549360622
0,0.1226455031324964
0,0.3638437976264863
0,0.4647988965451058
0,0.019363996554935366
0,0.29615215698877756
1,0.5826323571299755
0,0.001206651225818613
0,0.05570613773874414
1,0.5637434378671091
1,0.960697454288735
0,0.05220765654230332
0,0.045012878521634776
0,0.4377254020044971
0,0.19471756791287212
0,0.0164973923947742
0,0.021959270784547884
0,0.07711319291956183
0,0.19367002955693097
0,0.13860597881181688
0,0.27389632676912296
0,0.0755590943203387
0,0.49297732838689096
0,0.03641856257402936
1,0.9631786557331462
1,0.5997378060467905
1,0.6363663223673097
0,0.14015917346720744
0,0.38765462110993043
1,0.954984008897238
1,0.947518446952355
0,0.34756325769992824
1,0.9556814459560595
0,0.008387111033076258
0,0.2626159458989849
1,0.6425416041860315
1,0.7306671953769863
1,0.905688230314616
0,0.20767526247828216
0,0.05961542366463909
0,0.22271541843651005
0,0.023906395093353024
0,0.2863691886233623
1,0.7623884382552644
1,0.5504850961253602
0,0.2363916793398559
0,0.3416545745937316
0,0.30142571515738903
1,0.6992171893916169
0,0.0010415795697154122
0,0.3386623731654521
1,0.7789611228512215
0,0.2543275716667236
0,0.42684153053810847
0,0.3160378943424323
0,0.05971343003184081
0,0.4498184502820253
1,0.7867964263423077
1,0.6968510103592309
0,0.048304629120785945
0,0.2603668586999185
0,0.06760199585909704
1,0.967365451445402
0,0.38842314907313163
0,0.4318355679065858
1,0.7284472782129018
0,0.13515191517551875
1,0.5978585021866926
1,0.6762242184662238
1,0.9994230926895068
1,0.5088318107927436
0,0.3259906082275858
1,0.512423783903865
0,0.3032652794612411
0,0.04570292137474097
0,0.08369118430206285
1,0.9883878048157613
0,0.015668478473379
0,0.03654896799358076
0,0.3224000569351665
1,0.8775019434592399
1,0.6805520731296898
0,0.22978035261771973
1,0.5082638637010647
1,0.6217668902087242
1,0.8378968639853966
0,0.0037658645291863903
0,0.09436130808536544
0,0.014984008766782965
0,0.21613577230970976
1,0.8357514739924655
1,0.8252885644207816
1,0.9522287188753632
0,0.23980624887940216
0,0.03493521004819037
0,0.23410286191377735
1,0.7921349994238202
0,0.09470518452240129
1,0.8174497259064017
0,0.1275896984426172
1,0.7168319588651818
0,0.024590130351537294
0,0.2780043254571061
0,0.051932661987246324
0,0.3702933871797562
1,0.6789111790950562
1,0.6914606728934678
0,0.07156238557840618
0,0.22007144286393795
0,0.011465599744427965
1,0.6012060277195448
0,0.20364721842317465
0,0.1251195120193631
0,0.14579807075304352
1,0.8429448018373196
1,0.9371224283997228
0,0.3450359313725708
0,0.2051740002823626
1,0.8795650928283208
0,0.2737301895433672
0,0.17099512926835653
0,0.3074995521602416
0,0.397784005774886
1,0.6570263092927564
0,0.04528830357836994
0,0.3296829654736929
0,0.026462865867933862
0,0.2718512889612825
1,0.6014951699565285
0,0.016747830819248403
1,0.909197991647861
1,0.6617425349811819
1,0.5886867537779086
1,0.6356522654919042
1,0.8138846028731564
0,0.03678372480565758
0,0.02926224907585261
1,0.9590665299659165
0,0.4084399366874037
0,0.05799168250916392
0,0.13220798936133
0,0.043073766533362014
0,0.2152565328644484
0,0.08074915053123136
0,0.14191775208115814
0,0.2857918472250564
1,0.9340832860145887
1,0.9378400986829217
0,0.019175090164633143
1,0.895426997902919
0,0.22054644209498134
0,0.03465715675274471
1,0.574777956739824
0,0.24200435626010025
1,0.9324784392088243
1,0.8035743294882903
0,0.23954900786011282
0,0.17790083085571387
0,0.23231722562184134
0,0.05642043673279541
0,0.1254826425169258
0,0.015034308308578782
1,0.5805372706949785
0,0.03417673830860056
0,0.15914812608638995
1,0.6572697434458142
1,0.5104554751697824
0,0.05917733837376617
0,0.4930963155451196
0,0.050626379096835324
0,0.00011837861717800545
1,0.8465485553864347
0,0.4760110303494947
0,0.0026780469275288657
1,0.9609098497878907
0,0.35598073089136456
0,0.15670766301449476
1,0.9823147087356483
0,0.3405479491516317
0,0.10604120259090308
0,0.25179382632033287
0,0.293891638931399
0,0.05332858654424027
0,0.13662224933782494
0,0.048584258909366865
1,0.9871078033952431
0,0.11255779702277816
0,0.25817813414129054
0,0.34221568434335103
0,0.10430025277602595
0,0.03829803409085897
1,0.5122119833185544
0,0.0888521395442925
0,0.008631165685596279
1,0.758381330696924
0,0.3591094550410367
1,0.6201698738054703
0,0.26986689770107974
0,0.04746416934779924
0,0.38346748631584265
1,0.645123843703035
1,0.9268395874296874
1,0.8895203629932038
1,0.8467126284255001
0,0.010931343638283703
0,0.27705788744112353
0,0.020003048834637934
0,0.49668649527161657
0,0.00284629696655116
0,0.03666194115437678
1,0.9381907688856757
0,0.22643202610677957
1,0.5092531945164384
1,0.721478438328701
0,0.4710014445193596
0,0.005610958559283318
1,0.8741802426635368
1,0.6226565073281992
0,0.3179211157506844
0,0.4703150595613808
1,0.8822389742412925
1,0.6357745493273738
0,0.16404795448545587
1,0.6974507607135068
0,0.21575865018079568
0,0.2852904037942344
0,0.4279219791104456
0,0.4468848895874275
1,0.8880390502338225
0,0.012695621447310915
1,0.7528921395689311
0,0.3682458695238346
1,0.93509716671927
1,0.5170955639183943
1,0.8399254588924734
1,0.6449978976146362
0,0.1410788783801063
0,0.0515918129885105
0,0.40855055418776115
0,0.45268524708983293
0,0.007723129424630603
0,0.46303726663611927
0,0.3043633370495572
0,0.09203445421449295
0,0.21987559222195677
1,0.5213671673918516
0,0.06012672417514648
0,0.08859252665808776
1,0.7083746970064649
0,0.025036317879054283
0,0.4264889849621858
0,0.49185375154785727
0,0.04764118498949101
1,0.7127811663877746
0,0.007213987574990205
1,0.6956149028719679
0,0.3937120720900775
0,0.3819436327307321
0,0.488481378903083
0,0.358740632258584
0,0.22420646071065917
1,0.9710420541297902
0,0.22362940604955292
1,0.8434850823292466
0,0.2740234522229514
0,0.04650692786206459
1,0.6450468419327288
0,0.4788348210431898
1,0.5163353968860913
0,0.14151087260871414
0,0.38331762711450096
1,0.9170314196983329
1,0.8528767394279423
0,0.243254852656477
0,0.18041823260853843
0,0.2689871902671727
0,0.05243435134819724
0,0.0006113317274227683
1,0.8437737379927681
0,0.3888023027677391
0,0.06849025214502023
0,0.05265669175440237
1,0.7881910932880098
0,0.05231987304095481
1,0.782538502395591
0,0.12738683124164568
1,0.67648363761653
0,0.2826364554187383
0,0.42084315671513534
1,0.878830321860933
0,0.17354636641076676
0,0.3693547386845287
0,0.3809457297923569
0,0.26242067851882694
1,0.7233049251647785
0,0.02554728324992927
1,0.597647229134764
0,0.1375660342762082
0,0.009156890460783721
0,0.0017537854563463068
1,0.9500356910145044
0,0.0638636353833226
0,0.13872787673184425
1,0.8434643666633815
0,0.21378054043406863
0,0.38572005076532384
0,0.23779534108490288
0,0.04329210092164498
0,0.11102194185628839
0,0.10790005217339951
0,0.39058288784403333
0,0.29477293587365744
1,0.7382234170402523
0,0.20003835708312281
1,0.9739336727457981
0,0.4454150556429913
0,0.2778001924388887
1,0.7768446572793479
0,0.261938704778372
1,0.8442418673842524
0,0.0352328534079721
1,0.9957073454335412
1,0.7286201094100289
0,0.07747597936657359
0,0.013938442214170444
0,0.20539986401165664
0,0.34221636623938945
1,0.9762044118900621
0,0.241317777784677
0,0.09922756897422924
0,0.3576271694954944
1,0.5209713881415301
1,0.6414657506205995
0,0.050393134625906943
0,0.43246504501107175
1,0.7752599831452123
1,0.8678047807352522
1,0.5497839000869432
0,0.19436147710599794
0,0.27172600464324165
1,0.6267981763757333
0,0.09338215935373262
0,0.34530875460733573
0,0.20128433268546042
0,0.2391237972411726
0,0.29038288843185933
0,0.46476446269265004
0,0.4021951814793456
0,0.30338403779464035
0,0.023707351572440645
0,0.39561949187616774
1,0.9810159754734457
0,0.027692723518328046
0,0.11218893193295293
0,0.30449204025640003
0,0.41213683707300497
0,0.3869126864476448
0,0.30420155897840623
1,0.8701686121301394
0,0.1219756467845928
1,0.5910544771140229
0,0.2955167185178757
0,0.12952366899864276
0,0.07773293753901458
0,0.4762891800433282
0,0.17545390174756711
0,0.142536322392493
0,0.008834364049295804
1,0.6142361784038666
0,0.09583197390030632
0,0.06380745832214406
1,0.5623944617698131
0,0.09324556746994313
1,0.8741951934141649
0,0.4304906884387267
1,0.9907330661397066
0,0.15729086760080588
0,0.4285634604822157
0,0.4224605592049365
0,0.22129968348218287
0,0.38716221714560584
1,0.5403864586289677
0,0.4940602419423898
1,0.8948788890950974
0,0.03494571377110677
0,0.4182653018053825
0,0.4742699142979447
0,0.28475939973174946
0,0.3723722260987226
0,0.17307790426650038
1,0.6964212564079986
0,0.05359132894600058
0,0.01304918142304285
0,0.376228029104314
0,0.11649079853121568
0,0.04433770224551863
0,0.31579237622112055
0,0.020889976411181743
0,0.17082416634207392
1,0.8450003341546224
1,0.7375747231768619
1,0.925012802409532
0,0.21187636887559821
1,0.7782282872888242
1,0.7175657781405902
0,0.045913211237261276
1,0.7736810620894005
1,0.5421330807923509
1,0.6711805638746882
0,0.4424583141496384
1,0.6436457648275385
0,0.24437393321701575
0,0.3136741429978922
0,0.14758510249227488
0,0.2888174273953373
1,0.9724411498792971
1,0.7259535279111083
0,0.031286467586700166
1,0.5911450256103349
0,0.25814856151677407
0,0.23046729316372672
0,0.34345083705682045
0,0.010733451894207425
0,0.2753958961025451
0,0.06682387164548044
0,0.47992064115793986
0,0.09226829147927221
1,0.921084612478402
0,0.46604766858705754
1,0.9804112663875487
0,0.21511377047617905
0,0.30426495995016106
0,0.24598852064171417
1,0.9030680995162291
0,0.03412888455227895
0,0.3475790652116149
0,0.09624205242745897
0,0.15316718770581092
1,0.9551563566213038
0,0.01980337596072732
1,0.524287520192099
1,0.630221257952316
0,0.36172588291297264
0,0.004147958712569082
1,0.8868707793184062
1,0.8296470265725643
0,0.05187373537329045
0,0.022053690207521008
0,0.3523852681981732
1,0.9818341145817876
1,0.5700337230424173
0,0.3032846770245196
0,0.3664804051498463
1,0.7646182938638274
0,0.06362615907169142
0,0.09121143165745549
0,0.0003070249597270235
1,0.6290511305299662
0,0.012589007748327755
0,0.24167226376227496
0,0.19620399793370477
1,0.7545958783353282
0,0.06787495544218078
1,0.929939465122997
0,0.41069192202648575
0,0.1352749140114475
0,0.012872503831492521
0,0.0441316761053476
1,0.7795350686989206
1,0.7706414963402057
0,0.4614922401805011
1,0.5883979723995442
0,0.23941052572558222
1,0.6937508140302835
1,0.7717404443505022
1,0.6004962436738308
0,0.27260989164405136
0,0.4858209269648058
0,0.0787645120263877
0,0.03848460919030047
0,0.013787347003430189
0,0.13905534101073855
0,0.4774151690104728
0,0.22141553929550298
1,0.538100123038815
0,0.20969218951644825
0,0.3858971532383346
0,0.10871191429277917
0,0.057640942874069075
0,0.10212324281761315
0,0.3211385654016617
0,0.1375186567906613
0,0.12114030165414963
0,0.20081082927211105
1,0.8640087079399436
0,0.2147151129296795
1,0.7344661247839167
0,0.09615567545862554
0,0.2677781146921781
0,0.20722235376929513
0,0.005165412796319904
0,0.13836992356284042
0,0.001978043313936021
1,0.5573173149645323
1,0.9258595250424525
1,0.9849525920121449
0,0.36566344027127073
0,0.22511011145636572
0,0.03389237182959552
0,0.4880311907106676
0,0.11434087467088673
0,0.49560952465521024
0,0.44184641880180126
0,0.012540820465533701
1,0.8812028617935312
0,0.0824694962542906
0,0.2440045009329228
1,0.5980141636748159
0,0.12063402349676154
0,0.4807749122206548
0,0.04053994835588318
0,0.25817813414129054
0,0.45122543835680107
1,0.970712445841684
1,0.626521757183692
0,0.27295828973579406
1,0.9344876993940389
0,0.010196981676200426
0,0.014136508226598267
0,0.2523019621300771
0,0.23911730238234513
0,0.35190790974675773
0,0.4030203397725287
1,0.8210364397899175
0,0.04737274705094383
0,0.3038976015256327
1,0.6644262434583806
0,0.4701129783980319
1,0.9461274211680474
0,0.33934797920463133
1,0.8414402853899131
0,0.0902594848176739
0,0.14675800077517015
0,0.14001641480114418
0,0.04859999820701161
0,0.025842590453266853
0,0.17327747716650604
1,0.5856055892502688
0,0.3086798815144442
0,0.4374504702239762
0,0.023933598769568146
0,0.010709929676392806
1,0.7208156040250581
0,0.0228117437869974
0,0.15677266112669544
0,0.07314568263348202
0,0.0005317914162028237
0,0.0015184957016299615
1,0.9242414038863843
0,0.001030648767725278
0,0.36816494436790137
1,0.6924220880680991
0,0.3399663796176486
1,0.5887177327349654
1,0.8110038839087251
0,0.0746980071760624
0,0.3100930026824526
1,0.8161015498001299
0,0.09078044089876063
0,0.4778823720274941
0,0.26667686130341717
1,0.7139105881794781
0,0.47694527280573323
0,0.05217798197880973
0,0.32651502664626997
1,0.5672602370095071
0,0.008439307282999306
0,0.11345843335514867
0,0.1491493539580041
0,0.06554781000138381
1,0.6000613151180458
0,0.27235903185475735
0,0.4318431051859892
1,0.5492395966038905
1,0.9927630659289016
0,0.3823159161358398
0,0.06675822608658993
1,0.9087497446883508
1,0.7510284231291854
0,0.40647153813709724
0,0.024332930994031342
0,0.20547268376547378
1,0.857041382198161
1,0.6616060263463667
1,0.7882749102594069
1,0.7042985870154965
0,0.2934824125962547
0,0.20623892516873368
1,0.6867578466955897
0,0.02706435793616054
1,0.8092509852494094
0,0.2546842075426529
1,0.6601697998497041
1,0.9867675140301028
0,0.1729067416953189
1,0.8209058060270247
0,0.14286166722519114
0,0.06592726845621143
0,0.06202055089938805
0,0.46018971859742386
0,0.030714018455920887
0,0.11804944032244893
1,0.7723016041449885
0,0.49824297064212925
0,0.003673460292878068
1,0.597959662344664
1,0.5985715825294335
0,0.386357644534371
1,0.8184148563761967
0,0.3331123201932441
0,0.34723998639692805
0,0.08613616672402578
0,0.05385329979503438
0,0.1841207469394612
0,0.2673054454830779
0,0.3033837736842672
0,0.13282317419697745
0,0.044257163621293935
0,0.11313042619163528
1,0.6741546488032653
0,0.2191101828080099
0,0.22753338426365416
0,0.000817737357407823
1,0.9582233467564399
0,0.11750761629205397
0,0.15237623497539113
0,0.12366214371459494
0,0.13015039735907274
0,0.2318742390539747
1,0.7829432090331983
0,0.06684598291484314
0,0.3034848186605418
1,0.8304456936062384
1,0.5428250419679334
0,0.1738847483762626
1,0.6470185845717381
0,0.4544523359136403
0,0.4928512850643315
1,0.9895304736447762
0,0.0007308747606444826
0,0.10885716840067647
1,0.5531857179834881
0,0.19126680014430653
0,0.47480137178838194
0,0.17638542156771234
1,0.7758441904538725
0,0.18642982187239238
0,0.17701770408570064
1,0.5804107823828719
0,0.006408975393032862
0,0.14394801588255812
1,0.9276057932097672
0,0.07880654818445186
0,0.02274992824022153
0,0.06770429769229261
1,0.7554986157516631
0,0.10558892474000384
1,0.8553381604850483
0,0.3871192427473316
0,0.40526435236477765
1,0.5104901722470647
1,0.9689289342362216
0,0.12768663630291113
1,0.821852470852834
0,0.07575954572961956
0,0.3132875125617424
0,0.2307468407843519
0,0.11642077349300411
0,0.1745859182572715
0,0.07694169025461751
0,0.029878915893162068
0,0.04602097749334662
0,0.04351641264586433
1,0.877981591919507
1,0.6284018340817129
0,0.1863459973455405
0,0.06364698318620844
0,0.026697302425258022
0,0.1128325507283253
1,0.9923013473283462
0,0.09191437327268256
0,0.08951299396700783
1,0.7700341202214137
0,0.1266468197453861
0,0.18404658449499525
0,0.28549992934660356
1,0.8199187711699536
0,0.021201186844747453
0,0.43424891046661884
0,0.1772249251494138
0,0.08034042185899634
0,0.3414191106976811
1,0.6565684030765083
0,0.2005112375583267
1,0.9940014509055753
1,0.5289627940458764
1,0.6609240547090631
1,0.839679349512761
1,0.7855453414727523
0,0.2599423350776176
0,0.3987583658739184
0,0.13208038075993175
1,0.9961270933103779
0,0.33066525805060204
1,0.9404725508454084
0,0.028563362654681748
0,0.11215534986138948
0,0.13029866655570296
0,0.03920234372769226
1,0.8883698250555206
1,0.5696709474663686
1,0.6505801887645627
0,0.18312055746870146
1,0.6352595994934512
1,0.6160780374725732
0,0.32204971330717364
0,0.09065969385602536
0,0.007347983461803172
0,0.23306831153657742
0,0.11243538131583485
0,0.11611435352987726
0,0.022839524810974354
1,0.6366214859177061
0,0.40142821511297017
0,0.4949627906703314
1,0.6239122981808247
0,0.060983835436250466
1,0.9203330251068648
1,0.8185949513652775
1,0.5890186675508637
0,0.10054565064555981
1,0.8044751026544795
1,0.5713931652976231
0,0.11357948991769884
1,0.9015592471132682
0,0.3011804605762768
0,0.3599571137064021
0,0.02933036377337491
0,0.015261407419494095
0,0.1580526334732876
0,0.0777470082081669
0,0.17184343004948072
0,0.12902621669412492
0,0.2007668932433003
0,0.1594461837461469
1,0.9619615700775863
0,0.14249354968200464
1,0.6210069085703663
0,0.025566648369642727
0,0.13827446295215542
0,0.1398824706183611
1,0.8027355915323824
1,0.8575118449733672
0,0.1900159833910077
1,0.501592140481438
0,0.042950262970399056
0,0.05527652404225304
0,0.2779765525035662
1,0.7349243245170372
1,0.8970009029782126
0,0.060917444061375184
1,0.912765820292509
1,0.9574969543219999
0,0.08252749598497697
0,0.26564094102295227
0,0.05514094024395025
0,0.20806163179928447
1,0.5815198994179894
0,0.11433006551201155
1,0.7261690314693019
0,0.04820050750953663
1,0.8684483490756997
0,0.37274589573841116
0,0.09197745965239304
1,0.8113957191298768
1,0.8038675901879578
1,0.843154797627649
0,0.2908940322654346
1,0.6794635457425641
1,0.5068453620025621
0,0.21574803881655613
0,0.3943097395404581
0,0.3097633474873394
0,0.09204678625936974
0,0.1741124537010093
0,0.052014443022983456
0,0.021835135037111188
0,0.23403852913860101
0,0.34090218534165834
0,0.06802141405082505
1,0.9999955306068631
0,0.2935422075688254
1,0.6180915848720269
0,0.4207564233060018
1,0.5764253284301761
1,0.6411879915599206
0,0.044592968463380636
0,0.06310570650392243
1,0.9079207271757462
0,0.05783999062923517
0,0.1447078137234753
0,0.2739339571804049
0,0.22773556946863108
0,0.2171445917716711
0,0.002521147729719455
0,0.3610012455032902
1,0.7229175647918413
0,0.09724163623857715
0,0.2712764451712166
0,0.33188297759582913
0,0.0558258023101675
0,0.08329570144697077
0,0.20438063200546047
1,0.5911727761238452
0,0.39606710197727657
0,0.4185582667066307
0,0.012159422048469922
1,0.6139345182417287
0,0.004583084880658305
0,0.12921165906297727
1,0.9089728187065036
0,0.04485973565195088
1,0.8909198882011068
1,0.8910045583954715
0,0.044065277636544616
0,0.08128570692193317
0,0.10668316910822552
0,0.244803003441724
1,0.770674990064171
0,0.2181776650503933
0,0.3949316284784544
0,0.03221248815861121
1,0.8125845303146118
1,0.6441988199286448
0,0.025446305523968746
0,0.11351028093080431
0,0.07333875651206208
0,0.4027137294164228
0,0.25219782285282144
1,0.8511435877612348
1,0.5329922019766534
0,0.2520511917925993
0,0.03080969067247015
1,0.978051037809956
1,0.9429545416316322
0,0.2548792714928258
0,0.40583616469266204
0,0.28085778061716693
1,0.6182770913060149
0,0.17317908938586113
1,0.8803057989619464
0,0.06775867620887127
0,0.2916826024138725
0,0.37552838004745864
1,0.8007959323251068
0,0.39822713786265435
1,0.9624508659030143
0,0.03293249114990615
0,0.07765486261803944
0,0.14893225723126952
1,0.7026383500518304
0,0.06202709987146485
0,0.2908487447909943
0,0.31391441137672094
0,0.41088795321331967
0,0.266638655752004
1,0.9422996040734385
0,0.26532448366437067
0,0.054201823946648256
0,0.11349886685914157
0,0.23100485326864878
0,0.1889147482433597
0,0.2999509046321074
0,0.2541356621730049
0,0.2664312463087646
0,0.11720167032825841
1,0.519683655396389
0,0.33409220753005414
0,0.030258482845827144
0,0.380656141287571
0,0.044966529100816596
1,0.856332749782356
1,0.5018716767936694
0,0.3322950813808166
1,0.6216667169971645
0,0.48832376788302057
0,0.14026455835929216
0,0.009962473783903483
1,0.8717936408198088
1,0.6862244294555621
0,0.011725886902063092
0,0.10275072405958526
0,0.49704472595213695
0,0.019031642604074535
1,0.5491216489499597
0,0.24914624031011193
1,0.9710253471422199
0,0.1252585202280835
1,0.5160781104039058
0,0.020747883876906875
1,0.5036350839676397
0,0.1791495924351159
0,0.21251777944535957
0,0.06269002987208348
0,0.059333678344392
0,0.3677337274559487
0,0.059537524883936196
0,0.3579303070513496
0,0.43888085650272235
1,0.5408826178018877
0,0.4351923723572846
1,0.8147428261817168
0,0.19200898603667063
1,0.9647776649928245
0,0.4039776668103174
1,0.5523548387706012
1,0.7038233449946759
0,0.018966828013563856
1,0.7662449825973556
1,0.5794195750441373
0,0.36431154668993826
0,0.08277243830672491
0,0.1206494086676597
0,0.049587914543479376
1,0.8246432547198683
0,0.14037826872202377
0,0.09261640528670508
0,0.3185052645902899
1,0.6927453738587238
1,0.719148545140203
1,0.5093894639067095
0,0.05042657918650054
1,0.9898048506397628
0,0.34390818577430016
1,0.7498130587617686
0,0.4051019405129786
1,0.9530890409627936
1,0.9329800357257073
1,0.9835214455920838
1,0.8073912534642582
0,0.39321625556511686
1,0.5248020944932494
0,0.07344170419415463
0,0.15550179347427376
0,0.1357481494073376
0,0.1817732964876993
1,0.642320701378403
0,0.15037539691925045
0,0.25535635007939717
0,0.06444275307839757
0,0.45135810758688155
0,0.149640757181844
1,0.9902761770477417
0,0.19100401862298783
0,0.061879914549620586
0,0.03778747075752378
1,0.7680957064795426
0,0.08897927336152286
0,0.3877347344409533
0,0.18142597809082278
1,0.6731769816253624
1,0.9036727020120852
0,0.13373519622238603
0,0.07620108909736296
0,0.30838281392772854
1,0.9161254889871563
0,0.36228461050781197
1,0.795251225156044
1,0.6498356788404064
0,0.3030555138912541
1,0.7594576115102986
1,0.6210834320125673
0,0.3659384155747461
1,0.5615236298808463
0,0.03588018834209405
1,0.5838963956222223
1,0.9383157585094729
0,0.4201453202221368
1,0.7366419564510555
0,0.014800127673812186
1,0.9204343708353337
1,0.57499825470537
0,0.2929941349535593
0,0.17931652558844738
0,0.3583652855711069
0,0.10445779997709204
0,0.005949986210037521
0,0.13157807103750022
0,0.04471315259677868
0,0.0019927599223876946
0,0.29693396347902146
1,0.8486612619308337
0,0.08055397734758227
1,0.8576546603231721
0,0.33560602446038945
0,0.40187721401811405
0,0.4435570659016437
1,0.9640304026278563
1,0.9978706757495287
0,0.023790997996836045
0,0.04648045790861715
0,0.03808406695841187
0,0.306435212082082
0,0.17129253155546242
0,0.12134880026058449
0,0.45757826542741487
1,0.9276063615582989
1,0.5697580423142652
0,0.29761149200780246
0,0.1163871504384855
0,0.21276869847739285
1,0.9092421169626123
0,0.2683902220547838
0,0.1451183726458207
0,0.10448964572689276
0,0.48749535657788867
0,0.01448421248664527
0,0.3767903594659105
1,0.994151233256489
0,0.2096762926942927
1,0.9655719912859739
1,0.8120832219879998
1,0.5379824422698344
1,0.6391844025598246
0,0.4791622628209795
1,0.6169247366155728
0,0.31433652717655225
1,0.5465006430754312
1,0.7654520781215913
0,0.05687648998427959
0,0.09320622961009595
0,0.3021743627112344
0,0.14445821665117217
0,0.2745161638728979
0,0.3264792731255205
0,0.12597756955948491
1,0.9731365791512995
1,0.7722092223692189
0,0.12789612935044412
1,0.9891083074225157
0,0.30620179138078757
0,0.4952743558808156
1,0.967302169451076
0,0.10942438245583966
1,0.5655535338847163
1,0.9298457409366471
1,0.6793794985643873
0,0.006727700016284321
0,0.2759327321261777
0,0.05708219359773398
1,0.9606071264915103
1,0.9044072590947869
1,0.5578306335842137
1,0.618298500506995
0,0.36722119347716975
1,0.655763324342838
0,0.4666336454981182
0,0.3700675820389185
0,0.00715061148714445
0,0.3980122051544849
0,0.12968483262808303
0,0.4644378771391352
0,0.16887634615107108
1,0.8930984483984942
0,0.12288989110397092
1,0.7231731201882257
1,0.9927115780016867
0,0.058865855547121065
0,0.2789454957556182
1,0.5169818245347162
0,0.057992481760871135
0,0.22048174573355958
1,0.9999834144786922
1,0.5020809802413905
0,0.1756917057432332
0,0.2048306261702443
0,0.05099584921600138
1,0.9940340106651906
0,0.3529440850834285
0,0.4466226683315191
0,0.0929374620592663
0,0.32773056240015386
0,0.2925401518955805
1,0.992021821332905
0,0.31951118764094544
1,0.6452885848460549
0,0.041841802504893603
0,0.3310576425781352
0,0.41367521218146086
0,0.1040288526856084
1,0.9987934121242645
0,0.3137947819548705
0,0.32452361215445535
1,0.9631786089574689
0,0.4107452879865087
1,0.734602404530468
0,0.1690028105163602
0,0.014354798328388539
1,0.5044642466951338
0,0.4122713706566198
1,0.8047657380777637
0,0.25939452073183705
0,0.22792644370341084
0,0.0015669926554507951
1,0.952280167920867
0,0.44026974173339545
0,0.0053402977442842114
1,0.5576178321573501
0,0.3786316631788153
0,0.13854804034853904
0,0.05961711159613807
0,0.10437748811066103
0,0.43737640294977526
0,0.009780793337488661
0,0.24990464173750612
0,0.0015939372679568916
0,0.2706866377860015
0,0.05923090282392595
1,0.9938672629444828
0,0.23538916090972925
1,0.5339303723210242
0,0.15321548733108956
1,0.8791000726739989
1,0.5615617080018801
0,0.3198564431991082
1,0.7283882718566017
0,0.46003919933178616
0,0.013204569314451305
0,0.23873745308666403
0,0.014405347824317998
0,0.12129378218241758
1,0.828727472110365
1,0.9347376487969933
1,0.640235299393441
0,0.06862055672090181
0,0.012028975444894001
1,0.980994794210733
0,0.15704371150544047
0,0.0630122076279862
0,0.10251978802280606
0,0.06590933452259845
0,0.3311225332415224
0,0.32813926795328735
0,0.299752869005492
0,0.4886156714578657
1,0.9317724711085948
0,0.3629715049648629
1,0.8359701965884597
1,0.8483666717028214
0,0.19898837701915115
0,0.1714685302825656
0,0.020522184360187223
0,0.15622535112259614
0,0.07432264173350983
1,0.5163425496558806
1,0.5055594150899712
0,0.04166946921491464
1,0.5672656511875984
0,0.24417265544962907
0,0.3084972496472891
0,0.09695115218120806
0,0.09278563249080977
0,0.04291921766784088
0,0.12027457030829705
0,0.08403566051720326
1,0.6862016507062966
1,0.5897680631073896
0,0.10303963929080343
0,0.387447928377103
0,0.06373706776320862
0,0.025275014819565147
1,0.5714815325752811
1,0.6552817417685426
1,0.6931785684608874
1,0.5219679817574286
1,0.6627085678530747
0,0.016095050288122848
0,0.12300218281868766
0,0.07380179584969372
1,0.8902187239492512
0,0.02630976630470798
0,0.01787331354107253
1,0.9401707004183212
0,0.25498322014112546
1,0.9037591880707008
1,0.7243462694273777
0,0.4754494824877094
0,0.1900018255343203
1,0.5083642121579108
0,0.37604139969085915
0,0.11017993918208956
0,0.23037219188903738
0,0.38850035112992953
1,0.5705253489224964
0,0.15781920093554416
1,0.7474174365444585
0,0.21361064933635335
0,0.19102401566674002
0,0.26304255635473756
1,0.70807136716301
0,0.10476668713387023
1,0.9958389953438445
0,0.136000742224612
1,0.6753863389812058
0,0.04862218218768558
0,0.02938251328037491
0,0.2210507458229576
0,0.004717739996935729
0,0.3052038517604054
0,0.05222061254944033
1,0.7411696436503319
0,0.279557738465336
0,0.005979336041322641
1,0.7517988914638742
1,0.6941090726736957
0,0.07669736087158406
0,0.11111377843954263
0,0.2669614123979231
1,0.5670932580889745
0,0.02292990991610176
0,0.17842585124326268
0,0.14309825586293673
0,0.032231167225322536
1,0.9291962256210913
0,0.2821055429718215
0,0.2604421167120177
1,0.8372891340643933
1,0.6705772274568123
0,0.18415702613662693
1,0.8465983215650774
1,0.5297169129346692
0,0.08047837954007604
0,0.3870242482477164
1,0.9763621232789255
0,0.08225884288834451
1,0.5959791794686441
0,0.18753189122871225
1,0.9933826776928676
0,0.4910390687105245
0,0.39549849346730837
1,0.9029662762810793
0,0.13001881329399978
0,0.14263418297729744
0,0.41856369090518253
1,0.8312824895644585
0,0.1066005857063515
0,0.19160287981484306
0,0.28560633047996115
1,0.6628588518032933
0,0.12869332401827566
1,0.9255755596954891
1,0.8668137251112644
0,0.22574282479305208
1,0.506822298098647
0,0.30916568533750405
0,0.16934765174182562
1,0.567014622581376
0,0.05774767762929382
1,0.5418791403221197
0,0.13606866308525048
0,0.14492897085001413
0,0.05751739828790246
0,0.1773237048763921
0,0.33755336560119836
0,0.4774740292605189
0,0.0005959989257531005
1,0.5524103227808832
1,0.6696437406597381
0,0.49080515831331517
0,0.3521577838887966
0,0.1892806262276766
0,0.44201437184928105
1,0.5556702628949912
0,0.029794914945063658
0,0.11021657150994058
0,0.07588424338701359
1,0.9116349546836473
0,0.09893529292029983
1,0.8264986821584157
0,0.36036105775860544
0,0.1719732067526085
0,0.1851878472506213
1,0.9740200225178809
0,0.15283872997990444
1,0.6476575832751982
0,0.3852780546892756
0,0.07270188472363182
0,0.011233030431405548
0,0.19670504618138016
0,0.23896355980233178
0,0.01383961927297909
0,0.2000483699447653
0,0.20216982372132564
0,0.18964672667574883
0,0.22037295523902886
1,0.8410602783505163
1,0.9894072561146364
0,0.19017670312605237
0,0.4858031090215319
0,0.18865630373857814
0,0.11805331741121386
0,0.22074179077954892
1,0.8031972285087903
0,0.021281953686077118
1,0.5660055967461574
1,0.6413674491817368
0,0.49115989524261655
0,0.12924087659176012
0,0.09444126286856162
0,0.37139069123469526
0,0.13426154283590455
0,0.10371166733594132
0,0.1262118583761927
0,0.09977968609678206
0,0.2789836870946311
1,0.906416443395135
1,0.7271491323244736
1,0.8990820094712196
1,0.602509835754539
1,0.724762389644413
0,0.23202883730914928
0,0.00011921861642378244
0,0.05701291530426754
0,0.15056191718065148
0,0.10743419746642248
0,0.3839469615992758
0,0.0003125073484833594
1,0.6605150256434518
1,0.9147928909875442
1,0.5307632200616652
1,0.8715298315156393
0,0.2672691585796512
0,0.4790405011039596
1,0.9257479945071155
1,0.9406323285359872
0,0.3201730084575693
0,0.30232588099378277
0,0.29986667060619265
1,0.7427730855832058
0,0.3874223923520257
0,0.2963451984827275
0,0.0793066389109241
0,0.09792712096061182
1,0.7366074174066284
0,0.05921024110706634
1,0.5372461862230445
0,0.3080731595311426
1,0.9439147310558188
0,0.3007642698090819
0,0.30573778706396465
1,0.7899996265414136
0,0.2181030588732581
0,0.408578397581154
0,0.3514558683122911
0,0.2189541444065643
0,0.10388441438770085
0,0.047873741595436156
0,0.20636748136130342
0,0.21802885133615002
0,0.23807813154589882
0,0.4067037477415832
1,0.8775290975190209
1,0.8960141789787178
0,0.36619893504999096
1,0.9652730661846568
1,0.763129492615198
0,0.3675041241766648
0,0.28857897002348915
1,0.5271990386818146
0,0.25817813414129054
1,0.8357895952327273
1,0.7291019913446201
1,0.9612194045173544
1,0.713034432338043
1,0.8203851095950101
0,0.14737286454113366
0,0.06834468846948333
1,0.5356820913457548
0,0.2858560571697977
1,0.7980766277840404
0,0.33037911018421806
0,0.0270964429386086
0,0.17041516830760395
0,0.46259109603465076
1,0.9651725877404338
1,0.5147824045034193
0,0.4024041476722424
1,0.786649262394959
0,0.00785213385974795
1,0.9899840686652577
0,0.16894678012891037
0,0.012181550246276287
0,0.036277512652100045
1,0.7723393587543903
0,0.00569843402789271
0,0.013697297199277524
0,0.009394362929968043
0,0.122849370920493
0,0.4922843581252499
0,0.22829665722089185
1,0.7648702843539524
0,0.060159980423252005
1,0.9760721449420973
0,0.34033503808680127
0,0.28279787389643035
0,0.16469589239231067
1,0.7042979352751348
1,0.8345212290895246
1,0.576870406307047
1,0.9505978049207758
0,0.027307435870925458
0,0.3102292238708115
1,0.7238462557218655
1,0.8792065365133432
0,0.29442158143183766
0,0.046726220624018835
1,0.5696996230434366
1,0.9444707538785386
0,0.0049603048807131435
0,0.1621322543172124
0,0.05337748673731173
0,0.03576673760730417
1,0.5360795143675346
0,0.4590344771168903
0,0.25397562290003867
0,0.17102286636226263
0,0.24113210289245954
0,0.16542447735715063
0,0.39396445737431773
1,0.9929811923504046
0,0.0698532217950652
0,0.17288876684121024
1,0.5837735150888611
0,0.06708281691434727
0,0.030559257798003066
0,0.13784018798507122
0,0.4149775487480532
1,0.779083038169886
0,0.4068080194986256
0,0.002662432436692576
0,0.013151444580154275
1,0.6963167010528696
1,0.562624738804516
1,0.586106078237316
0,0.021100249914677995
0,0.331034812580897
1,0.6571398251033581
1,0.9708684628322934
1,0.5826444092562547
0,0.07817099127841147
0,0.12490184905986058
0,0.45042083041016795
1,0.5260085269212558
1,0.7222801889602597
0,0.13441343806713454
1,0.8830425654578814
1,0.9557210317748
0,0.30695540946237326
1,0.6070351914833965
0,0.06716952933676738
1,0.9905203893354088
0,0.1961182503054156
0,0.16229405781447728
0,0.00676295143123928
0,0.032611471344038315
0,0.00875977473759102
0,0.04100657784796794
1,0.537531650272405
1,0.9552913098379626
1,0.9881118936368586
0,0.0007167504669075354
1,0.9936661425426123
0,0.18196426212236874
1,0.9823184816170348
0,0.21470663469746376
1,0.9013372735415718
0,0.034742457012666074
0,0.149211817430509
0,0.11534339235173079
0,0.21185326437885915
0,0.340487393627137
0,0.10747776031814331
0,0.12773137288378766
0,0.04559570412841841
1,0.5404933428168442
0,0.036886405959217675
0,0.16541500733726303
1,0.9340058384472737
1,0.9636966408530162
0,0.022990692466763146
1,0.5011138286940773
0,0.3140116222024202
1,0.8485908728091118
0,0.49477480655706546
0,0.43233017347934405
0,0.18787282765416585
0,0.11193427283674849
0,0.02344758667742837
1,0.9962661834983513
1,0.9496481309999849
0,0.0037517060743674758
0,0.49909478037610144
0,0.01853718382654581
1,0.561230174150242
0,0.04712477761683903
0,0.0474312393328942
0,0.1549040698712499
1,0.7061678993623224
0,0.0012726810737583743
0,0.24359876999245042
0,0.07358892732961535
0,0.49671761330554887
0,0.479790955039247
0,0.25909543881852404
1,0.8778476018199113
0,0.09191328906308119
0,0.06784707719939276
0,0.1068510858886926
1,0.7923763929205336
0,0.0023376744399047967
1,0.5888481994685553
0,0.09495505831200451
0,0.1958208686992283
0,0.19851754478949293
0,0.025611518580885246
1,0.5896999648958827
1,0.7970290360216559
0,0.15832870494820983
0,0.007242098506633417
0,0.45428342744862277
1,0.739901919663694
1,0.5108815126100765
0,0.08230030688600416
0,0.01714540219260714
0,0.000628449095618841
1,0.9127019085171093
0,0.19921645929332715
0,0.3434433189741134
0,0.047546710067706624
0,0.06791186255152662
0,0.41811835500588235
1,0.9052680660479283
0,0.32147045434907623
0,0.0035118606758974442
0,0.2514364961414151
1,0.9995958008535982
0,0.10061891122144352
1,0.9333451459545152
1,0.8858057619134712
0,0.07655931692750818
0,0.11069360832205997
1,0.5725083725263228
1,0.7820524945430591
0,0.135651876470023
1,0.692384505264287
0,0.16477887088817303
1,0.8525007358136648
0,0.01768748559723488
1,0.6745921057452119
1,0.5465057739355701
0,0.29185568272987583
1,0.8374660556911165
0,0.23896290751449806
0,0.018132063549379237
1,0.8651780272945316
1,0.9910698228739113
0,0.10669148653514259
0,0.0971200610965505
1,0.9443354754756534
1,0.6059736246529018
0,0.2651623938152699
1,0.8296835803623811
0,0.3443140406348539
0,0.042048975677898316
1,0.6321663352502249
0,0.3990778846245039
0,0.3362756086923387
0,0.07521664623989954
0,0.3925988222292227
0,0.02227883032384379
0,0.13239045054069484
0,0.46316390010395814
0,0.1077395386461506
1,0.9232332723500569
0,0.044476676460046854
0,0.4553024270155524
0,0.3082796372700984
1,0.8789057900597628
0,0.275032307250192
1,0.6509306483503252
0,0.09022156912043082
1,0.8929534952240239
0,0.4313426154415406
0,0.2892482352064801
0,0.47891671335262204
1,0.9241367299047497
0,0.2720920713295723
1,0.8183722991786685
0,0.2157121478003976
0,0.04828542822313864
1,0.7868700646863871
1,0.5910597300418776
1,0.7673067416880958
0,0.42240131486384064
0,0.4112599949389923
1,0.5156484616478898
0,0.31175589088360983
1,0.7630275951781148
0,0.20958811916110337
0,0.14130690611893032
0,0.24177564873031174
1,0.7129453460051138
0,0.2640248983125615
0,0.1897965888055622
1,0.7584860975707277
0,0.24554019946492484
0,0.2578884151246397
0,0.013135722419285368
0,0.030680180437572004
0,0.08006288620329785
0,0.22603273187278045
1,0.9694374808140203
0,0.24609285698937744
0,0.4904052516787007
0,0.17061993198879552
0,0.1746849183783776
0,0.20917134268278412
0,0.28652791886836965
0,0.46657751479332615
0,0.016928589503930724
0,0.1552848355185857
0,0.047766912649669535
1,0.8090094595902368
0,0.21390933685483718
0,0.2242235934024723
1,0.6092814470546779
0,0.2547960282435424
1,0.9654090244435642
0,0.2904548683702438
0,0.07752523291423867
1,0.9947289981115703
1,0.6625883798479316
1,0.5652461894168915
0,0.40324679389222956
0,0.3725179404009136
0,0.03459574392231424
1,0.9154006463603281
0,0.1433136058582186
0,0.17151746643385288
1,0.9474338734644455
0,0.11130500141306572
1,0.5662956387148711
1,0.8045988897060395
0,0.29239448649244754
0,0.1565895361524815
0,0.10418618124484007
0,0.08054482391686224
0,0.0966770248976714
0,0.4790942822491349
0,0.1257239366049184
0,0.44076518643691204
0,0.0982825459133535
0,0.2314482019034441
1,0.6378466345468647
1,0.639656337393239
1,0.9842492129426742
0,0.2905962605846278
0,0.4232226162019417
0,0.36586205672498523
0,0.007228346652557555
0,0.01060721556685839
0,0.00040563404835721617
0,0.10192177283993574
1,0.5778810702470409
0,0.16713195047616802
0,0.1491513455852228
0,0.2997946604233948
1,0.5093110184143634
0,0.3317610574915046
1,0.9661323434555911
0,0.47815178099463146
1,0.5374606179297402
0,0.4638537654379049
0,0.03628394873440167
0,0.017482123295073416
0,0.26187749944546146
0,0.07929299266821313
0,0.23155167151355205
0,0.1874109199351013
0,0.3892981368843811
1,0.8688772162708696
1,0.9348044317426788
1,0.7406383503665254
0,0.29642116748365727
1,0.9382395152037745
1,0.6880611496931115
1,0.5203950880261893
0,0.4752643738635052
0,0.25884574565872714
1,0.9390883408118962
0,0.04370225165553458
0,0.03552354589071827
1,0.5787676240429195
1,0.6353982070346047
1,0.9190120816895433
1,0.6376831883738252
0,0.35686369633876036
0,0.22234927116656308
0,0.11315527949172108
1,0.656100369187887
0,0.1435138255110633
0,0.14574301320790944
1,0.9605686925590695
0,0.04738113972286271
0,0.4118290214746657
0,0.065251018205602
0,0.1989273099700162
1,0.6256241501671556
1,0.9810339947687865
1,0.7367853874312371
0,0.0055734880808032015
0,0.13468940592479545
0,0.22862863518876753
0,0.21029202681746234
0,0.25647021541154114
0,0.04249287230940725
0,0.1429771369955099
1,0.9600165226399929
0,0.2934970396118071
0,0.10074505083054601
0,0.46128164238231706
0,0.0841224546803418
0,0.0236258417714367
0,0.03667723899117959
1,0.553415069684591
0,0.1400648975269721
1,0.8430737804873625
1,0.6465432370272538
0,0.28941365047517636
0,0.38638018321578
1,0.9772971453108568
0,0.27668925322041665
0,0.07230532311556179
0,0.06798159417382245
0,0.1859032874521308
1,0.9811072578131951
1,0.886972974880693
0,0.022224128708466996
0,0.034970315991012864
1,0.9607537025219864
0,0.2271477378081943
1,0.8307904270004929
0,0.07829239005653053
0,0.17372238703251827
0,0.40251150119834445
0,0.2392785230317641
1,0.7136152835117123
0,0.009571466133501566
1,0.9968265134430211
0,0.06866731153132491
0,0.030437350350516104
0,0.04495642428279934
0,0.3716416125981236
0,0.029866612258628404
1,0.6587378511404566
1,0.8784805283083791
0,0.20777940900712025
0,0.2262735436010348
1,0.6466982181266169
1,0.6183144016499202
0,0.41106754601317436
0,0.3266757335173473
0,0.2681864252577771
0,0.09814773511297784
0,0.10226453486673036
0,0.2625617875144537
1,0.793748559703057
0,0.4958350894737161
1,0.9747576519504753
1,0.6830719510712522
0,0.21843886533511084
0,0.3702253557788045
0,0.02855663058242692
0,0.011708585477969161
1,0.8998178675600479
1,0.7099601046643759
0,0.11386602410043614
0,0.055332188872359286
1,0.7540191504848147
0,0.25881336518417397
1,0.680200513402016
0,0.022461821550019835
1,0.9537046738954558
0,0.20642516787681275
1,0.7372961346002525
0,0.3644282348893248
0,0.18013065639199768
0,0.03391996536268276
0,0.36379937585841454
1,0.6637332321158566
1,0.6355298728351588
0,0.04543994477129871
0,0.1183794070581865
0,0.0775860127416311
0,0.20947214054024985
1,0.950539461530315
1,0.7380583201218738
1,0.5346527482861743
0,0.10289881646252717
1,0.5262139757694014
0,0.026110401144756178
0,0.45803944984968437
0,0.24006943598306604
1,0.7262883358360761
1,0.5372541296343664
0,0.4043881241859646
0,0.424233292997099
0,0.34731128740542966
1,0.6894639665286877
0,0.21201595188769806
1,0.8123031251417872
1,0.7745792178978658
0,0.02692850016166855
0,0.2072589272249244
0,0.1683361374346105
0,0.07238854443366023
0,0.08346274445608558
0,0.34940140849765716
1,0.9360249326806588
0,0.1677626208428678
0,0.3287191449310283
0,0.4939394745609169
0,0.005728259603150486
0,0.12313686209044535
0,0.08547098366608917
0,0.12395803653384185
0,0.2056482682614741
1,0.6164556869575181
0,0.3690736653392056
0,0.3906955066588249
0,0.1330265934028631
0,0.17946198039721034
0,0.08301079874617683
0,0.3897850614665852
0,0.24156637633835587
0,0.10147695633348475
1,0.9902052443980454
0,0.20892249161829846
0,0.2546576188017226
0,0.34196866691196626
0,0.014503936162336573
1,0.7353211790998235
0,0.3024844096613996
1,0.7325405910387126
0,0.021661785764898054
0,0.36623062776729337
0,0.10171379648681977
1,0.6003822510620582
1,0.8300384139696718
1,0.9013124069495155
0,0.354690095747215
0,0.39505514537287784
0,0.07069180737071674
1,0.5459140016943762
1,0.7449877153767794
0,0.42073186820464964
0,0.09138237027241529
0,0.3769580363115962
0,0.3319905754802669
0,0.1361702456859485
0,0.1849326028537455
0,0.0016334610555105828
0,0.03603663392308695
1,0.9979353195228362
0,0.3846484490345229
0,0.4101455760648711
1,0.7786149070209653
0,0.21897766916596392
0,0.13204629045640975
0,0.3935772612254982
0,0.24173944560680577
1,0.7835163071591759
0,0.3268040533421554
0,0.3310684407944692
1,0.6982418820696762
0,0.24407427464437462
1,0.8826975984707418
1,0.731255157438487
0,0.0010807672064610994
1,0.5227009617281599
0,0.2307036194704148
0,0.0016385221744432362
0,0.0870393033135637
0,0.13350081271871295
0,0.19840638468973956
1,0.7078855597105779
0,0.33731390828425506
0,0.040126488128554294
1,0.6969550357501242
0,0.11364198757431702
1,0.8696439957648668
0,0.05873515040410306
0,0.3367877583165161
0,0.26432298972570223
0,0.019680221512121447
1,0.5797361393331651
0,0.09780909532110943
0,0.009302667951323933
1,0.6048537516877903
0,0.13434219875373118
0,0.14476889917561273
0,0.36566674841342195
1,0.7381674508126562
0,0.06504882939326817
0,0.015034781362346154
0,0.04817904994130977
0,0.21199933577100574
0,0.03568031154842493
0,0.05034412066645898
1,0.6675817781738596
0,0.07051675639612168
1,0.9817473422781299
0,0.3198212488779992
0,0.12144917089190488
1,0.9206012782847893
0,0.2043254900593696
0,0.4251133222193228
0,0.17326973089781805
0,0.23260584243898572
1,0.9014849360365511
0,0.2760919090317244
1,0.6723320544850776
1,0.6461729184917162
1,0.5910513149303938
0,0.11938005016481087
0,0.3512860713738508
0,0.052103183956660644
0,0.08882314480870988
0,0.0015629658862604436
0,0.026512166420047036
1,0.9393436755841664
1,0.5961048308688797
0,0.4613797845288696
0,0.026652184134904038
0,0.12825048259882188
0,0.14362881133698308
0,0.0030869777560045596
0,0.053073166120734934
0,0.1599861378385449
0,0.22614502109452048
1,0.7730486895278811
0,0.23221921225821426
0,0.40383316322764473
1,0.8086251755524345
0,0.34257151764583293
0,0.2988551486979038
0,0.10733234754030782
1,0.7645837913825756
1,0.670924772664709
1,0.5266958175791411
0,0.058183408867608845
1,0.5548634255333875
0,0.13864546307323972
0,0.1870730058141604
0,0.18574857932090943
1,0.988245837858266
0,0.39354158361635333
0,0.21187524002420458
1,0.9588100030651191
0,0.29078620875246713
0,0.07336789161096112
0,0.14121369337574852
0,0.06258682080952738
0,0.34566280555539336
1,0.9311823686264598
1,0.9537237390385551
0,0.034386776426336134
0,0.06477739721601368
0,0.004010422093915058
1,0.6064604335077629
0,0.06511019217849419
0,0.0005851845333468091
0,0.1000931167638735
0,0.07586993194043519
0,0.049508968222273894
0,0.006497722959106133
1,0.978416458947626
0,0.023647835258382068
0,0.07691328423546274
1,0.7516876190475599
1,0.9939751023673081
0,0.0005514786281190188
0,0.0044368648888351075
0,0.4612186232372364
0,0.31463010441016775
0,0.07765345780860995
0,0.12778249600001776
1,0.6596060923567552
0,0.4369507263983232
1,0.6830256439207218
0,0.18994188256203381
0,0.014271195412406634
0,0.014161336530469849
1,0.8369333132708354
0,0.22660686434142338
0,0.1312480099239724
0,0.23490683215694885
1,0.7543427462041141
0,0.48516243571697026
0,0.23223152367063668
0,0.14213557376553662
0,0.030326636443329447
0,0.2735418515916599
0,0.28571640133958226
1,0.5547190153917461
0,0.4918380262274481
0,0.04280346250952753
0,0.08153872782938656
0,0.03252940004205894
0,0.04337048536414855
0,0.16139413481979348
1,0.797084099171621
1,0.7984520521276984
1,0.546708830082313
0,0.006551217165986713
0,0.1699254345429898
0,0.16959518842476357
0,0.4956522194386325
0,0.10668066419967641
1,0.8335084030438218
0,0.34229036774731186
0,0.363454407581116
0,0.01852930547741143
1,0.5708501538546352
0,0.25511677912783276
0,0.09598421667558009
0,0.018876364100505933
0,0.4242595383830613
0,0.09671825355389532
0,0.1269395016504774
0,0.08594050228200618
0,0.1298338660403454
0,0.43701731787610343
0,0.004704155413891156
0,0.19928626610685282
0,0.31657013650888416
0,0.18975158908168338
0,0.49852856596421913
0,0.007329642020820071
0,0.07402605824862371
0,0.13868676374282768
1,0.7663335609219409
0,0.1672028940404695
0,0.17040087345977878
0,0.08151499347284961
0,0.002233507293393459
1,0.9179725994162967
0,0.005748789488053217
0,0.08312284373596471
0,0.4873448336894937
1,0.8325059192475722
0,0.4726002651206312
0,0.1343445570788143
1,0.8842990522617277
0,0.1405071953575339
0,0.22379226186726914
0,0.13059362245772618
0,0.14772244860465758
0,0.25398598482006185
0,0.0008927313965632068
0,0.33294880891753725
1,0.5744527438981832
0,0.1804059956630214
0,0.3611184922206139
1,0.6467144044621536
0,0.008155648341983528
0,0.000895826561668528
0,0.25867743214987177
0,0.2889990747460224
1,0.9967086207004919
0,0.11177421722145534
0,0.27865858651575975
0,0.2976359435867945
0,0.1263638973711203
0,0.10823709900221504
0,0.40029190921891783
0,0.1272798458026328
0,0.007479352033752582
0,0.0573504952705543
1,0.5593872033428732
1,0.9988698415332704
0,0.028371798684064704
0,0.3997618097448368
0,0.40889341215346864
0,0.27352328616200416
0,0.23852065521102142
1,0.731834827765551
1,0.963115154418373
0,0.02836645818442847
1,0.9293692606285074
0,0.13276376473510873
1,0.6077931795910877
0,0.432405722724086
0,0.44387248251726974
0,0.06702214843550704
1,0.7497655696135903
1,0.9090626118664384
1,0.9418494286523085
1,0.58861932195782
0,0.3764360948973354
1,0.7630971629183189
0,0.058537770395407536
0,0.19254139348405808
0,0.028134991449791966
1,0.6170593235463179
0,0.11273573595543931
0,0.2066504197613169
1,0.5000101008515236
1,0.8680920807714116
1,0.9384277168127314
0,0.06154347933124245
0,0.421553327641774
1,0.881303321544663
0,0.2300631913785543
0,0.10438275045765132
0,0.16044338162651617
0,0.42451279754861443
0,0.33815273749619756
0,0.1666963017531658
0,0.26848850888859827
0,0.41940616435724604
0,0.22228313479354034
0,0.2702054688338254
1,0.7842601808086809
0,0.22322838761616387
1,0.8059276491731088
1,0.6484008397663845
0,0.2343706825395316
0,0.13799719256601428
0,0.03978649315156443
1,0.9946805736617608
1,0.8690068388800838
0,0.25950857434095675
1,0.7405970011439824
0,0.004272810561209497
0,0.1407874437755792
0,0.2924405037659964
1,0.7649465185264083
0,0.19619252307501187
0,0.27395131354507785
0,0.2941095819677511
0,0.04869569578650862
1,0.5995579867805884
0,0.04453747478938158
0,0.0076899197029064725
0,0.003764155943315007
0,0.34721116043222267
0,0.12293018973686151
0,0.02944563323734352
0,0.07426228295300033
0,0.10512467426963566
0,0.2622487831979169
0,0.023968232106095
0,0.00208047077235093
0,0.42445329771254464
1,0.8846044726971014
1,0.979141861491886
1,0.634663393936438
1,0.5832669062395628
0,0.10034067485761543
1,0.6996131355871041
1,0.8606197884647886
0,0.1783190143214175
0,0.023976452222806303
1,0.578261768344183
0,0.22516438647657466
0,0.11854909296013777
1,0.5223343546793655
0,0.28197412411688405
1,0.5297864832338087
0,0.40104628252640023
0,0.4856579146956717
0,0.2995102139187266
0,0.24970292429804047
0,0.019495828669260425
0,0.33532545565622734
0,0.32686413055503843
1,0.7231516490654583
0,0.17023140970172618
0,0.35516651486684603
0,0.3562396798609825
1,0.7402075907226193
0,0.14914289389328103
1,0.952276160048124
0,0.03597581119465916
0,0.00020031110784767263
1,0.7622390188390816
0,0.15562151445780978
1,0.5884981309500881
0,0.14575453817879466
0,0.028650354657059878
0,0.016490124560765155
0,0.4321003401277836
1,0.987813608956888
0,0.013663377248642727
1,0.6828760309351304
0,0.05799277341649258
0,0.3176801653331241
0,0.41394554618763507
0,0.3371766368032499
0,0.0727280147276559
0,0.3381831113926752
0,0.05766722755274771
1,0.7393447657314796
0,0.4271185651274778
0,0.35692898716493
1,0.5672238265806862
0,0.28243134700945527
1,0.7920553530377022
0,0.00627423732581568
0,0.4471207405335312
0,0.4088044870004122
1,0.9958550041471491
0,0.39956442538230236
1,0.7940172711301138
0,0.0868130487675065
0,0.08683035446201008
1,0.6810485872453521
1,0.7359967019054025
1,0.8203449293850651
0,0.49586871264275695
1,0.5839892857366998
0,0.34665354283896943
0,0.1899803650574907
0,0.4638203689026215
0,0.37011390541019246
0,0.24555680150298537
0,0.11962381954144741
1,0.6399887462980877
0,0.13543695519690555
0,0.14232108797656517
0,0.4356715485693871
1,0.5199371731127402
0,0.40972496130825936
1,0.5191087005462206
0,0.1216234030446748
0,0.13639479015007006
0,0.010815251078522891
0,0.2815918379559307
0,0.1482776705173322
0,0.26377466040998115
1,0.7635884540041608
1,0.7854707717087093
0,0.005338760070554968
0,0.21880217592939508
1,0.8379899051281867
1,0.7575597988610139
0,0.027364379018619187
0,0.4586577224282189
1,0.8513596291435725
0,0.44275320186087014
0,0.2769126100835752
0,0.13267772666041427
0,0.026221488404532728
0,0.0013869137769320426
1,0.9733303042091391
0,0.04903225349906509
1,0.9384499271294693
0,0.17878661181323793
0,0.30203346140209847
0,0.012216852694039618
0,0.25134186687763765
0,0.45883343983403796
1,0.9084820397402996
1,0.8045594708005153
1,0.5369861674431514
1,0.6641248308897817
1,0.9653011465618695
0,0.43524286572416965
0,0.07870989819395628
0,0.4186723579987203
0,0.05314927082414107
1,0.9440376131300163
1,0.9444689861725706
0,0.11260949950111908
0,0.20319220941867425
0,0.0023238661447692118
0,0.31066315264631433
1,0.761998313346388
0,0.1031973576160467
0,0.48501884063054196
0,0.4104332023843437
0,0.14705710011811082
0,0.015798859072092223
0,0.12650227809408493
0,0.12662157945968705
1,0.5029484497513852
0,0.2661729191084403
1,0.8308085877476352
0,0.12564244901938357
0,0.33982821593413204
0,0.14235800915182792
0,0.4995281858880085
1,0.7962590371600291
0,0.35294040442563634
0,0.03014781017070735
0,0.22889502328911254
1,0.9408132796590195
1,0.5142237598178402
0,0.09983349114058766
0,0.4570579358761488
0,0.27195557428952144
1,0.6822114330434316
0,0.06567122609438782
0,0.025486488450724966
0,0.17253558220218376
1,0.5214401512517419
0,0.2699742891372977
0,0.36205229205337675
1,0.8019182058759423
0,0.08491851860816245
1,0.8692437484152029
0,0.15689829483318263
1,0.9500757304855799
1,0.8975748857076455
0,0.022426167060562285
1,0.8147406419811783
0,0.4433383032959392
1,0.6045690158368613
0,0.11106482222840956
0,0.29863572996497206
1,0.8000971203460775
0,0.18736145861578954
0,0.0021422374256849894
1,0.8837379960633336
1,0.828638328169153
0,0.4046441547335759
0,0.003958531789360866
0,0.012566991304056167
1,0.5146411433782517
0,0.013267182568115423
0,0.4946884576018708
1,0.5927079566580016
0,0.22206814521746532
0,0.008962930419750222
0,0.37197559369190875
0,0.08082707523963407
1,0.702544857650298
0,0.005939524247439404
0,0.4010573113392026
0,0.21079052036956694
0,0.49577280289190273
1,0.5873185941142514
0,0.14143457832961268
1,0.8343316287447442
1,0.5526436102074294
0,0.27752780208925887
0,0.07594872143863257
0,0.10726079794295877
1,0.9955943625033338
1,0.5006830331153769
0,0.22259974965999485
1,0.5394063792690216
1,0.5807123529847176
1,0.8390663215177363
0,0.07608036835788907
0,0.03412730331390513
0,0.2323663190031231
0,0.12843264215481998
0,0.27359936572482085
0,0.2881350819982494
1,0.8402875454790328
0,0.022519009168887584
1,0.8255519982577912
0,0.04056662410838884
0,0.20466013844429173
0,0.4834280714338936
1,0.5963628927237514
0,0.46889586830633406
1,0.8644771059104961
0,0.34165097217794516
0,0.2120028254563501
0,0.20544470577156643
0,0.4949491916928869
0,0.011003987057667175
1,0.9215424167260081
0,0.27316313338146503
1,0.7396786465592838
0,0.2692364907641754
0,0.02916399214958603
0,0.41608873876619634
0,0.06046737789217933
1,0.5348586526613818
0,0.18847007844754404
1,0.8115680506977125
0,0.30158717363008036
0,0.39820746433553494
0,0.4764674276899743
1,0.942331591190422
1,0.9801816274137789
0,0.05041095579227936
0,0.29887790096218514
0,0.09467496138180423
0,0.49686789457809794
0,0.40141915633889463
1,0.9642213447620573
0,0.3832452798086248
0,0.024232222935082547
0,0.4751239090571522
0,0.3274625434748041
0,0.05776996472422603
0,0.378670600880642
0,0.45765943327596087
0,0.021908448788275487
0,0.1089271316368552
0,0.14511734594443507
1,0.6812456576892474
0,0.04482305244744525
0,0.38637582599743403
1,0.9119338248161579
1,0.8343629294995538
1,0.5371707542930295
0,0.00629500568696336
0,0.35585494599902967
0,0.4169932962587728
0,0.004911147246997814
0,0.2222556959628093
1,0.5436548901530768
0,0.045792042681763914
0,0.0862889844425179
0,0.12379946068521341
0,0.0010344609456958104
0,0.0067267470528343965
0,0.06099453150431344
0,0.24047902951909106
1,0.9254005561993845
0,0.37055667009313775
0,0.3062046006250602
1,0.6785390605215944
1,0.6755784902717402
1,0.5037638232063838
0,0.02718394967004878
0,0.04332602988541954
0,0.4682888975151397
1,0.9321817576923265
0,0.09661195963538637
0,0.3702916336516379
0,0.0057732238296484975
0,0.04891540657138052
0,0.2500222212608132
0,0.3894818742363355
0,0.015292026452677885
0,0.03690207278346499
1,0.5564558268262292
0,0.08040754263675953
1,0.7546255006438336
1,0.8386720183336314
1,0.5795466960944698
0,0.033350448508306256
1,0.9692654036788624
1,0.7468216351665065
1,0.9192761661599682
0,0.14778098754073316
1,0.514067979096677
1,0.8961051633706687
0,0.14235332959201
1,0.82946660901279
1,0.8042481293430755
1,0.5587447560993599
0,0.05799291677163859
1,0.6911591605959873
0,0.057873733187334
0,0.16757435787161645
0,0.21070688354007017
0,0.46029366288122037
0,0.0020038349309614467
1,0.5450264104287418
0,0.394438477477047
0,0.22424511466731348
0,0.38011882856460394
1,0.636102520552825
0,0.040064977623235236
0,0.013732241981943252
0,0.17305363467507268
0,0.003095937176471497
0,0.47930087246178427
1,0.7138191816358712
0,0.07190543781009985
0,0.04632090846094192
0,0.39454890843640944
0,0.2473171442271938
1,0.6879071298945048
0,0.04415100501526815
0,0.015118175837301982
1,0.5631692362390646
0,0.14574630044506096
0,0.3772881570203874
0,0.0020249351655730603
1,0.667595220277478
0,0.1819762994454252
1,0.7920606960336507
0,0.2116128232572661
0,0.01970477361985231
0,0.04970530532714306
0,0.1615619016891772
1,0.9967257178747886
0,0.32612767354801003
1,0.6062227326889947
1,0.9118400306603187
1,0.8918830547298692
0,0.20822958183468399
0,0.08439565196170987
1,0.5271684968050037
0,0.2616125359076303
0,0.4768458148291863
0,0.14249865651924598
0,0.006741138158205963
1,0.8131593485732428
0,0.3051875277556897
1,0.5544383214105372
0,0.0003955665138008539
0,0.4198794295941991
1,0.6288573312584665
0,0.23141802228270247
1,0.6675454617553909
0,0.38294713615960235
0,0.22255369488128518
1,0.5501804452572985
0,0.0006962276806925534
1,0.7457611270447938
0,0.09461317875927956
0,0.2593034967399656
0,0.1820373338324858
0,0.05798125005763174
0,0.08587743275050753
0,0.08689287987564577
0,0.3360214885316187
1,0.716377765606237
1,0.6221558710943358
1,0.8580600429975636
0,0.2023896711089633
1,0.957881849290472
1,0.6323167591492475
1,0.9584015886704058
0,0.23939575144964678
0,0.0424560832610234
0,0.009843043261693865
0,0.06107602894921993
0,0.40198902622792265
0,0.46507259083674024
1,0.6475640845901594
1,0.7823284567817905
1,0.8490137986133052
0,0.08388597877167499
0,0.11349498739958251
0,0.3743039892410221
1,0.803093696243694
1,0.5032493725708077
0,0.47893456479382746
0,0.337911379509336
1,0.6015521410287438
0,0.23889912706935115
0,0.3148190209727269
1,0.9018006977583177
0,0.47062578608154493
0,0.05631047092921891
0,0.21860645113626145
0,0.4622785359040012
0,0.041980566478209774
0,0.37513157395329194
0,0.3367723308124025
1,0.8500014239855668
1,0.5141617418830706
0,0.2570265558033455
1,0.8719190085644598
1,0.8420309194209799
0,0.2717122867304269
0,0.17084223179546723
0,0.23547142079131342
0,0.008957190813700652
1,0.7341179037206075
0,0.10666269473993231
0,0.04698678350993106
1,0.6776000326779331
1,0.8311200929500465
1,0.7135199498511684
0,0.48300469445333033
0,0.30683593771045486
0,0.15337442653788091
0,0.2613836374314301
0,0.3785656579629912
1,0.7071469615756218
0,0.39484014162061
0,0.1303476978383893
0,0.1518466646547942
0,0.4986247795610345
0,0.10173937274181494
0,0.12207361501009542
0,0.0007819814423783632
0,0.08534929705054935
0,0.39546676589276
1,0.7082079956158369
1,0.6289379477497905
1,0.6455710465555917
1,0.6919520124241452
0,0.04044922873878613
0,0.1186268342076795
0,0.02486588521379665
1,0.9432301767854596
1,0.9890274252576554
0,0.13874013060326162
1,0.5152803040781851
0,0.11284701793942135
0,0.18250936500766066
1,0.535879519560593
1,0.5152039913463339
0,0.19405231288003288
1,0.5129684933506681
0,0.21374784963091387
0,0.25113068787618914
0,0.2158538310428368
0,0.4431289137204899
0,0.43161388903216663
0,0.04172677294505845
0,0.3353744091714404
0,0.2953270934623812
1,0.9215023607965646
0,0.20818783554927237
1,0.9677611898248452
0,0.3467303455758544
0,0.013926295598058002
0,0.32703666496896927
1,0.9343363607339723
1,0.8247192489086469
0,0.3570055384191062
1,0.9627304600988887
1,0.5250168692726062
0,0.08995598443555365
0,0.0575797037778791
1,0.8821515081232303
0,0.08405604922296055
0,0.123580727161154
0,0.07373907846453363
0,0.10691278471200953
1,0.5063731519515723
0,0.09776467656716824
0,0.4603421104411085
0,0.14420301991718135
0,0.18076612082461446
1,0.7241831811764149
0,0.41717527551060446
0,0.42838342939951174
1,0.5693415936192135
0,0.033254682956051655
1,0.616834072166129
0,0.02293060249070654
0,0.06558590058589749
0,0.2181372485878449
1,0.5806212980456051
0,0.0746552883375537
1,0.5466540953883638
0,0.1054037874009028
0,0.4886005397826259
0,0.2639739190893141
1,0.9329028365707472
1,0.7237276155512535
0,0.15262459543049678
1,0.5350567529605365
1,0.8757869887626729
0,0.4959928235166426
0,0.02260782470782518
0,0.0033281538334738216
0,0.0848936466201291
1,0.5067479855628869
0,0.39249893831350485
1,0.8548773225277839
0,0.23928823806659025
0,0.2492244353839375
0,0.24792086843952907
0,0.05842482160714948
1,0.560332573933084
1,0.8685784038549921
1,0.610859018949757
0,0.07185196981945517
0,0.07683057129754307
0,0.3662140836670652
0,0.19000322493252914
0,0.055470587317665264
0,0.4345680387058655
1,0.9242211084609884
0,0.3336145726118062
1,0.6439229759321234
0,0.3153266247884761
1,0.9328568781569333
1,0.6267887118607012
0,0.14795068286205837
0,0.0874835966772679
0,0.044753508116978084
1,0.5046768745160146
0,0.36200844271635424
1,0.7064831893122401
0,0.05728056752922107
0,0.3123682124586643
0,0.4638764633666585
0,0.00299394820140681
0,0.04086596024456606
1,0.8856440776746183
1,0.523299313454184
0,0.1419060046229724
1,0.5580550192825415
0,0.08922169922983496
0,0.10311532597109108
1,0.9042845532648245
1,0.9348522557198498
1,0.6913641266956471
0,0.009678961199902155
0,0.04897751928668711
0,0.29794658771534327
0,0.332697774405469
0,0.2761383816768902
0,0.005718025061591042
1,0.5650502824617959
0,0.07881609554279176
0,0.054700480545082066
0,0.11667797859098876
0,0.4002569136015484
0,0.1878931056754137
1,0.9822736028616564
0,0.06310673121483548
0,0.12582093286140414
0,0.4750388604270632
0,0.3813384169715478
0,0.3717295481234669
1,0.6276346255380755
1,0.7190702073526959
1,0.6161457429516558
0,0.2167015966607761
0,0.14650921124500438
1,0.5728189213656422
0,0.0068462541547428864
0,0.28588341858653044
1,0.949696695423162
1,0.5155934681599555
1,0.9692202177591368
1,0.5526116843381229
0,0.01996583563244979
0,0.10328434887728329
1,0.6287001858299162
1,0.9837195824516121
0,0.240994875614494
0,0.08636450078444795
0,0.2434167275059474
0,0.07241520433627602
1,0.7702112207983867
1,0.756208833733316
0,0.05789223900058997
0,0.07063059256231737
0,0.12987145450748236
0,0.06092293853269513
0,0.024390213578952265
0,0.17806413484710104
0,0.2594158611360357
0,0.3863380435227478
0,0.09009436678580594
0,0.19209051543385985
0,0.34979771798266573
1,0.9596090954219715
1,0.9133742593064257
0,0.02520635923025939
1,0.7388865051320425
0,0.3181828140645372
0,0.10009035014624919
1,0.810314611831385
0,0.2935910971616667
1,0.9854341668993535
0,0.24990134309680367
0,0.33690628962704716
0,0.20350308870148692
0,0.011868525807455054
0,0.012732774516157409
0,0.012422529905589065
1,0.9529882525848622
1,0.6772239243677058
0,0.2817611899806735
0,0.1427335223452514
1,0.9424876798797538
1,0.6043779158342167
0,0.16978011757616224
0,0.07225478595881739
0,0.1692891453037191
1,0.9666641582774373
1,0.8738511914513947
1,0.7872399616596153
1,0.8910853080432051
1,0.9242888372451904
0,0.05601773731467584
0,0.36213309419198614
0,0.018954606575812213
0,0.05426007961038342
0,0.22616670777657288
0,0.012279201688061112
1,0.6183034474168718
1,0.8884250384625527
0,0.3078545345353994
1,0.9233129167807256
1,0.9460950028741132
0,0.21705616116660778
0,0.3148159956099926
0,0.0016882180298396006
1,0.8591243729690283
0,0.25271640321408456
1,0.6307000414926567
0,0.0032935942212193774
1,0.7281723683455246
1,0.9118505637139539
0,0.07474543972805964
1,0.6515470636495199
0,0.2503717442676111
1,0.628467918885293
0,0.023617558207328675
0,0.40390230443183933
0,0.04788248847497593
0,0.11514454048994281
0,0.3245452323541545
1,0.8537745735689591
0,0.03434170382307032
0,0.210493974694717
1,0.6001272089332871
0,0.1766756983468145
0,0.04415000772274724
0,0.06791918418001563
1,0.9712711985070105
0,0.41402079098861594
0,0.11230939752321788
0,0.32281228726219946
0,0.09634587264537182
1,0.9936080447480876
0,0.33266151009004474
1,0.70041791421673
0,0.04771892602832886
1,0.8799735160444818
0,0.1599983583281517
0,0.03570397127858564
0,0.4507904593813552
0,0.12816449743905892
1,0.766443243344168
0,0.13385188250272112
1,0.8789040297119778
0,0.14287990835243297
1,0.7020838748138942
0,0.13525240804378005
1,0.8827262143401815
0,0.2700513555866709
0,0.29601915089822806
1,0.8159516335068852
1,0.5906911552423743
0,0.3629360033447635
0,0.030411806134004713
1,0.9809510083738072
0,0.21306512982954487
0,0.14329114493752665
0,0.28397157398565925
0,0.10373345485160006
1,0.9999290034529759
0,0.0354167504016102
1,0.7666915316577463
1,0.9407663983149022
0,0.16191167643174986
0,0.26901278144263363
1,0.6662805603574061
0,0.148214065599991
0,0.24418291097569425
0,0.4669608731370093
0,0.35592328153807845
0,0.0869877267837344
1,0.6223686016153138
1,0.8196934943175408
0,0.29005064060764923
0,0.06593423739210755
1,0.9828571287179972
1,0.8844371764213501
1,0.7257915503739767
0,0.039400745536929946
1,0.5945425240706379
0,0.20747262684602394
0,0.3597797476595234
1,0.5928730138337057
0,0.08574477670483187
1,0.5006003019855907
1,0.9921009392426412
1,0.569451761389055
0,0.13021563582276366
1,0.6567849897617074
0,0.0512560500595504
1,0.9162080186052225
0,0.17502066552052803
0,0.0322477635160163
1,0.7755564857073852
0,0.13596305325404134
1,0.8352958330016147
0,0.10088302563780902
0,0.12343000912155563
0,0.16980787630963173
1,0.6800308124152514
1,0.9902871221671095
0,0.04830516186602866
0,0.274470619691857
0,0.15707776611630747
0,0.17410268053633238
0,0.06076332580481194
0,0.2531524418853189
0,0.2533802766278096
0,0.23813963732632212
0,0.36277455427145705
1,0.7228568796046578
1,0.5646816711121285
0,0.3416624803604025
0,0.39598175874543784
0,0.0759200136123436
0,0.0772473731874261
0,0.1358540772656671
0,0.004101980471035859
0,0.06923740505393308
0,0.06113559117858487
1,0.5277059024653281
0,0.0756412994139675
0,0.19073288880916756
0,0.024362048964312533
0,0.46079637564313286
0,0.07231973460895463
0,0.3853513842207549
1,0.6381926582072801
0,0.07313919642950693
1,0.8335606134032969
1,0.7403684890197055
1,0.9961582879305447
0,0.14045214718506502
0,0.14784884588083952
1,0.7694345986800272
0,0.26171026954133675
0,0.05786015255772164
1,0.5363668321234657
0,0.04529696915996807
1,0.582519431824736
0,0.15284591688436772
0,0.16036794714537295
0,0.35368032491266066
1,0.8389775861251181
1,0.9666387826937043
0,0.2725816739460894
1,0.5392538192908847
0,0.4396094347027299
1,0.7544881525331623
0,0.12442614183199437
0,0.4968078622173203
0,0.06792418406899137
1,0.9929228834237792
0,0.3583977354573372
1,0.8364877763645188
0,0.21379035881900457
0,0.3762296785626128
0,0.47571286027325416
1,0.7264466364242117
0,0.2386781905220935
0,0.3498895233055459
0,0.4196536184312728
0,0.3268894353705547
1,0.8089266340665119
0,0.4259239922505272
0,0.11351016740685323
0,0.3899961556280554
0,0.19456024373219535
0,0.017148797451676016
0,0.08817408191898303
0,0.26258150036523836
1,0.9470268610965493
0,0.35905265201601844
0,0.2895213257907483
1,0.500945449140445
0,0.14722009796674407
0,0.4938864402450687
1,0.5110579822850251
0,0.12583682736056392
0,0.10492403266978724
0,0.12939377080515882
0,0.2136798458386892
1,0.73334899130909
1,0.5390079947512532
1,0.7419064198858561
1,0.8436990388620706
1,0.6752221579794174
0,0.10333926716446412
0,0.16369815028070572
0,0.10586673959988045
0,0.4825527589557868
0,0.2349872802731944
1,0.5624422281449362
0,0.43291945378552577
0,0.030923385571543616
0,0.10257065848892805
0,0.29240783029036305
1,0.6072007323774397
0,0.244848476973979
0,0.2577467312454883
0,0.012759477451133311
0,0.3871530553995625
0,0.3794534353385986
1,0.9002455884913659
1,0.9322420227606908
0,0.027102029158894866
0,0.14656129859624825
0,0.04722615987315149
0,0.016700246957250815
1,0.9456375121724563
1,0.5310988958385978
0,0.2547296850589519
0,0.48196832078459556
0,0.048434604268679265
0,0.23401700598651648
0,0.28551584935625557
1,0.7189522396249864
0,0.38343152293767546
0,0.033303152732450485
0,0.16052141460584474
0,0.12133624029762428
0,0.04239582498236699
1,0.8311097618568033
0,0.033806180869243946
0,0.3288697338564272
0,0.4502709583516646
0,0.1714815533397911
0,0.46980329885739397
0,0.2039852346148477
0,0.06908653911144678
0,0.2770712678996886
0,0.26909028134449864
0,0.20194526500359905
0,0.04699895034633769
1,0.9245060250632963
0,0.045833496008215235
0,0.17301352310266782
1,0.9830457840793233
1,0.6014753554722225
1,0.9925866546660861
0,0.4234209424154917
1,0.6432534346234294
0,0.051316002573810165
0,0.2928668268449715
1,0.9836738160905969
0,0.10927366280949942
0,0.009435441980448168
0,0.05978390913477442
0,0.4892306828041911
0,0.0946554859877521
0,0.1568304948239539
0,0.05197108905726757
0,0.3592444732289817
0,0.16932948206407328
1,0.5337305410240782
0,0.13709397785752866
1,0.8515604545467289
0,0.4851829993281078
0,0.1825509853979347
0,0.2907692515952998
0,0.4935941102708274
0,0.06944475524170445
1,0.5319075983992191
0,0.4566790777277457
0,0.33402994046959544
0,0.26904905213155894
0,0.11570934173621382
0,0.04924670622964365
0,0.38254588159143327
1,0.7727705810458608
0,0.17705416204904778
0,0.3830477770265872
0,0.16254499283738771
1,0.636847422354917
1,0.6627990298868509
0,0.31666296892427626
1,0.5636023256849624
0,0.04192524454909598
0,0.013092392594681476
1,0.5865701404961874
0,0.09605549261684065
0,0.4574123640364512
1,0.6904582753951523
1,0.568499705420789
0,0.08632834834903255
0,0.046259573588856046
1,0.5941148522641281
0,0.09643519087143844
0,0.1703789767359306
0,0.31715108556410304
0,0.46056098805877066
0,0.3710696631664563
1,0.7047563992148863
0,0.2451622430373623
0,0.009772963052072233
0,0.14087159611034702
1,0.6707206413863248
0,0.1546949159264915
0,0.09739540321886636
0,0.4914138194283505
0,0.013785998391041918
1,0.5948758807159872
0,0.3022700107655408
0,0.4330780781798734
1,0.9050183613874819
0,0.10544398899074964
1,0.8573053767292174
0,0.4227016052439681
1,0.824986532113609
1,0.7554288852144948
0,0.17923435890784983
0,0.3521375706811252
1,0.9481324479068481
1,0.8933086893588644
0,0.12033732882865987
1,0.6304621171282412
0,0.08840698028199319
0,0.14601877239585023
0,0.3321991061906654
1,0.5533969208885248
0,0.19787716090860813
0,0.2949418554165369
0,0.0044989181813436365
0,0.008814954234475978
0,0.4961015411033056
1,0.8537377982694562
0,0.06647318518037705
0,0.09819538278265828
0,0.1461645279212172
0,0.01747663716348406
1,0.8197733177810721
1,0.5825355651259558
0,0.3904920503688746
1,0.7771725157051504
0,0.11615245735256706
0,0.37181732711878634
0,0.38621034848606767
1,0.7299332320393404
0,0.1649311594353289
1,0.9939338977597428
1,0.9380695488682219
1,0.977664674545709
0,0.4159320993837102
0,0.10524559704753204
1,0.6100175784981204
0,0.26460832211847235
0,0.006778653434829762
0,0.1526253314991167
1,0.6543371421062835
0,0.08998081949953639
0,0.0267266730771867
0,0.23980167507310926
0,0.1431951025578807
0,0.16931848993550416
1,0.5483126682417455
0,0.07906496132641624
1,0.5695341413616626
0,0.23860780956572597
0,0.4942946722001472
0,0.028733696065590886
0,0.02586869016900351
0,0.1067304036078573
0,0.16134449076195487
0,0.17312760335731364
1,0.795764828710529
1,0.9596768947089772
0,0.4150785544672241
0,0.4396563415423906
0,0.22916247864903358
0,0.2221338887085765
0,0.2656307588227003
1,0.8169137195786427
1,0.7786139148141481
1,0.6007937480936049
0,0.3093855044536516
0,0.44464556060702104
0,0.41486583562429336
0,0.1247090526246605
0,0.31840466302709264
0,0.4066693437387675
1,0.7554157627985215
1,0.5119117762166576
0,0.44934784717552984
0,0.3999240491193829
0,0.020197401406710475
1,0.913923762928389
1,0.9971016991191497
0,0.3734375131365488
0,0.4579926307268617
0,0.45097122404254947
0,0.2938574901075853
1,0.9043191982747376
1,0.5112214860744033
0,0.4486693403018315
0,0.4466600124074474
1,0.7776927937264554
0,0.050260558267230415
1,0.7783315007141022
0,0.47752439966455185
0,0.3856595231034072
0,0.021395959291250544
1,0.7751832889840718
1,0.5690994949728712
1,0.8408477815927651
1,0.9777210342903052
0,0.4985519190610172
0,0.2695957307669824
0,0.4024767891176974
1,0.9614835073096047
0,0.30936106093195803
0,0.17532812744432763
0,0.4492099138718426
0,0.09393538449554084
0,0.09929254597376426
1,0.9372075161104774
1,0.9821860629900917
0,0.4247506764517148
0,0.19361160444268558
0,0.1667621021514039
1,0.8411997874895975
0,0.13591878129440305
0,0.39554926952991476
0,0.3865124182405492
0,0.13618760830254334
0,0.023531352891398773
0,0.046337270548233486
0,0.17497555267189405
0,0.1745697301788647
0,0.09362774580111267
1,0.9051388035217324
0,0.04779319988250297
0,0.15181921620121272
0,0.42958821731564834
0,0.2575751347623715
0,0.1731662907824152
0,0.47376748990794076
0,0.023834551513873717
0,0.19186586532948594
1,0.9868234707125322
0,0.4010855431814618
0,0.23971107911270848
1,0.9999695297999497
0,0.22058457179293836
0,0.3548435572681971
0,0.15943811970810198
1,0.9171286177065829
0,0.36954876733725317
1,0.5281815505586894
1,0.5630608128407283
1,0.9742020206815738
0,0.12318778504375916
0,0.015949448017626357
1,0.7194471113318842
0,0.27198145192675827
1,0.8002538842224811
0,0.03416428132375275
0,0.4763106373795507
0,0.28208636317961805
0,0.15482055015640772
0,0.26906490103746594
0,0.030272698692529163
0,0.30764102936438575
0,0.16921281135426913
0,0.07466762011909779
0,0.38370777692390284
0,0.47588747408733245
0,0.22371216510632513
0,0.07687303461321165
0,0.2850085512966893
0,0.007937853872695917
0,0.2726904674722027
1,0.5400618058430587
0,0.3540744475841832
0,0.23433540184678256
0,0.4486929020180542
0,0.010353132446813946
0,0.06182534942249581
0,0.020903446588474917
1,0.7270302869602936
1,0.9024351958504164
1,0.7872060180031296
0,0.016185824282565046
1,0.9231506073331037
1,0.9879665543273257
1,0.7927041634049831
0,0.3495836530421755
1,0.5322446429759186
0,0.47870930576305915
1,0.76302238188499
0,0.16196836163078765
0,0.4234930246001555
0,0.2973128466493538
0,0.33881247057827657
0,0.26608884714740483
0,0.1953633985700528
0,0.17537754159314026
0,0.040718802261631444
0,0.07837901186190642
1,0.8171225150148532
0,0.12178113353605358
0,0.04971015898485093
1,0.6617140395069002
1,0.6957442449226068
1,0.5022387822742739
1,0.857944928154174
0,0.364963196508992
0,0.20102951276961833
0,0.0024260317285930443
0,0.3255923891651893
0,0.03398718911284332
0,0.002495782195510279
0,0.006851104765027147
0,0.4825468323104096
0,0.22445628327239425
1,0.862760405805514
1,0.5199123293437854
0,0.1284668192226898
0,0.009355472050706816
1,0.8079042539438605
0,0.2026533804420974
0,0.034670003233440806
0,0.3691440548664162
0,0.011825682951864699
0,0.20672592055940858
0,0.38737596572730687
0,0.14166015661914375
0,0.09742211772857808
1,0.6924513377993518
1,0.7143019033910191
0,0.17973945093407168
1,0.5669355878347311
0,0.2292254674758409
0,0.19843264693506407
0,0.13648762027256736
1,0.5739596776049329
0,0.03778695049117286
1,0.871087657772659
1,0.8709921632497032
1,0.6522302209999455
0,0.04390924471801534
0,0.2371908097793925
0,0.12616245373077684
1,0.999986904191965
0,0.15257439027255623
0,0.488404372813414
0,0.06988733805722497
0,0.469746209232518
0,0.46350589202143916
0,0.040596548997964936
1,0.7339452245599384
0,0.08591439649207616
1,0.62007354755783
0,0.2570921510341367
0,0.016959442764524896
0,0.010576403951021156
1,0.5053583259897226
0,0.21357188555857376
0,0.061366294400050876
0,0.42656400001348926
1,0.9020129296891337
0,0.09374934629257445
1,0.8364241459950514
0,0.42113702799770614
1,0.6158142879326371
0,0.4772545592202457
0,0.0015395991833971655
0,0.4703060755615109
0,0.11200299794136093
0,0.12122618689746714
1,0.6577462808881145
1,0.5496095410097398
1,0.8231675276744761
0,0.37736449172055897
0,0.009999097005765607
0,0.10888623356578737
0,0.13583486344690487
0,0.14515909777743896
0,0.0480815769842591
1,0.9245965052200232
1,0.6949061828866612
0,0.2246098418589548
1,0.7206283937469432
0,0.08625262971934566
1,0.5626399239606716
0,0.25077339302362545
1,0.8175558517007835
1,0.5745471961030124
0,0.2694972825792488
0,0.09098764013552652
0,0.145478059633346
0,0.007937351014917207
0,0.34126288263859256
0,0.4428553586014703
0,0.11471886705993024
0,0.0934771406986456
1,0.6482501747157391
0,0.04829333140228663
0,0.34506554672610723
0,0.21642659845442183
0,0.03649993330072651
0,0.0555407587248413
0,0.33536907311709985
1,0.9188565600807662
0,0.0738945588005002
0,0.1285335272551508
1,0.8480025587930279
0,0.41989806583231537
1,0.6850493598233272
0,0.05326968370722859
0,0.36558565770995616
0,0.16549241654881414
1,0.8979000358617859
1,0.9270309990558508
0,0.2443952997515322
1,0.6225066636828042
0,0.051653288761036725
1,0.9122467220973155
1,0.6890768777141209
1,0.9552039629531714
1,0.505322491332182
1,0.543950028484228
0,0.33277673129746943
0,0.44886107443415024
0,0.2560007533879404
1,0.5271805873647466
0,0.21512263456003322
0,0.06765112216289511
0,0.04289473433289159
1,0.9359799653570504
0,0.4117990645629637
1,0.8496955587110482
0,0.04231493735328205
1,0.9820273544529395
0,0.33918776088345365
0,0.09709292551534386
0,0.2889046054213359
0,0.18068075684253113
0,0.22943041525816443
0,0.015582322556006929
0,0.011448869912249807
1,0.564268849084567
0,0.024774807825535206
0,0.23250568407960956
0,0.4840845658233086
0,0.14998818367829525
0,0.15578449518568357
0,0.18512928117665167
0,0.059179061660781275
0,0.4186773219883852
0,0.26153067095630855
0,0.21811886810881617
1,0.5924450490304621
0,0.3897539173669636
0,0.20817547897541616
1,0.7882444092680715
0,0.12200241852829079
1,0.9675197286663434
1,0.745078648902905
0,0.2883028398599212
0,0.2865802012536286
0,0.284691038391928
0,0.1895025652745088
1,0.8556468075745177
1,0.5743510753081984
0,0.09559644280545067
0,0.19199396968412794
0,1.3114958600673666e-05
0,0.27868661613574636
1,0.8841806320789868
0,0.03576650322331613
0,0.061683643479817286
1,0.997557689416476
1,0.9780126135796658
1,0.792398184601711
0,0.32027782970427426
0,0.07975674703261468
1,0.7928259232667754
0,0.11609275920420445
0,0.027174148827460425
0,0.0778667010349218
1,0.5300358001622876
1,0.6153433932184182
0,0.13632208380202046
0,0.30607793101022934
1,0.6884460030339291
0,0.1174526623276402
0,0.07185671882118837
1,0.9757171431318911
1,0.8836718493656832
0,0.3001371517195298
0,0.42293368761982564
0,0.07318966938615759
0,0.15893334424826686
0,0.3611375706457816
0,0.3550140284174879
0,0.26439174581837305
0,0.20092043377885951
0,0.010708493282905133
0,0.01165811590405472
0,0.013824271921710424
1,0.7318878586473785
0,0.11255638133272776
0,0.42811589482583695
0,0.13025262379913197
1,0.8532018620544356
0,0.2952814581369652
1,0.5499961323713053
0,0.08950613865993401
1,0.8964034564345386
1,0.9085197435253135
0,0.1860517265362638
0,0.12334634139470262
1,0.9525923107704963
1,0.5231498104308677
0,0.23633287912277998
0,0.22653741785153628
0,0.005766255891798261
1,0.7211686837970255
0,0.39072565932597
1,0.9802464175134611
1,0.5501769997458165
1,0.8454564418840962
1,0.7597303983696366
0,0.16631864514260786
0,0.19950374148018432
0,0.016827808290547135
1,0.5937357652892417
1,0.5508474710438838
1,0.5538436352023477
1,0.6794567904916019
1,0.7915443657364726
0,0.03785227726633687
0,0.3887513974164058
1,0.536501571310692
0,0.08816498649659432
0,0.01216522335111054
0,0.03715709178675369
0,0.04454706911408525
0,0.1794628217188627
0,0.3401714555255776
1,0.9999018818646361
1,0.5405712543188392
1,0.9743974389426654
0,0.05104351968020349
0,0.053063734581209894
1,0.8606805156695169
0,0.2763341239968956
1,0.5490194032853675
0,0.1736262287780107
0,0.4936599462113411
0,0.4375627543486027
0,0.024008412864387676
1,0.8582876042726356
0,0.05069351425098189
1,0.8390711074411241
1,0.9228658013251775
0,0.4269510531547492
1,0.9579830188274487
0,0.0014595249385468362
0,0.34425487710501385
1,0.8715107257774405
0,0.1959344320053202
1,0.981262473208665
0,0.46096816192206247
0,0.39488701962059153
1,0.9833311295546875
0,0.01051455602174668
0,0.47316450024890944
1,0.7363748223887991
1,0.5088220376212682
0,0.45621280091086713
0,0.006107194690796522
0,0.4558430460245334
0,0.141812328891324
1,0.6052714901688279
0,0.015087973768884476
0,0.31161627285488536
1,0.7797605231032734
0,0.26538394271318416
0,0.04119925979577812
1,0.7072258175415262
0,0.1599841451573288
0,0.45967985210930584
0,0.058133326383094666
1,0.6585760235904247
0,0.07093789716077058
1,0.9833412702033376
0,0.10415977821157117
1,0.974728863004819
0,0.04959824499619897
0,0.005364072511294687
1,0.5382138492076002
1,0.9822361679764254
1,0.8091955972129045
0,0.018085183331340904
1,0.980978977614913
0,0.18917794871349475
0,0.19538398458575904
0,0.042270367855400504
0,0.11341146846485269
0,0.14311333472504656
1,0.7945077574941438
1,0.7498918290984481
0,0.049485901822008814
1,0.6502262799629128
0,0.1636665476291642
0,0.020271832242835332
1,0.6809448999223688
0,0.47612060727633865
0,0.07091244949250569
0,0.39213393893124104
1,0.5169558690647491
1,0.8199044131195963
0,0.49350445304261914
0,0.032311929927917905
0,0.46637726151333747
1,0.9534253375390448
0,0.20146776839304967
0,0.27939464145565873
0,0.17059959903897795
0,0.495844408044689
1,0.9494245338735511
0,0.10767730400680843
0,0.20236784477001396
1,0.6502371435389337
1,0.5161827657227929
0,0.48347911940362315
0,0.09061664203781865
0,0.180008353194957
0,0.2686390233570761
1,0.7538113691773383
0,0.09175910287706399
0,0.19451824480416596
0,0.12361181984422655
0,0.013647032909896618
0,0.18157307445346904
1,0.67876663210977
1,0.7089178513012268
0,0.21866885501483146
0,0.49401768396504725
1,0.6548359381985386
0,0.05361573152108697
1,0.6333389468935962
0,0.010668130809590023
0,0.03174641541231871
1,0.9130200037869967
0,0.24827891696765864
1,0.8714645920088812
1,0.9956211423114129
1,0.697311232465207
1,0.9933022894538835
0,0.017990471101019614
1,0.5687909364183036
0,0.31657038297378526
1,0.791628330910848
0,0.39757311731978845
1,0.5938697339780652
0,0.18180774000463043
0,0.1514853891973015
0,0.010999539165253454
0,0.07554327328682973
0,0.42099989285483824
0,0.000576919014291076
1,0.5484140256720731
0,0.3280941218004291
0,0.37238291300908416
0,0.2902119039818247
0,0.01825790138237682
0,0.014009042468437306
1,0.6404719146595547
0,0.21248630377405386
0,0.048669230249316006
0,0.3325425648465804
1,0.5466263746623311
1,0.9814916123487071
0,0.15474266400222753
1,0.6021274615064819
0,0.1654887089186401
0,0.016927364590813013
0,0.2774797985289862
1,0.5908234840579959
0,0.1762437069788002
0,0.30895590383438715
1,0.984466222789723
0,0.012837401484973442
0,0.284145536747599
1,0.90380229698441
0,0.37321298802930397
0,0.18033381943922927
0,0.34252336119017945
1,0.8239075965158241
0,0.37172012409648425
0,0.09549275124303927
0,0.1322575885776264
0,0.13633028906382183
0,0.43356588891941505
1,0.8080700630375286
0,0.14244706489897013
0,0.3832663962195777
0,0.08504051413334905
0,0.3344106111109609
0,0.39254561554555917
0,0.014287244177667737
0,0.019152468569781717
1,0.6082311328111475
1,0.874631450248943
1,0.6201495644919496
1,0.6736521793272905
0,0.02357774765408017
0,0.3286644285294212
0,0.36344999584595455
0,0.00705733044772125
1,0.9264762799791607
1,0.6756323755535233
0,0.22700660350958335
0,0.11100457558065667
0,0.16217655580807294
0,0.35269270487241233
0,0.08530851398645464
0,0.04531005443104415
0,0.16491000813735482
1,0.9942056890515252
0,0.009938740953653331
0,0.32455937702596666
0,0.10131238919837522
1,0.8695916511616759
0,0.10578977309703529
0,0.01731759410371034
1,0.9113865631778287
0,0.23677535810085631
0,0.0687667678817337
1,0.9037041422951173
0,0.13423678639685838
1,0.5844077146048502
1,0.5076386728950553
1,0.6771374876379871
0,0.021343660573199617
1,0.7018465637548665
0,0.267173370126735
0,0.11859479236289948
0,0.2595935274462355
0,0.47036924514687706
0,0.17647770464135268
0,0.1638419706383774
0,0.054983562455417447
0,0.14644536048255474
0,0.41732773705824755
1,0.5361215865799573
1,0.977281221607234
0,0.47370560123781835
1,0.5583352459144958
0,0.04143658945540156
1,0.9837643614776688
1,0.869422554729528
0,0.13518533967384538
0,0.4062282335029512
0,0.04993812661306063
1,0.5243312458290598
1,0.7123423380510877
0,0.03000420553690482
1,0.6397417773766046
1,0.9614270714772462
0,0.40681023383357995
1,0.5042648549844779
1,0.6075077607595902
0,0.04889296671028892
0,0.01224479146875512
1,0.693575024198208
0,0.3254093275092432
0,0.09396909064570294
0,0.1237705448057703
1,0.6023289345583123
0,0.21029850894749325
0,0.4046268738764925
0,0.0957012560199043
0,0.0467545184855506
0,0.4037083364350688
1,0.9239678568637125
0,0.004977428104856674
1,0.958072714164753
0,0.38892073365348806
0,0.4680975742910911
0,0.24151082463336557
0,0.004811397866429133
1,0.9213734044222756
0,0.17375312896113748
0,0.4105364938410971
0,0.36030953447688846
0,0.4205393268881034
1,0.9889826715456791
0,0.22926260925502515
0,0.30864474807370346
0,0.30346598765719396
0,0.09719283567185083
0,0.008926993686354226
0,0.3206211925188819
0,0.024101827525112033
0,0.48476790701931555
0,0.18865849651618283
0,0.29590183923690916
0,0.29823366932259376
0,0.1497715315834225
0,0.21102769159121412
0,0.2527304614564454
1,0.837643802461673
1,0.9806272025502432
0,0.14507534130591793
0,0.4602345865839459
0,0.1308525035267007
1,0.7753380548067335
0,0.3703996721174988
1,0.7333060464750973
0,0.30439248597971635
0,0.486949610847823
1,0.919430110097066
1,0.6192437370161572
0,0.003275760611842178
1,0.7054593949876128
0,0.4367586368495204
0,0.19392371300087427
1,0.9682436231159561
0,0.018874453955824034
0,0.25399246523139524
0,0.39189862214874355
0,0.2253529520878672
1,0.9335284626518849
0,0.41305425535293405
1,0.9176544143714133
0,0.0825488914368997
0,0.40980694714573046
0,0.029848689754394482
0,0.3742566047808399
1,0.7479193126452199
0,0.2248592231745365
0,0.018708738841224072
0,0.00954562986460469
1,0.5549726115658734
0,0.07748537837158445
0,0.10425568411855564
0,0.42869578474716863
0,0.4157687891805204
1,0.7446425164298986
1,0.75379210228749
0,0.0010244179042054268
0,0.049800825878837225
0,0.25276352677149294
1,0.5647182923549818
0,0.19449749979421851
0,0.0060842240661980055
0,0.3354922937058049
0,0.09467638499879427
0,0.46277176312973806
1,0.5227059523924369
1,0.9081464923116243
0,0.03662390343684542
0,0.44364579573918006
0,0.13210263179537854
0,0.1832013772421168
0,0.48121852867444115
1,0.8752415679026018
0,0.0048198776655853605
1,0.6417698154174969
0,0.06927927982762251
1,0.6681484729779755
0,0.11418027589008661
0,0.1887990271419136
0,0.08088764743435227
1,0.6199000370804195
0,0.08904894404977488
1,0.780631974336858
1,0.7446795854601785
0,0.15178750887745934
0,0.008228117160293022
0,0.2975418412312063
0,0.06532121352354453
0,0.0013220580035936936
0,0.23457075094447485
0,0.3017664352278107
0,0.10942027120317667
0,0.0018973491675371267
0,0.24967542127910966
0,0.007463534006532091
1,0.9597250628431188
0,0.15368152599080964
0,0.0901824732642254
0,0.025208043765845935
1,0.7235498608997609
0,0.35726652448838214
1,0.6803692524571505
1,0.9818204605583527
0,0.48144579599429865
0,0.2409334691977402
0,0.12116120591409425
0,0.19021089113186118
0,0.06902541763848669
0,0.2894003095932803
0,0.2901748993195856
0,0.17051707101879748
0,0.4268944876999336
1,0.7520308522375568
1,0.5935112404450926
0,0.016607517517364914
0,0.14346949643770135
0,0.10996168284678974
1,0.7242578242217304
0,0.002309084397871107
0,0.11162772598847989
0,0.352644914383899
0,0.1945577755438058
1,0.5645150795683802
0,0.37365061996350063
0,0.24877477567714434
0,0.03680720899148111
0,0.4876034341467448
0,0.09241509350221329
1,0.8689864788818138
0,0.45497056597467805
0,0.34145296474799214
0,0.11046838310917789
0,0.46950472896225126
0,0.4087381698151612
0,0.4826643892260676
1,0.9332684278991203
0,0.05627529771841592
0,0.4764592436515709
1,0.9380544552888055
0,0.42044867432731203
1,0.6670915495616538
1,0.7881896899768877
1,0.5754259774229702
0,0.3844669495425178
0,0.22682709504917387
0,0.001990072372094406
0,0.007249871066852774
1,0.6908084690164215
0,0.23038075569923455
0,0.28456452172580127
0,0.18370574966858774
1,0.5351957569472309
1,0.9018573834044553
0,0.36616429983475796
1,0.8200859489327238
1,0.7830280040456634
1,0.8029129334658468
1,0.8940294881309212
0,0.08029478417812552
0,0.17998046239178866
0,0.46630068563446575
0,0.08940220665806069
0,0.18048073384372984
1,0.5771454910083508
0,0.3890700355113775
0,0.005635021199026021
0,0.027035600073489083
0,0.4258474373566256
1,0.8166673008940847
0,0.11628236251852894
0,0.4297017970418241
0,0.004612677531583311
1,0.7044339052455403
1,0.8339157340220963
0,0.3850335982065281
0,0.2905981784939005
0,0.2302553239349649
0,0.05355086867283928
1,0.9856226281224029
0,0.18552477603952197
1,0.9922128268215963
0,0.07047120920578397
0,0.17020191229605158
0,0.09977821158450505
1,0.7630882151810225
0,0.07556005646059724
1,0.8033757431334312
0,0.37072966967381155
1,0.8458171447556576
0,0.4637109497107558
1,0.8263394185515496
1,0.6051807106582376
0,0.024993403724605637
0,0.30276463082268773
0,0.3147003931909517
0,0.010283279218420224
0,0.29366195770174863
0,0.21950732764544448
0,0.08991788282659528
0,0.16355179810835563
1,0.5460154103497538
1,0.8382784946365016
0,0.22795925870011463
0,0.043156286319597795
0,0.3273629261858136
1,0.5394563291999332
0,0.4692556479100466
0,0.43587935585474097
1,0.9022694614601534
0,0.06475790019074183
1,0.9594981498436236
0,0.020594438111420695
0,0.06709229462813315
1,0.9490672977609329
1,0.7504928441000284
0,0.14201692391737686
0,0.0784557047292241
1,0.9271719085670409
0,0.12560436835280092
0,0.1824731166808162
1,0.7680926378991298
0,0.12863916941256107
1,0.5220483646780976
0,0.014744047283580919
0,0.19165566381743002
0,0.4163948877766434
1,0.5377017723731933
1,0.6648519452624332
1,0.7546692819124342
1,0.9864223761689129
0,0.02489761193655919
1,0.9525063826142581
1,0.7117455591637416
1,0.995022222227912
0,0.4561929323222759
0,0.08859131902891655
0,0.3900326639269063
0,0.0006017103081794457
0,0.41925899767067926
1,0.6391054919978485
1,0.9693424728633778
1,0.6499439039002592
1,0.6473348375232263
0,0.13308729053232085
1,0.9509316492189603
1,0.9790158318780849
1,0.8936498749175229
0,0.0982569877832524
0,0.020386923879044096
0,0.15088316451286707
0,0.2919623439528865
1,0.9246706503511527
1,0.6489877697704938
0,0.17025846316828244
0,0.06420559203068242
0,0.21757540204703976
0,0.20210271567878724
1,0.53027030285553
0,0.011605784123796946
1,0.5215278356349614
1,0.811761901808302
0,0.15914584272218135
0,0.4528949218130202
0,0.1990022903824023
0,0.1572573126950299
0,0.22825191059293223
1,0.7039051229332934
1,0.6695482235178088
0,0.34111293135857185
0,0.3040112635113134
0,0.2756498551345422
0,0.021009100889028194
0,0.14981548707815595
0,0.3913868945776723
0,0.19107991642397246
0,0.39940642378498104
1,0.7207060763373033
0,0.3484091104348411
0,0.36046157537716345
1,0.565460020572351
0,0.049553261560302
1,0.8440754289798815
0,0.08200214227538075
0,0.3343785250769016
0,0.3355681474766274
1,0.9918837902488371
1,0.8883269043115977
0,0.013586745618321319
0,0.2729617395468172
1,0.5889359917077327
1,0.9749201316753887
0,0.0902653970412081
1,0.5017912771825902
1,0.5235097599496973
1,0.8539319611569328
1,0.7494584053591106
0,0.05628810892200598
0,0.09019331530020085
1,0.8058548237511123
0,0.23350426367421714
1,0.9395593192757269
1,0.6534971906439568
1,0.5182737172089623
1,0.8051336781382191
0,0.14719457901547428
0,0.27930090397380003
0,0.4847426244288385
0,0.34596541520880925
1,0.5942733210241018
0,0.24079361867802254
0,0.4985930827305835
1,0.5649273723492786
0,0.020468910161568012
0,0.07993247371268712
0,0.04824520614297654
0,0.24955188592299013
0,0.04137642256522087
0,0.15044914481091318
0,0.055752915108245114
0,0.11033244936530309
1,0.6745077357611743
0,0.0059739738284793195
1,0.5563465016612619
0,0.01681971276626971
0,0.20156297250133934
1,0.9289229995514775
0,0.0013634622894781506
1,0.6674617835724991
0,0.26511368843454153
0,0.24192388409560736
0,0.28276638610604654
1,0.9776174943851615
0,0.1935404909371688
0,0.3395059235587949
1,0.8639496062560598
1,0.7693304212240052
1,0.980348265869819
0,0.11051119577294956
1,0.5671621177386333
0,0.0010050089423471336
1,0.9799499768170874
1,0.754991181194228
0,0.1840947021199364
0,0.2996061616224428
0,0.10022543966868425
0,0.20643627966690006
0,0.10945369426851326
0,0.2502117182510757
1,0.9512115365700857
0,0.498672603706388
0,0.4068919953988908
0,0.07498419455739869
0,0.03836528096050416
0,0.474683827325365
0,0.1342806186240232
1,0.7821995977336982
0,0.04123651995689909
1,0.556753799717912
0,0.0025219728976519523
1,0.6136699959650861
0,0.004249755741554328
0,0.026100747900084948
0,0.1252296951337516
1,0.6294227371772062
1,0.5223972193611494
0,0.26332509873615145
0,0.3245452323541545
0,0.2970366135646266
0,0.07784005663975574
0,0.10622889691569828
0,0.22321960964672807
0,0.25238135968720854
1,0.9571280190643903
0,0.3728404696151325
1,0.5893626366085711
0,0.3835142245077775
0,0.12044327821944184
0,0.029211020727780604
0,0.1665852347130265
1,0.5008316550622488
0,0.21966199753789575
0,0.42100459232559384
0,0.11993248383404599
0,0.034189241754901886
0,0.30939606999146835
1,0.9641743087448084
1,0.8812491770146628
0,0.04578269226234723
0,0.06235230919398806
0,0.08356378418638842
0,0.15630623103242455
0,0.008540662115768774
0,0.02269471882099544
0,0.07144799992164298
1,0.6807023971334984
0,0.0027392797464798344
1,0.9888750845839247
0,0.00875690697302009
0,0.4611482722115065
0,0.17927179111765568
1,0.9730117285445127
0,0.0977084852957724
0,0.1797099538394768
0,0.48510064929183466
0,0.24520771946408165
1,0.9430481187429915
0,0.17353686686580688
1,0.994359238951
0,0.05998626849163488
0,0.49112743767265543
0,0.4561532455260274
0,0.10986060487713731
1,0.5188100074797489
0,0.0895714333070816
1,0.544469883825242
0,0.07573152611351586
0,0.12454634536915567
1,0.5889211840973094
1,0.876590083850519
0,0.11490141797660733
0,0.1704046036825907
0,0.1387187381561195
0,0.4720981000588828
1,0.988847036492086
0,0.23676087982293104
1,0.9602656356098345
0,0.4094340447637403
1,0.5995012775253629
0,0.2295453435749532
0,0.03713590803715168
0,0.10841707503373223
0,0.2716371643668594
0,0.18801465484733268
0,0.4413375292009837
0,0.0005635311958405397
0,0.24792627428332087
0,0.15945188549442252
1,0.8195469160490072
0,0.4019551873442635
0,0.1309871325231325
0,0.2149153136766889
0,0.19579447037120354
1,0.5399482222620955
0,0.00240788899235452
0,0.38929201290711984
0,0.06998890870729932
0,0.0341347240904472
1,0.7562900840382936
0,0.07088184393420323
1,0.9995671446114444
1,0.9782387338684917
1,0.9985786120951888
0,0.19456386276323667
0,0.0616831015114395
1,0.6850915666021962
1,0.9052784184955331
1,0.7453513880086838
1,0.8209196864778507
0,0.16645959843274047
1,0.7511507414805391
0,0.029722478681726852
1,0.7864097256466104
0,0.06436561236663296
0,0.11697285862303565
0,0.03354871663075615
0,0.4999989793830111
0,0.15555843834293623
0,0.00416574967171776
0,0.44594510313170643
1,0.55126904677347
1,0.9983064684134084
0,0.2540183082007675
1,0.8919137091512642
0,0.06664433878963998
1,0.5128509888121188
0,0.31833223067009364
0,0.3424939862612231
0,0.34770344497208694
0,0.24966467851958926
1,0.9588449326891468
0,0.36896797684842064
0,0.09391668794395261
0,0.43918395718846703
1,0.8910490680616788
0,0.45227773709210406
0,0.2784024205560149
1,0.7479286377578205
0,0.14483631724626767
1,0.5870949606867272
0,0.31922296631695657
0,0.22572018598971758
1,0.8754855594687425
0,0.38486794530310153
0,0.26618780528383856
0,0.003142176476870508
0,0.12702109553054147
1,0.8273156549695865
1,0.5260133788528095
0,0.33014902446385275
0,0.2647728803918216
1,0.8732639530755915
0,0.17937791349909354
1,0.8828238353405145
0,0.09702635798347267
0,0.22346830402399478
0,0.16509343596649567
0,0.2793672876931798
0,0.022313432002197025
0,0.15558895275211257
1,0.6047390245521751
1,0.9724244032880628
0,0.0148625554030262
1,0.5564848817982601
1,0.9594776590988869
0,0.06353712382579049
0,0.2657367159117817
0,0.29851895419265756
0,0.0023892815718960896
0,0.4407957884952661
1,0.5258136086855146
0,0.3896936686293074
0,0.3465231819548461
1,0.9054425777694411
1,0.6714972779638055
0,0.14982046781466288
0,0.2870969897476246
0,0.4846739103757174
0,0.0484833099935689
0,0.0046911300952516164
0,0.127166986499559
0,0.20181092009787413
0,0.16959123670282938
0,0.024010639277867743
0,0.00010948845239144639
1,0.6329997754705737
0,0.28630989571638327
1,0.6618932808773139
1,0.9498614879010137
1,0.7493803895645954
0,0.07324106773243307
0,0.2533048946444933
0,0.23704589783858265
0,0.03796358482003035
1,0.9930346178113734
0,0.16998604011807172
0,0.05760606125393699
0,0.4150785544672241
0,0.10267377483394498
0,0.3842217201621117
1,0.9654632018039182
1,0.9453784600579306
1,0.9630669600181514
0,0.12047723407344843
1,0.7091949831688645
0,0.2436897512773866
0,0.0023959023477000377
1,0.6699952393666629
0,0.048163115854617695
0,0.17079692763190105
1,0.9119898325045858
0,0.49100589728068805
1,0.5024720221960709
0,0.02816147166798894
0,0.1688626480154792
1,0.998179855599629
1,0.9874442483234743
0,0.106625074698505
0,0.018897507943105487
0,0.3137957978038091
0,0.4184470105055049
0,0.037710436954318284
1,0.5624646598723669
0,0.12895734028539435
0,0.004804613998238149
0,0.4601954393487098
1,0.7410736875039429
0,0.14383344048778643
1,0.8727316693830682
0,0.11302781391909128
0,0.06292982898810104
1,0.8112088090184214
1,0.9910449083828556
1,0.6773727890963711
0,0.07287067553346811
0,0.42673711738729936
1,0.5426216856714975
1,0.8785820685073181
0,0.3075623514420228
0,0.06298871106936203
0,0.25249456015733795
0,0.12104748291669869
0,0.25448834253000413
0,0.20247857301457298
0,0.08527564515221141
0,0.044941455140431914
0,0.08211563048729137
0,0.0044714325844103795
1,0.5355056161336865
0,0.31815500528589774
1,0.6743446849964108
0,0.0034978781628740197
0,0.029107608523464428
0,0.10031698278120585
0,0.150204702415039
0,0.40295118609663216
1,0.7991610453520787
0,0.27053080020197634
0,0.4596357020401632
0,0.08600755240271461
0,0.29483849898648395
0,0.16065330954119467
0,0.3960633378663399
0,0.05118328180359226
0,0.3682052544441248
0,0.3386974574883786
0,0.014403777688619945
1,0.9607570671292065
0,0.3567528221807309
0,0.3341076575173957
0,0.21016107384212848
0,0.040546853397704384
1,0.807828406334162
0,0.48621680348852575
0,0.29993217563764324
0,0.05591814882484465
0,0.0058311541274226825
0,0.40103941776385466
0,0.4726011582280087
1,0.8664025949815717
1,0.5048290925052075
0,0.03382017281141549
0,0.2797224064276039
0,0.1548877289186328
0,0.03909801905013875
0,0.020583461006565433
0,0.055134325699906186
0,0.02411587690650817
1,0.5128034854656065
0,0.37001867660758164
0,0.04985328575668013
0,0.0008915021412023599
0,0.3178947685176892
0,0.33855429223678585
1,0.8391032772976347
1,0.966869218673404
0,0.4130044019532778
0,0.23833392506446224
1,0.7019197200860333
1,0.8360851177351276
0,0.331629213798152
0,0.03728194412152898
1,0.7185262686053394
1,0.731415934754413
0,0.0069909681928211585
0,0.244373408216736
0,0.40124562212957876
1,0.5514243987216912
1,0.6247802447717268
1,0.991089293408426
0,0.17646008565284144
0,0.3129889303600332
0,0.03837811822332724
0,0.40636425956920513
0,0.02650515949952542
1,0.5296194301684828
1,0.7393498438592921
0,0.002912056696782752
0,0.016644324942734427
0,0.14671077766668075
0,0.16267965723425984
0,0.00019898870156144374
0,0.1690565543834435
0,0.36167462652095994
1,0.6073438525838737
0,0.12542380165126518
0,0.1420558538162822
0,0.23539222230030662
0,0.3673320816848418
0,0.13901569134292832
0,0.06302289647140347
0,0.256136635514949
0,0.025391366670354517
0,0.11604359587737698
0,0.3244324123125681
0,0.06694513466715313
0,0.17154056229108441
0,0.3251124950316188
0,0.45404896572877124
0,0.16693551839460333
0,0.0045825647642006055
1,0.8180460626938684
0,0.3904551645575956
0,0.23853006150846476
0,0.1086946717324415
1,0.8843835008373268
0,0.009396857610377304
1,0.7445906700186772
1,0.6587103435533636
1,0.7586695422248287
0,0.15116634332345716
1,0.6008457750990868
0,0.06484425472708014
0,0.16404658259000576
0,0.09078638287796117
1,0.946332385998494
1,0.822364366203497
0,0.08329705470789563
1,0.8189289916703861
1,0.9326067672482677
1,0.8738337172562984
1,0.6120874608135911
1,0.5336951028841749
1,0.9458843516827727
0,0.06613957561465153
1,0.9013683596294262
0,0.061190087199555356
0,0.3400891138606193
1,0.6498957552538768
0,0.253936999922794
1,0.5616121227488692
0,0.1490922255814476
1,0.6409654225740831
1,0.9955589649449471
0,0.03448598941022937
0,0.11331628168557979
1,0.6265621222872804
1,0.6368083038850216
0,0.12423929995519224
0,0.10841484379544201
0,0.0026645576855550738
0,0.34041949776465186
0,0.01866303737032936
0,0.208802416211571
0,0.4792496227303113
0,0.021120532124720138
0,0.37917942166840274
0,0.046124593620846165
0,0.0878315730726072
0,0.3826156262822151
1,0.5273359471688231
0,0.0869975594767986
0,0.13039088233820115
0,0.31351796100256873
1,0.6158590519899514
0,0.45169418262292255
1,0.8838230503268861
1,0.7968496461640664
0,0.12775026430780836
0,0.12171189977322111
1,0.6032840303387214
0,0.2592307122935204
0,0.06739049725427407
0,0.054275909092091054
1,0.5768519609942719
1,0.9097122670976581
0,0.12116155261289499
0,0.35121114970885015
1,0.7280289124060917
1,0.8682036533454736
0,0.34788644293801874
0,0.008705667604694545
0,0.2940118188450503
0,0.08119153760052306
0,0.1641884060020655
1,0.9809356373559871
1,0.9895406484470297
1,0.6082254609827339
0,0.33640762858313333
0,0.19090292313622914
0,0.13234047109613914
0,0.46097823715342157
0,0.02597247185155772
0,0.025297406025242997
1,0.6713394295388381
0,0.3668782044609928
1,0.6734095895287079
0,0.2509702503183829
0,0.07670599505282849
0,0.08243610368667796
0,0.0741612108042948
0,0.16954719578860272
0,0.26214618089861463
0,0.3761847307363132
0,0.3844383382213649
0,0.3368850317771338
0,0.21806025977645785
1,0.5587027343065449
0,0.2743303408749076
0,0.235834736402652
0,0.1160938906384266
1,0.8333153072962939
0,0.22223216560452183
0,0.05553706484647194
1,0.9082656435293068
0,0.08367238813923886
1,0.8403308655059331
0,0.2989339404990426
1,0.6600222225711936
0,0.09253034872467636
0,0.3481808835779838
0,0.2377326394180531
1,0.9748165468071943
1,0.7244533047440673
1,0.6992021916155984
0,0.0387707974010534
0,0.0954359517643824
0,0.11172001532022659
1,0.9862411907813997
1,0.878223357079987
0,0.01489628343781914
0,0.1573220052512436
0,0.33454253879307405
1,0.6410319263532455
1,0.5935300825253428
0,0.25095900910193314
1,0.5007636776801611
0,0.022253388895683242
0,0.16280918736307795
1,0.9235711342172975
1,0.9905350033200832
0,0.24941098450695576
0,0.3034551865163168
0,0.10924183313249915
0,0.3678298957600447
0,0.3741073351758123
1,0.9653360473365742
0,0.21841837113110804
1,0.9677695177656829
1,0.8793443826794917
1,0.7376680007476618
0,0.3838900847683607
1,0.8541032690803395
0,0.13680272186983142
1,0.8563964841568696
1,0.8100554364282674
0,0.19824290007397086
1,0.7734847410514561
0,0.04749152142874297
1,0.8039951339090057
0,0.32547708528428887
1,0.8508731288616249
1,0.9943726942073331
1,0.6642388747412626
0,0.04129997236270595
0,0.0909133571595575
0,0.03582079225932888
0,0.10554233253335303
0,0.23915642482175944
0,0.285940213258716
0,0.2563103475915015
0,0.2366831243426266
0,0.31282853393857923
0,0.008943034590619958
0,0.018963155543431216
0,0.18525092593134065
0,0.2878420227010234
1,0.5333008550238284
0,0.07806195658814956
0,0.050880348057213705
0,0.04507391210035264
0,0.04727784048765683
0,0.03971420275432494
0,0.12169037735814134
1,0.6501644216397269
1,0.8560107835121027
0,0.3709920621677491
0,0.4408581633632871
0,0.14758155010677096
1,0.5160907338506162
1,0.999931667103083
0,0.10446872401031403
1,0.5986966338438026
1,0.5627968120439076
0,0.20335556532184065
1,0.8186142541290052
1,0.8033231597638463
0,0.10636684041538584
0,0.03946734725252031
0,0.3530919027054459
1,0.5035752493885642
0,0.10495748108856823
1,0.7177632243867902
0,0.31731544309824344
0,0.12849376495196274
0,0.25605246523492936
0,0.16875564156706416
0,0.3872847702268846
0,0.08850683502046644
0,0.2472618720985344
0,0.01886063449099787
1,0.8440068146222844
1,0.9867079958360001
1,0.5835440499861236
1,0.6389339108129469
0,0.15347000414781573
0,0.013627754759789428
1,0.9203581098702321
1,0.5925269329427965
0,0.1425439597172655
1,0.6541782519318263
0,0.048590305527546014
0,0.0014859219225394336
1,0.7928205647763027
1,0.8515989194979141
0,0.08219242169186523
0,0.004899326328752863
0,0.005467267324802101
1,0.9033574439439447
1,0.9988546056568927
0,0.01074697368406861
0,0.04562582165618357
0,0.025188065607690612
0,0.2296220194937603
1,0.6126652688289602
0,0.09566644101986035
0,0.030382895286452105
0,0.2056525824154098
1,0.7444037262059996
0,0.0018108837028084613
0,0.31243389838481433
0,0.2896928578287751
0,0.09059088549621398
0,0.01617786967025718
1,0.9550624373764314
1,0.9902645762171765
0,0.17592432565317692
0,0.2024457472187749
0,0.0023539112580577425
0,0.3786723892191801
0,0.12199821697762403
0,0.14354858042535787
0,0.26728628350194644
0,0.24190579820815228
0,0.4054656701493826
0,0.19542291641223433
1,0.9336621519440069
0,0.005569784047514497
0,0.08285439515949918
0,0.04894182256098948
1,0.8397357290970417
0,0.32268825234076315
0,0.27884356374359426
0,0.07351782417280887
0,0.47942448538990506
1,0.5491102958558878
0,0.18009804855913752
0,0.39291800357646567
1,0.5950580400365462
1,0.8340699484073252
0,0.04171712210188328
0,0.33852024463304914
0,0.06250866966816919
1,0.9700985657585379
0,0.1736221786696297
0,0.4310120897087471
1,0.6564017884718025
0,0.37569744816628026
1,0.9980877776243835
1,0.8055725867556829
0,0.03845448264607705
0,0.006654275955085322
0,0.02468028361310636
0,0.01671292531755104
1,0.7555099739721666
1,0.9387806155473332
0,0.06874051302935076
0,0.07688759182712286
1,0.9460810354113022
0,0.03676288541546807
0,0.01522627634087666
0,0.3675502321240354
0,0.050852289136174234
0,0.14346186066307517
0,0.12373017044650109
0,0.04248311629552164
0,0.44214087228287824
1,0.7364685796147834
1,0.5366917537262405
0,0.07203793014720758
1,0.9928716581833282
1,0.6359950421159304
1,0.62648744725864
0,0.1689784854944498
0,0.2450837634451472
0,0.4073746036536657
0,0.037533610745105035
1,0.8515616725707469
0,0.1607505986584395
0,0.3418296893754849
0,0.22330428108426026
1,0.5422854645646934
0,0.1899532397232284
0,0.48763106726222616
0,0.002443327643189343
0,0.15802342827637697
0,0.22946447567696895
0,0.21860348663675627
0,0.057656590724337715
0,0.049090439858040076
0,0.321688664847306
1,0.7623093164055021
0,0.09231073017873238
1,0.7224323644196008
0,0.2919616867957237
0,0.009522526123527232
0,0.13707174553302068
0,0.018867810206414398
0,0.1614769438692343
0,0.22420624558480404
0,0.04974860921016341
1,0.5744851592221143
0,0.07438265952697365
0,0.41233224648873257
0,0.4091585636356152
0,0.39612953956800506
1,0.8714951335926703
0,0.2824860905410974
1,0.7505426042260961
1,0.5824209835123361
1,0.9716408595382234
1,0.6651733659195384
0,0.09688233507528227
0,0.11007521330052013
1,0.9730855809126718
1,0.598112443545277
0,0.21380974685566773
1,0.6696087009379215
0,0.11218128101881389
1,0.7546802621506492
1,0.8157435251712614
0,0.22755753927853137
0,0.12632414607583467
1,0.607405450381339
1,0.6419871359789873
0,0.06333749053904864
0,0.10590573950076478
0,0.3210134279346791
0,0.20790234481836242
0,0.13699765244258524
1,0.5449735417045817
0,0.0061773921652211235
0,0.43541961711742255
0,0.10980886864969963
0,0.27583995119199556
0,0.051343905673178404
1,0.7540526608109558
0,0.24179953042525532
0,0.01748873442622954
0,0.4343276946204368
0,0.3018361611134056
1,0.7036360845906046
1,0.8168508608907135
1,0.7042161364415507
0,0.015468956504159397
0,0.3565145345413466
0,0.2782424726135439
0,0.05283175848485142
0,0.12640451697189037
0,0.3808952013383123
1,0.6663031288574236
0,0.4470548604406185
0,0.10508682495977631
1,0.9345927486822982
1,0.5412274910270256
0,0.054936240806824965
0,0.26335833616159254
0,0.16705613952261766
1,0.5596374027921448
0,0.03636010378493512
1,0.6214976217174538
0,0.029379604779369604
0,0.4573262934307369
0,0.009645552006803997
0,0.3040613047523782
1,0.6999194445021538
1,0.9751266108152968
1,0.6517169726783165
0,0.08538112738960066
1,0.7523020840929582
1,0.9999919039242621
0,0.4359941760474881
0,0.3490585892310155
0,0.05952937936129001
0,0.3013890060951631
0,0.044748004341789216
1,0.5222602270629767
0,0.4659922259533248
0,0.32078540611998324
0,0.017408045693658288
0,0.06395104950777541
0,0.25599291914363204
0,0.015367407656330346
0,0.4532888157717197
1,0.7363406847670443
0,0.4869851021627876
0,0.019948653418949646
0,0.3909821520712838
0,0.32816185019312993
0,0.20607435464745966
0,0.15640823297041187
0,0.43192679320877575
1,0.5299984534520638
0,0.05451658134198911
1,0.8317351994242934
0,0.37011390541019246
1,0.6612521825486315
0,0.02894036109558788
1,0.811614345228694
1,0.8544193792010959
0,0.06931695156587284
1,0.8894682384941375
0,0.11309479023687163
0,0.470284013657755
0,0.025956262613897475
1,0.8486368787113975
0,0.33590915655827847
0,0.25771031686581336
0,0.034886669586043424
1,0.7622536554942849
0,0.04413227867218792
0,0.26270412746327665
0,0.01312709434511796
0,0.24832442998675233
0,0.3302405388221707
0,0.2130022960849003
0,0.3009355019497968
1,0.8971312149967596
1,0.8229977096297969
0,0.017615415971676488
0,0.4446513748443242
0,0.007565626623075145
1,0.536421040780889
0,0.2845208513686023
0,0.41519129430634233
0,0.009606353157992159
1,0.9638711523236154
0,0.012411390225867876
0,0.46506405842137305
1,0.9328359521426774
1,0.972541425600425
0,0.33280168043843456
0,0.23027436004846996
0,0.07678693829692831
1,0.8540953454210668
1,0.6150556328273662
0,0.22187335824956927
0,0.019575707655159737
0,0.3707870466376561
0,0.10774886971661249
0,0.07610382461487716
0,0.019363894789897255
0,0.12121523700654267
1,0.5624416388759984
0,0.11623621352278145
0,0.11341138072301377
0,0.40982802875768143
0,0.015337883119624803
0,0.06994221392394125
1,0.7194765391368189
1,0.9015583429862722
0,0.2582806074506486
0,0.07849297636901281
0,0.06156907780504108
0,0.23392511803147273
1,0.5229529908853802
0,0.24819835822548297
0,0.18509891540890436
1,0.9259081709337996
0,0.18557649180799168
0,0.29806368191956906
0,0.19208874327722542
0,0.333537807113356
0,0.3273553526888569
0,0.3654281445407991
0,0.21327951632419961
1,0.6775455013555644
1,0.6544186330839987
1,0.9490679882299259
0,0.0886300152546353
0,0.09425083236965263
0,0.4063132510814944
1,0.9330015030601323
0,0.32288830667969676
1,0.9223843344879562
0,0.07816998871109136
0,0.06132054727531461
0,0.09188379423461421
1,0.5368032975552085
0,0.47865324459093606
0,0.20841054147915636
0,0.267307813392476
1,0.6301211469311195
0,0.2525871012603164
0,0.10915074281597298
0,0.43169829204714316
1,0.6846395611037842
0,0.42103528672642365
0,0.3269691889392244
1,0.9345654993647096
0,0.035406613478179604
1,0.898705839532005
0,0.014643686628417857
1,0.8481030752558756
0,0.16223641931466729
1,0.6825225416272293
1,0.9253050372258526
1,0.5959334665312259
1,0.6785377138200406
1,0.8049824726284843
1,0.5286269800708063
0,0.006773035818016789
0,0.14139509732791192
0,0.03952673747521721
1,0.7754729613521735
1,0.8530927457811802
1,0.8164813915594178
0,0.2048665008940978
0,0.32225802278496657
1,0.8368738937798256
0,0.2494455826956053
0,0.012126092676771836
0,0.22384583827126506
0,0.33424269168734866
0,0.14350325293524363
1,0.9781466777629346
0,0.37526807839549026
0,0.20273164043516922
0,0.014515971371471268
1,0.5183066711222378
0,0.07905187376520058
1,0.5746777787936858
0,0.09554614209316001
0,0.3682237248627026
0,0.34301862086402174
0,0.2539393521720569
0,0.0013448128587551008
1,0.8290808677200432
0,0.00267883559831489
0,0.3783084491814035
1,0.8435887383050442
0,0.1419923635533417
1,0.9594793182227843
0,0.2985160648970503
0,0.4448387418435766
1,0.8749608342129067
0,0.10008496719178042
0,0.058598035848557
0,0.34441744242529937
1,0.6795688283661762
0,0.30962480326158454
0,0.30291044849226395
1,0.8667290521329792
0,0.16568215245443577
0,0.32946610628163986
1,0.8098355951480923
0,0.19356506163976478
0,0.38149574158899346
0,0.16053503890917512
0,0.2308139135555184
0,0.1038380289459079
0,0.20785490507464058
1,0.6710112270672653
0,0.08763383389580465
0,0.16132444955959316
0,0.2467207086434528
0,0.27770580740570455
0,0.4712920279880809
1,0.6431891621861882
0,0.15051370184326654
1,0.9978106641020359
0,0.3495615141503811
1,0.7353677713389044
0,0.05398781615253707
0,0.08386501607789837
1,0.6638755810877524
1,0.6210201459195115
0,0.10521533707719703
0,0.11782983437176532
0,0.2843240253461828
0,0.004726934329035472
0,0.17826272914770147
1,0.6402528601614814
0,0.03590428810859081
1,0.7227083535002248
0,0.07610148727082135
1,0.8565769352364386
0,0.09952868507894404
1,0.7279878647986979
0,0.2090432034078102
0,0.008837848747514594
0,0.3960722538172065
0,0.15557298187052482
0,0.11238683658849546
1,0.634005521445598
0,0.17840846590491183
0,0.09124100537818287
1,0.6918859391582379
0,0.45693498690336826
1,0.7712758273080174
0,0.2804864046149313
0,0.16369648337428655
0,0.23736101405722124
1,0.648314215363509
0,0.3891051576627777
0,0.1390478141665789
1,0.7845105464943419
1,0.5514427310410215
0,0.2075751957941007
0,0.050494634195101036
1,0.6942359393962205
0,0.4724830312246737
0,0.33363928918241437
1,0.9087815576561739
0,0.2964070204656314
0,0.18836269148721796
0,0.24584984626894535
1,0.7426307323983633
0,0.006937151326847015
0,0.4726972135855935
0,0.47400879992278594
1,0.567188613982409
1,0.7216434101829343
0,0.09102972817905913
0,0.19890545246285002
0,0.060075859360022854
0,0.001531334406818259
0,0.19626881992619655
0,0.08025017851580926
0,0.3371026115411979
0,0.000979291192880613
1,0.8608356538262594
0,0.015923887713449558
0,0.04120933107836617
0,0.013223486350729239
0,0.0004642330199413617
1,0.8136563615346972
0,0.0007586851469651108
1,0.959058560201616
0,0.09582345264416602
0,0.12223995313812452
0,0.09342549302071539
0,0.2856896036243562
0,0.14631016569155447
0,0.1870840100799207
0,0.4497365304728724
1,0.6695011741094733
1,0.5266928006299363
1,0.8497725761983537
0,0.17179371851893965
1,0.6646367040562056
1,0.6343227150756859
0,0.03427489157518639
0,0.032497070035826206
0,0.021731627249164047
0,0.005509601083809215
0,0.08271433661361563
1,0.7388340164358714
0,0.1762476265919765
0,0.23246654561751762
0,0.0488611314242644
0,0.08640237469159523
0,0.27127420789052376
1,0.5232204495548103
0,0.012772724640391473
0,0.10163555309330369
0,0.07009239711749181
0,0.18710980718247835
0,0.0399951390262372
1,0.6192564369159885
0,0.26548699734814085
1,0.8319423002489394
1,0.8744976572763674
0,0.3552546135682124
1,0.6893388410732064
0,0.169396866409652
0,0.1996765325163717
1,0.5497505030111487
0,0.02629845749079903
0,0.42408314503362915
1,0.5099112142103215
0,0.021967587180676384
0,0.0986666824662381
0,0.29758530953704393
1,0.9365917878497512
1,0.7834817132261475
0,0.21983085838497263
0,0.18075269311088465
0,0.3098247048867682
1,0.6505809586438989
0,0.15638554698463095
0,0.26998478725538977
1,0.9797826748653294
0,0.1731117452782428
0,0.35447099623606443
0,0.047659336998841395
0,0.01137704508990599
0,0.25855727390531796
0,0.01439064419237629
0,0.007744291594800465
0,0.1021489238182029
0,0.18211799749898958
0,0.21052548581797292
0,0.263592235100947
0,0.06103786719119038
0,0.3490746552969692
0,0.022930686817692985
0,0.19281955890328184
0,0.1795426326612522
0,0.432203432202977
0,0.028217134439278188
0,0.1542501051085448
1,0.9545582480237262
0,0.009043933012629344
1,0.9634801443287251
0,0.28291798380798805
1,0.5243204853261195
0,0.48601631848322013
0,0.30965653026551676
0,0.017011675314889885
0,0.07496658991393489
1,0.8421895696053925
0,0.005069056177491031
0,0.021823371243618606
0,0.26845703524078884
1,0.573788056767291
1,0.5078706368537681
0,0.06429644987062196
0,0.07808527532719955
0,0.32213708123509693
0,0.010406232545018955
0,0.3427688623411875
0,0.452260678259206
0,0.4527033944326831
1,0.8405547201874669
0,0.041577409190358114
0,0.037381032716562915
0,0.047347000065186266
1,0.6336948295294439
1,0.9258878773053494
0,0.045550012278120576
0,0.3311692313771522
0,0.3177637926044952
1,0.9013264224560904
0,0.1417346181215104
1,0.9520716565585922
1,0.7043502950554793
0,0.41703294735664564
0,0.17279792089665308
0,0.432973525756965
1,0.7781710361410347
1,0.73561542682417
0,0.20984915358203995
1,0.9489588092554984
1,0.9276699015007602
0,0.22475074270980788
0,0.0049689089436733315
0,0.0037363459202379135
0,0.20265374298422076
0,0.055807139556869695
1,0.8602170655691911
1,0.9884417825834436
0,0.4397284926269046
0,0.42368669339396303
0,0.11645277429073247
1,0.8216305473604428
0,0.08809917395705456
1,0.767202514768892
0,0.05648475599443715
0,0.006507385461520915
1,0.7213053539637816
0,0.47814490642721047
0,0.12767114634160487
0,0.04252542042437215
1,0.917543837401439
1,0.7834507177217042
0,0.35808012534682787
0,0.3109388069719184
0,0.17031087089982086
0,0.15497077145069027
1,0.9870834404027582
1,0.975758556518185
1,0.929105455500783
0,0.2752487311260645
1,0.8836479790089572
0,0.10652072941188528
0,0.44186440461574433
0,0.15601960232432052
0,0.05533346302072478
1,0.9491270182359273
1,0.6906312592093965
0,0.05543089286488819
1,0.6112056669239531
1,0.9447264946722149
0,0.058179266023474084
1,0.8864395265255803
1,0.748806417971903
1,0.6014528398798411
0,0.3568040403003918
1,0.8268826493786138
0,0.46269198404332695
1,0.9929770981980682
1,0.5710573841073355
1,0.6126701391394236
1,0.5411022006118295
0,0.01514233042652793
0,0.031517431158132825
0,0.04402455994729795
0,0.018130690583841695
1,0.5037217568210265
0,0.4951998965946952
1,0.5122887827611396
1,0.9857966224834516
1,0.8485492607650631
0,0.400198200934348
1,0.971720117354864
0,0.4245776410488941
0,0.1188091987337236
0,0.32513078948163304
0,0.31455329958812833
0,0.06010901065154844
1,0.6069477280179348
1,0.9682322930337643
0,0.4336022848738081
1,0.8420536090756907
0,0.16081116657489697
1,0.8928820395515891
0,0.478243017874765
1,0.7080114300428275
0,0.1298738065470019
1,0.9090471164900656
1,0.8350491974226113
0,0.03778620177879768
1,0.7300848689869558
0,0.2688838573786784
0,0.19835114815571034
0,0.2614084489472041
1,0.8826244505061297
0,0.2092993227245142
0,0.3145387658548959
1,0.9668997071288403
0,0.026554724768179664
0,0.12018858645022991
1,0.5931206020413494
1,0.7564644615228917
1,0.7404908253277791
0,0.2411603904617092
0,0.08947102857576078
0,0.09622137366782749
0,0.058297978946442106
0,0.027409827613273468
1,0.8460334940958617
0,0.04027528703887345
0,0.2170802110358992
0,0.11416594248037985
0,0.1073218723130138
0,0.20916635158723235
1,0.6152523048292396
0,0.09957471729479331
0,0.0024425837470668944
0,0.04399401276133657
0,0.181490462256053
0,0.05787567275852299
0,0.27410136936732155
0,0.40495324525628756
0,0.3662368345051091
1,0.8364849983963437
0,0.2582692001609327
1,0.6550771813546815
0,0.3462402303006049
1,0.9412273390819583
1,0.9736552280226268
1,0.7493043951248728
0,0.39137979564192876
0,0.025905583200504356
0,0.11940400784791864
0,0.3090721587249617
1,0.8285150747696072
0,0.09734917262645489
0,0.30978556978669636
1,0.6294113004339948
1,0.6030156166587269
0,0.22734522135458612
1,0.8995985269602478
0,0.33361891556455747
0,0.1756830637066728
0,0.10655135178216356
0,0.09934142241561103
1,0.5035649539589309
0,0.18144903941136278
0,0.349904304603177
1,0.7666356931778227
1,0.603650844704638
1,0.5075997793964795
1,0.7424094490519977
0,0.00750940058488255
0,0.3033683614662016
0,0.07248647591472764
1,0.8992492421621517
0,0.2564388310226322
0,0.2203263242700846
1,0.99046102613324
0,0.09333010275435145
0,0.2957441120580413
1,0.8194270642463696
0,0.381875872554084
0,0.4883666127230284
0,0.02806520118810657
1,0.8738308557286469
1,0.956187174903853
0,0.4094520849848765
1,0.7303594305831338
1,0.5144123371943996
0,0.19367455416587376
0,0.028397509301120057
0,0.27283242615198405
0,0.051793275793898655
0,0.2921266700793494
0,0.022243963391418087
0,0.23162716248893173
0,0.18806180107511578
0,0.29795936468592893
0,0.021097502640260783
1,0.7306241410007713
0,0.05256542137782103
1,0.7558034609325059
0,0.1659750275801769
1,0.7774732990888481
0,0.06421047920348313
0,0.27247470243694216
0,0.4956899715956947
0,0.2443690119408658
0,0.078151254640026
0,0.45168828083802864
0,0.031380942432466634
1,0.8121526542393669
0,0.3563024182287861
1,0.6856580919124708
0,0.2412411768806102
0,0.3084258045260257
0,0.2135322149622386
0,0.17709083983775034
0,0.15351124798803986
1,0.6670904731359839
0,0.3203035819904803
1,0.9449496570368785
1,0.7187269033243627
0,0.20062455447271507
1,0.5406467365930425
0,0.43724154028756346
0,0.295466045672009
1,0.9186652171502064
1,0.5328698099327064
0,0.43214813556338744
1,0.816371341657195
0,0.002806332366324702
0,0.20096077187496542
0,0.17806046156546365
1,0.7162868480966906
1,0.9335439084636177
1,0.7950339862763531
1,0.7597765529705469
0,0.05778533341374389
0,0.1865646182967795
1,0.9707092933152648
0,0.013015384483770693
1,0.5055020226503497
0,0.31447397883265565
0,0.047723267496041125
1,0.6852879009043373
0,0.18568419668755937
0,0.17169936820089343
0,0.4332120682809405
0,0.3555552520236439
0,0.05657688648321495
0,0.05291034095507104
1,0.7758335387180728
0,0.08390269047912581
1,0.7428003208392169
0,0.3547339581641319
0,0.07185738893430567
0,0.38282420069185946
0,0.2448702522739908
1,0.8125599166390463
1,0.8021490871849133
0,0.44760276045672376
0,0.20706730694950862
0,0.4754455383413721
0,0.06668417460807291
0,0.3142070710147561
1,0.8398314967906547
0,0.041492312368889124
0,0.003983720239435257
1,0.524245394729144
1,0.7115510454760791
1,0.5203859579473445
0,0.17542136366724206
1,0.6469739741850755
0,0.44531411097352025
0,0.08224111679485983
0,0.23040556577003812
0,0.27274880166931015
0,0.46021399255087214
0,0.001494791868771179
0,0.47019691244713474
0,0.10232965822307456
0,0.25976313300559245
0,0.15687632255569522
1,0.6371813249879991
0,0.20418173211816745
0,0.3709658031143525
0,0.17829969207154792
0,0.26721618967955013
0,0.2075222565228031
0,0.06619313850738628
0,0.4064211301796598
0,0.09217278783828958
1,0.8145623113213061
0,0.03107364700159672
0,0.10944235329013427
1,0.5062428279800932
0,0.004456395578814655
1,0.9684418276948445
0,0.0846813363558866
0,0.08580352894076926
0,0.3659067307117409
0,0.22409442997287615
0,0.35282264075387504
0,0.002266785430196668
0,0.020138740075589683
0,0.31514265817031284
0,0.02043177637576791
0,0.20281803439196694
0,0.42146995748081434
0,0.09570375271306601
0,0.17502827038681384
0,0.06226454831446574
0,0.005917680370379696
1,0.6940464925041979
0,0.22132441107677167
1,0.6956135749428504
0,0.016920282341673806
0,0.10925165297542885
0,0.21043250089615997
0,0.309318281144702
0,0.13290221931574756
0,0.31447968513284863
0,0.12506959853859556
0,0.33003198958409513
0,0.40743315243286393
1,0.8039429982277496
0,0.19961887698388409
1,0.9289731986388444
0,0.12169095691660967
0,0.22524067747360682
0,0.35514454138518464
0,0.11117693107903384
0,0.29999914458309357
0,0.0583023808547134
0,0.05469952224521501
0,0.00268591341108759
0,0.058606878167427115
1,0.7249854153383274
1,0.9609992132836233
0,0.2681821278361067
0,0.2494309662029342
0,0.03250238533388348
0,0.18066282813692044
1,0.7138678372961779
0,0.27022037188371134
0,0.49101841790703443
1,0.7003406141205644
1,0.8643268375462524
0,0.04845512888681967
0,0.355240865999643
1,0.7136934856864402
0,0.2969112640631721
0,0.093739684218872
0,0.23603996765488186
1,0.522734488464542
0,0.36834455166078844
1,0.6268633623279134
0,0.03981776758296864
1,0.6131696851240408
1,0.5490274571524933
0,0.4226940353353889
0,0.003602480148856388
0,0.09056953657179496
0,0.24583519045201693
0,0.05455199804016996
1,0.5641944866416385
0,0.0027862929526534562
1,0.9937705371991166
0,0.19766539184091295
0,0.2081899843312995
0,0.08711235591963953
0,0.0021395694110732167
0,0.3614578603515599
0,0.1540578952923152
1,0.6466478780674113
0,0.31854652903448816
0,0.4432812366661661
0,0.2209478403112197
0,0.023440778671197912
0,0.08962624508823219
0,0.3157414602365316
0,0.0577732560353606
1,0.5911880430003105
0,0.2646076861278335
0,0.20486147440482894
0,0.23606018656033684
0,0.11578280419634686
0,0.24473270997726923
1,0.5523233776467997
0,0.35523247117068324
1,0.602792278005959
1,0.9660186414550244
0,0.1328795684564596
1,0.6348045085054529
0,0.4170689236258063
0,0.07070970748930795
1,0.9061510357843563
0,0.3017485490051722
0,0.0181591694267416
0,0.15740981596231254
0,0.024177710192175725
0,0.18488867862845412
1,0.6032366676677668
0,0.4189818821340783
0,0.4732035497739671
0,0.032902401856971415
0,0.020450702731424988
0,0.2221864301262922
0,0.3132544594414484
0,0.049540859577295135
0,0.2719611183310852
1,0.6903921763610179
1,0.7808464785977182
0,0.4470292205054241
1,0.6729809660136509
0,0.21618086125709451
0,0.02308026852763218
0,0.41354694749649623
1,0.8241304180701425
0,0.09555736027839812
0,0.3283057624275477
0,0.24250458992992058
1,0.8640263585845848
1,0.6500721014513676
0,0.006240425281218725
0,0.2751671799264917
0,0.45100580026710413
1,0.7888167023235149
0,0.2323383387274814
0,0.06473775879143251
1,0.547231263820026
0,0.15796771380792457
1,0.9202925977798896
0,0.4087692191914799
1,0.9541740465431054
0,0.1280203992000744
0,0.05376949530838174
1,0.6840038464257336
0,0.4828149256262442
0,0.4311334101005842
0,0.13593052311278395
0,0.047676074763458164
1,0.5714071289779195
0,0.4341600934351107
0,0.09779027629116518
1,0.9468914881273605
1,0.892281780582956
1,0.9366308291656555
1,0.9014240990891893
1,0.975749405952594
0,0.4085258613366276
0,0.02293201826957279
1,0.9802877839935694
1,0.8399719587155589
0,0.1656209804139006
1,0.6639778998218173
0,0.013081940414593762
1,0.7209125258767712
0,0.15915647813133715
0,0.040091582688034234
0,0.09961626031647286
1,0.6080880233349066
1,0.9629394493611043
1,0.9448575059665955
0,0.2712764451712166
0,0.11552249377852725
0,0.4325338768547284
0,0.3125354538800617
1,0.6024178593606071
0,0.19373517714363947
1,0.5471596507996617
0,0.25279740738769974
1,0.8573722148095202
0,0.47518930080898514
0,0.04131327122432874
1,0.7962393726458359
1,0.7190590104159771
1,0.8797267221499906
1,0.5017982627693881
0,0.3316628524543375
0,0.04400562304713068
0,0.01723976758431553
0,0.03703394380781379
0,0.0623481451198017
0,0.020589444272069927
1,0.7613076993479485
1,0.7470162208817337
0,0.0420165917657798
0,0.010799620695392026
0,0.034116568613914926
0,0.2788715207617745
0,0.14384185719351192
1,0.6817395860043557
1,0.5292873537650139
0,0.29635549297028463
1,0.9902396143906291
1,0.8971292664721872
0,0.35367464760903267
0,0.07631437779032364
0,0.05540528135867746
1,0.8463315105327408
0,0.09175083537146493
0,0.47814317224152786
0,0.009311528139528824
0,0.23432248395722832
1,0.6453419358346905
0,0.1429355525438921
0,0.062035430394840316
1,0.8476003072183338
0,0.1951788538145626
1,0.8680425786830404
1,0.5283799171919711
0,0.17185926024087445
0,0.3319663024116384
0,0.010823707142310844
0,0.4847629128901797
0,0.13748381380227082
0,0.3581804189239346
1,0.8318130193777589
0,0.012710681373887615
0,0.4005857186417748
1,0.7690037923756641
1,0.676075814999934
0,0.005050890009935408
1,0.7976272791069808
0,0.3899648153404389
0,0.28063363818418846
0,0.050541901379835434
0,0.23479276474062402
0,0.40942495664875483
0,0.4524794911011871
0,0.19089746399167212
0,0.2564810133652534
1,0.5755521715948214
0,0.3276397765256765
0,0.4207776164456792
0,0.296442695115782
1,0.6937142377657175
1,0.953191798874874
1,0.5992590006599177
0,0.04092265936777882
1,0.5170416574144201
0,0.013899739953709097
0,0.21125204565432756
1,0.8816044139965336
0,0.4924807630233469
1,0.6745073914219417
1,0.9774838288085715
1,0.8490940386611229
0,0.15444953335025585
0,0.3569067872159226
0,0.18545428766959213
0,0.1969410206386103
0,0.47798329251999916
0,0.0266840982156125
0,0.048817242146369
0,0.030383155854217983
0,0.03585289211242158
0,0.21432882434580589
0,0.20060389021452507
1,0.5748699141879721
0,0.07279703709584177
1,0.744264239698417
0,0.06492482449196017
1,0.9510550503680617
0,0.2667173690838704
0,0.07469407767102948
0,0.1841343187829818
1,0.9688945257046002
0,0.07472724662370304
1,0.7917291301108046
1,0.8850795530610417
1,0.9870329304167963
0,0.265749341050799
1,0.9924613531195043
1,0.6716387342741343
0,0.08603532656227222
1,0.6147472833694982
1,0.7108685960828024
0,0.23077722233828343
0,0.03420675047159054
0,0.10869645252485285
1,0.9134087198409083
1,0.7945050248757547
0,0.28290262085222806
0,0.016954784507708206
0,0.2753705016453846
0,0.12334690360147037
1,0.5297089013397254
1,0.710016238020154
0,0.35407065604551496
0,0.4810784712190179
0,0.12288305532862537
0,0.03258231893305421
1,0.836606887488615
0,0.3128458554640408
0,0.05003770484416001
1,0.5043045293265231
1,0.7307351657093711
0,0.40256627399857664
0,0.1013130234160835
0,0.048902474889569426
0,0.20232827455200572
0,0.43042214608645635
1,0.6222044901146168
0,0.18754015560294449
0,0.123505681217333
1,0.7075144818105005
0,0.3539830623643464
0,0.3184082392303108
0,0.016332352550244664
0,0.1732290801735672
0,0.42196247289822886
0,0.23558088438749797
1,0.7266857079896804
0,0.16514721754337405
0,0.11629285921004871
1,0.9466611949813792
0,0.06304418388843619
0,0.3510184693428167
1,0.9931247451106642
1,0.7038816527271884
0,0.2093139503528824
0,0.2384498066250638
0,0.4005602095648398
1,0.9343473645332158
1,0.5068985132426115
0,0.10256232540245817
0,0.18234296158899144
0,0.3801338412002541
0,0.3692681611380714
0,0.08632023374907967
0,0.07855615297041292
0,0.28455980354280197
0,0.05622747612897895
0,0.19380732068817558
1,0.946667486009546
0,0.023073917292217267
0,0.00018272820398759716
0,0.20208316675436117
1,0.9430022130667869
0,0.2424380250179702
0,0.35068833273883016
0,0.41974868848909697
0,0.33023721972192754
1,0.9884049110676064
0,0.485933987104366
0,0.21034227717753134
0,0.20983581397799977
0,0.36922556818688174
1,0.8626782244377618
1,0.8170772699330452
0,0.11348661402537123
1,0.7093513784741251
0,0.4209591030163493
1,0.6905140768673229
0,0.02863929213106357
0,0.418076202980419
1,0.7243109136998755
1,0.908029293157337
0,0.000753014740890302
0,0.26003989932190824
0,0.009535331968296987
0,0.4157791332330355
0,0.23219313606786998
1,0.8571573506569113
0,0.22081472027062188
0,0.17058707614023114
1,0.8642328464779492
1,0.772664568209385
1,0.971590925713734
0,0.11694755804164306
1,0.5874030164460233
0,0.06523177307308102
0,0.2103018023677069
0,0.417181293938384
0,0.48855742420604326
0,0.029646456285391035
0,0.48293737971759376
1,0.7186377479997192
0,0.0036386751037924344
1,0.6388912898761068
0,0.21941817110195364
0,0.35760414298977095
1,0.945490846072901
1,0.6568070820848816
0,0.3388831748967782
0,0.39763674610725397
1,0.6065374088339874
0,0.09743651469718051
0,0.16626980713516437
0,0.40198193042789987
0,0.2853075227065383
0,0.06470779981542361
0,0.35838605090569187
1,0.8745630498603809
0,0.4513075075853379
0,0.3618010616461387
0,0.10811598172122514
0,0.06973109269921125
0,0.3165317557790456
1,0.7194781190085144
0,0.0013018629581204276
1,0.676313282263714
1,0.6413359615212453
1,0.7080630227546116
1,0.9780644187240364
1,0.9948650922829739
0,0.3264956121223024
1,0.7309247435758678
1,0.6786340094386866
0,0.275561018335808
0,0.27258651126221617
0,0.006890333775061329
0,0.30375392201632095
1,0.6333700418060576
1,0.5985394257584926
1,0.9442330547706255
0,0.2548780172133172
0,0.21470298614936098
0,0.2065096989467118
1,0.7643957814324472
1,0.7161482166807657
0,0.11280045249200656
1,0.5396995092872994
0,0.45544556554162086
1,0.7244588854817264
1,0.9904116772362882
0,0.06310212440183553
1,0.9259829213610782
0,0.10887462537896805
1,0.7897418578002245
1,0.8845392858503198
1,0.9594064456307951
1,0.9102092815438807
0,0.013121344534143485
1,0.6408996880603187
0,0.21071126126159387
0,0.025750787910222943
0,0.09239506428714639
1,0.8384107014674127
0,0.3565380159642779
0,0.035895652554389014
0,0.27135154827806945
1,0.8883010411942182
0,0.48940139498451857
0,0.0007757851670438262
1,0.5208811037732133
1,0.8857374665569288
0,0.06614457705614818
1,0.880657397325564
0,0.09576534804296247
0,0.38090131724719056
0,0.0918094371732082
0,0.36492209477722326
1,0.988991159287024
0,0.36197284122456724
1,0.6585473346327699
0,0.2754178692405921
0,0.1278431253510028
1,0.5873217753781932
0,0.1517550152483849
1,0.8896948756482863
1,0.898103772543104
0,0.13480806802698375
0,0.0024541917222720686
0,0.2192439315464627
1,0.5718475144373405
0,0.07960054921510433
0,0.4184968126426125
1,0.6833122310247267
1,0.9357930014822309
0,0.069450531229824
1,0.6577655201667468
0,0.10547843610532294
0,0.29598061718277285
0,0.21584449616075255
1,0.9512902774012004
1,0.6422632486494466
1,0.545029716733085
1,0.8800872471653217
0,0.2310676528269173
1,0.5404897726991003
0,0.09086377661539916
0,0.07704672829602506
1,0.7569223515693801
0,0.017674104480357902
0,0.1829347117459401
1,0.7092871954696337
1,0.6446049838130407
1,0.9265915205950491
0,0.23041134053416598
0,0.1628954694193442
1,0.913025710319195
1,0.9804721223053637
0,0.1321971228306548
0,0.296753564748591
0,0.15980536197728368
1,0.9592894439940508
0,0.17737560809041547
1,0.9623287010748756
0,0.2224312714683444
0,0.3429104832686091
1,0.7108627351861154
0,0.33392334407569757
0,0.45382871461471863
1,0.5132162346240782
0,0.1932374156865914
0,0.3678550848637128
1,0.8480974710560786
0,0.031799842443859874
0,0.17553539007861377
1,0.7815647411554056
1,0.9345898584500197
1,0.5071528343220023
0,0.3339179585801432
0,0.04105413087357647
0,0.23316765464355804
0,0.21501012545619555
1,0.965145219691851
0,0.08527529302935521
0,0.07052529532850517
1,0.678408731024983
0,0.461218908375779
0,0.16472029537444957
0,0.2567581002036463
0,0.043929012973534964
0,0.353435241049672
1,0.8731425911501504
0,0.12895624785315601
1,0.993708954388823
1,0.7244176901905304
0,0.2551568466030239
0,0.31831512882101703
0,0.10880456998628216
0,0.12653391550291498
0,0.05698531968122537
1,0.9797901531302443
1,0.7889474106849265
0,0.06145577084698192
0,0.07818042303184004
0,0.15437194107718183
0,0.16698450659267325
0,0.00778025408861406
0,0.11327685039356401
0,0.4748647843863088
1,0.9815533223455497
0,0.047310057879423544
1,0.8597117837461848
1,0.9986904236841664
0,0.4611500102543425
0,0.43935659362881907
0,0.08636685286338512
1,0.6599396080695877
0,0.49326483709818253
0,0.08990831806012425
1,0.5444751648770665
1,0.8672204402679062
1,0.566273815658192
0,0.3349219095278285
0,0.20650691643459673
1,0.9209701847729155
0,0.10777387749954584
1,0.7310869375076237
0,0.14995133565869417
0,0.459344709080275
1,0.5985662272943941
1,0.7126023569165569
1,0.6228198548711377
0,0.04155858404710241
1,0.8434104065731818
1,0.9572896018070565
1,0.7126001432963007
1,0.6930809983775578
0,0.22657315348995613
0,0.4326004804500368
1,0.6325134807453717
1,0.9944289528183475
0,0.38797624437633815
0,0.42621687076677095
0,0.0840082358178978
1,0.8774110925237449
0,0.13545007363355768
0,0.20172366529345567
0,0.221390130179312
1,0.9398183264629686
0,0.07609555589031816
1,0.8956269277119732
0,0.42634990463228983
0,0.22070029393645488
0,0.005906465713363003
0,0.0029416152730742545
1,0.7295860336121504
1,0.8481726896077355
0,0.2047345753086056
1,0.6969792437603931
0,0.04708556333155192
1,0.8651564629397822
1,0.7011732231091296
1,0.8160707651437535
0,0.046739471775446094
0,0.032028644075108
0,0.002055024172021568
1,0.9937163545441053
1,0.563794413583185
0,0.2032253153637935
0,0.20844849460400308
0,0.16839962815538964
1,0.6835871544826091
0,0.045100487615856104
0,0.3082054260238333
0,0.2447146389987532
0,0.0012027697213815769
0,0.23987314226888828
1,0.7495858563970318
0,0.34584308498415095
1,0.9178892304818315
0,0.22687595198322183
0,0.22050822765805153
0,0.2897281995906077
1,0.8602639193240486
1,0.898164004923049
0,0.3031243460832282
0,0.13266062858352115
0,0.3040455485717197
0,0.043061620462724014
0,0.03648987136057084
0,0.1144474467399626
0,0.15002482977794196
0,0.05699801773433766
0,0.2880863761301233
1,0.8784066579790849
1,0.6651706032443658
0,0.12394439144188739
0,0.007358149379700477
0,0.2558007358807063
1,0.8990837630772528
1,0.9230051652092062
1,0.5442977444072208
0,0.25673020964672777
1,0.8839869947000012
0,0.21985586082812164
1,0.6964306122481383
0,0.2901218415083531
0,0.07390731336083514
0,0.3447794116451783
1,0.949986136073495
0,0.004620219563745654
1,0.6917298103197743
1,0.564764971654282
0,0.49904691539866347
1,0.6586290390972649
0,0.22545256172023925
1,0.9087384650749364
1,0.7777422171243275
0,0.21979095321217337
0,0.20758611622765094
0,0.10066517068764691
1,0.9139736052397376
0,0.0054692056104943985
0,0.2827772864843395
1,0.9920883083997253
0,0.09098595237430396
0,0.04458696851201365
0,0.012914650377201896
0,0.1374893770124939
1,0.9700841515439332
1,0.9923406936797606
0,0.4558736776421555
0,0.01735777597584841
0,0.4446308611131943
0,0.25975356803009036
0,0.08031600736241436
0,0.29283731451184364
0,0.03177090663526914
0,0.0931817319986423
1,0.9338497719038562
1,0.6762426320140281
0,0.4015989031724733
0,0.11698700279860999
0,0.03196204922189829
1,0.7631817816547658
0,0.15672084525023702
0,0.3337879962143095
0,0.24300410693416155
1,0.7023573290648857
1,0.8530127732686659
0,0.04188860650876932
1,0.6610104520249571
1,0.573243414553885
0,0.04958445540449595
0,0.05465987656293392
0,0.3983625212157465
1,0.6612409061430449
0,0.4715989294804432
1,0.7429879430924978
1,0.6041736462817101
0,0.39546699262817014
1,0.6601898694522987
0,0.008146268468454877
0,0.30526978794602994
1,0.655549682837035
1,0.9158860619158491
1,0.5053154913384895
0,0.11427109531969036
0,0.14921155744739883
1,0.5440214394762828
0,0.1397689364699543
0,0.03012409494241866
0,0.1665906280045034
0,0.27647720292820105
0,0.008771300672875326
0,0.10690834120884322
1,0.9243898965848487
1,0.573831261998231
0,0.09340034141635824
0,0.07547984411299151
1,0.6708648592806691
0,0.03652169781866708
0,0.00043132609428050175
0,0.04942164479753276
1,0.8635443464731722
1,0.7164796270241729
0,0.09984099110489413
0,0.3501620393679136
1,0.688000309009093
1,0.6064294890762938
1,0.6108246317949468
1,0.7675177672431356
0,0.3421291657492265
0,0.14427236624959575
1,0.5557022893756701
0,0.039576186642411346
1,0.564698648851147
0,0.030807449519146383
0,0.288067814699268
0,0.12491530397678002
1,0.8219460308703552
0,0.15326097773863784
0,0.08241556301677705
0,0.03095653115930914
0,0.2722133690914119
0,0.4974579347350217
0,0.04430173759353604
1,0.881783398615284
1,0.8512116508500672
1,0.9129034490910862
0,0.38641960626169297
0,0.19219291393501914
0,0.309917601967377
0,0.05534788423121729
0,0.21557002662726218
0,0.34538544654254727
1,0.963426930964184
0,0.13417769497975873
0,0.15757516860851295
0,0.027431759279339295
0,0.09790570205037001
0,0.040128464066663136
0,0.1781943149486982
1,0.6790873178684922
0,0.2572957464843805
0,0.23276430404657103
0,0.0689803982768388
0,0.2935551682599854
0,0.10711715282757404
0,0.24597160372316776
0,0.3157290522781428
0,0.014324168238459807
0,0.3282342304885163
0,0.09000555240274674
1,0.8475323024100087
0,0.0033190078031550543
0,0.01692429906504427
0,0.4424074234129138
1,0.7784377162734244
1,0.753023299481351
0,0.44167919351403606
0,0.18493433383418545
1,0.8488027533167908
0,0.040159700595501106
0,0.1026889291551539
1,0.6588048730167202
0,0.12561305147868604
1,0.9260874129191966
0,0.40026597050225504
1,0.5706189198058175
1,0.9995943922502485
1,0.6288343890818444
0,0.373636843115284
0,0.10105722375158924
0,0.4903869996323782
0,0.13146634547573224
0,0.41625269406309856
1,0.9133665895178925
0,0.38983844956353375
0,0.05357860725001294
0,0.044528913534679276
1,0.9617059417310542
0,0.3416724363909847
1,0.7789756391039035
0,0.4402196653093411
0,0.2858597062730853
0,0.01362588660104121
0,0.2091830441800755
0,0.027438868770199226
1,0.8502386084889784
0,0.11579336862820758
1,0.9573690959708406
0,0.34059578837472254
1,0.9783258266276463
1,0.6367017119502548
1,0.7494859735482186
1,0.7887341159063818
1,0.5453691289732635
0,0.13080563091957925
0,0.4559111420937172
1,0.7958232121603477
1,0.9540118055535555
1,0.7390416063924664
0,0.13461490989204042
0,0.40702446751967836
1,0.9772236106315415
1,0.541263825758146
0,0.3403130448025213
0,0.06390597025561823
0,0.433814062314575
1,0.5282598347747461
0,0.014117334139105202
0,0.03584866811986354
1,0.5597117815969912
0,0.020084063329036627
1,0.9691888662498341
0,0.37954446831233957
1,0.6193006862300773
0,0.1588041990559229
1,0.8455131720372139
1,0.9131747941555373
1,0.763644654955061
0,0.18775546649480143
0,0.03271478988867373
1,0.7345677033964382
0,0.13024865830518234
0,0.45211230788151907
1,0.8916882568925909
1,0.894665581423163
1,0.7235999648925744
1,0.7794485555980362
1,0.952611153653573
0,0.10430105321555702
0,0.10127799649347413
0,0.33687063375790677
0,0.428494630723245
0,0.4904730835653407
0,0.22123696760790873
0,0.22018524758027216
1,0.5104056771867045
0,0.01592817294226938
1,0.6004268204159731
1,0.5035015639748885
0,0.049019869151203495
0,0.043961710290672064
0,0.47323113719971766
0,0.426538319678409
0,0.1574056357399041
1,0.7214196298803205
0,0.1193945614209227
1,0.6472135099648865
0,0.014339884785185384
0,0.48421334192217175
0,0.425092772331525
0,0.31919277180460615
0,0.11614579121049932
0,0.019659984441303693
0,0.2438450276032739
0,0.12370883410564847
0,0.43863956002993626
0,0.21122929350986733
1,0.6037418458892048
0,0.29313094072043555
0,0.32702395331602
0,0.37726928034162843
0,0.42289619951861573
0,0.1335547682156922
0,0.30675315870049186
1,0.6419768330352063
0,0.2096715772736779
0,0.052585908809509
1,0.6745495119010636
1,0.6787728467814284
0,0.29964050053552815
1,0.9927688599914148
1,0.9564220887136947
0,0.11613574954554709
0,0.07306797134472529
0,0.40750723932483557
0,0.38266690040566986
1,0.9130121244547466
0,0.08088950144900525
0,0.04835711373437467
1,0.926149901027062
0,0.2505713849477115
1,0.8237708544049029
0,0.24296608140456302
0,0.08414458159761787
1,0.6511846382736043
0,0.22126517854466524
1,0.8461593754355807
0,0.3194747761280893
0,0.3415652265034779
1,0.7679286909085611
0,0.06363839994432861
0,0.0018016542141786813
0,0.005537930873885501
1,0.5761490938085372
1,0.9588826004614946
1,0.6583348943682192
0,0.3392651324046873
0,0.011701438659490193
0,0.3557491317754209
0,0.4673811631115492
0,0.06465544638004733
1,0.9676440829097246
0,0.05319642324857603
0,0.34107373750574627
0,0.031005530324480366
0,0.19023649008682927
0,0.36835804736346417
1,0.5730853415545853
0,0.030690548496084394
0,0.15324024960948368
0,0.31943680460333995
0,0.10611862650957331
0,0.08907700986078616
0,0.04310616287521684
0,0.4200296143550277
0,0.43074212871121176
0,0.14594411156068024
1,0.8171460316245659
0,0.09921326332834597
0,0.40292661914454814
0,0.04110214329507876
0,0.3441047819123389
0,0.15039440486879524
1,0.5982884243059464
1,0.6176019517909491
1,0.7984320511996095
0,0.15496461045654042
0,0.13356923969707776
1,0.7988398027365653
1,0.959144246612765
1,0.9854945752068591
0,0.0607947936895561
0,0.3752508234201924
1,0.642255602478481
1,0.9799329047666584
0,0.17092456128740094
0,0.0641857471303119
0,0.3810133011905452
0,0.16621011030825672
0,0.0014945422675384245
0,0.23077708934524813
0,0.17967775874554764
0,0.2443698456836824
1,0.6882032722295859
0,0.10710308594686717
0,0.4015849393479028
1,0.8575271040030127
0,0.01969616405466718
0,0.08395500888602005
1,0.9434551293006511
0,0.033116177714728176
0,0.43765557239364056
0,0.10489697228515657
0,0.2930932157016685
0,0.3838950806529378
0,0.49930008952713917
0,0.10556102170592077
1,0.5980148368107003
0,0.03867285503390274
0,0.3835165720551772
0,0.009864532123826628
0,0.04576309318565984
0,0.034816187233497095
1,0.7406247411699267
0,0.37728606107745377
1,0.6548658882275273
0,0.10831286863731474
0,0.007652876132007894
0,0.2158889313403141
0,0.03994417387662402
0,0.003699356089841283
1,0.6972901078140024
0,0.49662620251424305
1,0.9051667718745154
1,0.8165046039741916
0,0.014110001911194972
1,0.5253708510102398
0,0.06246332229763573
1,0.5076023787781954
0,0.266029251680981
0,0.062324002361700354
0,0.258269399241462
1,0.5029182435542843
0,0.4130154168276615
0,0.04098352049714356
0,0.004011095819406469
1,0.9873214933773112
0,0.002054087581755595
0,0.30593868739333835
1,0.9437282861760987
0,0.06846279935850134
0,0.34658381557995793
0,0.014631615766195337
0,0.3855956815367966
1,0.8748340395382043
1,0.6356061091553882
1,0.6766647489626726
0,0.192001767594356
1,0.8596668644858183
1,0.6249913017098487
0,0.3159426437297179
0,0.042487266626409406
1,0.52279833941144
0,0.08964350125887935
0,0.12804598831121047
0,0.48227657917540884
0,0.07536247804769623
0,0.05638643411488331
0,0.10664706319470257
1,0.8704957248544419
1,0.8028986955179025
1,0.592702482829166
0,0.03239760930609307
0,0.17248682298524234
0,0.06824293521959443
0,0.22263258894147864
0,0.44778084352654796
1,0.995154774419707
0,0.00681416828448894
1,0.9980537313434732
1,0.6546113139044192
1,0.6729227773690941
0,0.002680887842515857
1,0.8720718500068837
0,0.001528991298345528
0,0.10074580582857393
0,0.342149711046486
0,0.4935160820054297
1,0.8368660504789089
0,0.3123292338685773
0,0.40912420791119
0,0.2908155912977919
1,0.9736880861017593
0,0.1946524575045254
1,0.8260661521664244
0,0.3423093617928407
0,0.17047390383496835
1,0.8072883082536519
0,0.42598307458678564
0,0.02082719191358675
0,0.08121358265951126
1,0.6932933581836334
0,0.14258798386450874
0,0.2023674953361601
1,0.5620593471217916
0,0.39648935304902516
0,0.08556615858583241
0,0.21355370648646713
0,0.2658092659112166
0,0.1767524045291432
0,0.42429535283001035
0,0.14337665706115651
0,0.06644514706149193
0,0.4803404138939674
0,0.1044557043915898
1,0.9654199215954216
1,0.6703153670305206
1,0.7355774258170762
0,0.04257502880859709
1,0.744667865204313
0,0.1869521273019949
0,0.06334825646403203
0,0.052395207091753535
1,0.9950927534459245
0,0.17359879131359174
0,0.06009375461552032
0,0.28436066753459444
0,0.004404822737634631
0,0.15951583661403845
0,0.2957693244310936
0,0.255002666240585
0,0.4958266590465056
0,0.27192881885995374
0,0.29981158932006097
0,0.386971733574515
0,0.058791545857073746
0,0.4275859717882444
0,0.021794072275222075
1,0.5148442819972409
0,0.023065745212929537
0,0.1100759018561917
0,0.05639282169954512
0,0.0038521099769770594
0,0.11206444092012474
0,0.13835519083681308
1,0.6429891636435514
0,0.29651349838450214
1,0.9967741551243446
0,0.47948431956962967
0,0.016614987218921202
0,0.20151822517981388
1,0.9349899878157383
0,0.04673660742076917
1,0.8407194574837712
0,0.2195472899491381
0,0.00019654428671878394
0,0.3238593395120877
1,0.5943025746592905
0,0.36119652058311197
0,0.22796813351701267
0,0.26575630837608255
1,0.5584953837029378
0,0.11299547868180727
0,0.025378662800702112
0,0.33471684331878304
1,0.5935177879622934
0,0.4841553514724182
1,0.8904600217594396
1,0.6835636008898992
0,0.05264643254577143
0,0.4411076438610488
0,0.19629404574289483
1,0.8832880359489005
0,0.1140508575903429
0,0.20962010536330353
1,0.5822574691329627
1,0.6330903198133191
1,0.7827539461662804
0,0.1665339818338217
0,0.04033977526682976
1,0.9797589507211801
0,0.04342133254094851
0,0.10525335163443078
0,0.4359985550860606
0,0.04567362179378605
0,0.4385530109461803
0,0.31200133936720964
1,0.6684144529526769
0,0.4250129650674801
0,0.48529633877315576
0,0.46604504927373125
1,0.7670834571134592
1,0.9484412461542431
0,0.26727318657772947
0,0.0005673443140649364
1,0.5906188423406464
1,0.8000968449132462
0,0.00177171052398875
0,0.19448476097528364
0,0.09758572746750255
0,0.05577195546875003
0,0.2099261230905392
1,0.7756198546372781
1,0.7514722048453264
1,0.9137083869943023
0,0.10914997382434706
0,0.14942042863936816
0,0.028242130716762414
0,0.1107387574542784
0,0.12924272407475149
0,0.4571750287240782
0,0.263148265663576
0,0.002900530690589145
0,0.02558425915695509
0,0.11292458969785918
0,0.11671989553366813
0,0.31024205864590365
0,0.004958514684980867
0,0.14863967104487716
0,0.09454241701090291
0,0.24160409180651218
0,0.1783240909058949
0,0.44835535464715764
0,0.2494242844945215
1,0.6458821574417462
0,0.09578734105129136
0,0.05750094921603613
0,0.40775459865755126
1,0.8539833973238423
0,0.029429912797042605
0,0.023172278296893604
0,0.15875457604717205
0,0.42719724569353423
0,0.4360084972538696
1,0.7307496459016452
0,0.10913103013711205
0,0.05466458115705466
0,0.009223063835983423
1,0.6632502914251772
0,0.10484458798151114
0,0.36240985037220014
0,0.10153755652127525
0,0.031979065784034554
0,0.12150682163159139
0,0.0947766981564295
0,0.15184581515850482
0,0.2683012517449272
1,0.9889453486434218
1,0.8155119579864022
0,0.006960244258699791
0,0.08287135775126996
0,0.030769240373627608
0,0.003734507666714238
0,0.32774310553023434
0,0.3095368879820716
0,0.06991695686592964
0,0.2712764451712166
1,0.7640874998703905
0,0.013046747542531604
0,0.04662098686839796
1,0.7120998230205979
0,0.23805828882539487
0,0.4718984162236466
0,0.22004127601584367
1,0.8988672845086472
1,0.7778736595721363
0,0.11025863722197056
1,0.822194463723426
0,0.09222098296871271
1,0.7024664914002705
0,0.00862323021139198
0,0.1965768861039907
0,0.2954100510789891
0,0.47459567377818634
0,0.19270775017438604
0,0.20085054320726492
0,0.04913790070915096
0,0.16092223847538928
0,0.10291356588143641
0,0.4123341522095288
1,0.8928791206788276
0,0.04024849218521838
0,0.26948876634119356
1,0.851921620379753
0,0.29909236284842516
0,0.11641204238030381
0,0.0063580603121726
1,0.9986817546468144
0,0.14037667630723016
0,0.1559844914938099
0,0.36198855313938794
1,0.9100104050707531
0,0.14361577707292267
1,0.6831338691102938
0,0.07302684346788837
0,0.10117624288772974
1,0.7548678801532178
1,0.6045052097341518
0,0.14001827711565373
0,0.0945713026010566
0,0.0845320799201149
0,0.4515816107278254
0,0.14382272924546363
1,0.7197908521447922
0,0.20280874327810386
1,0.5235913587672699
0,0.2968066423275336
0,0.22728586862223732
0,0.20974019131296268
0,0.013954145391047999
0,0.19551156572906842
0,0.1792829873779309
0,0.3341956078695158
0,0.33469902210420294
1,0.7481935077408987
0,0.1843684763561021
0,0.3409417355532247
0,0.30129361470753746
1,0.5028057240939448
0,0.06731822645802321
0,0.11400180692622607
0,0.40186870966960675
0,0.09401031780357182
0,0.056500866112543624
1,0.5138771835896918
0,0.18060797081315386
0,0.2886650450448146
1,0.9578299454476927
0,8.623403119086233e-05
0,0.1901122876792433
1,0.9321047352387787
0,0.33897696059492083
0,0.21920972549105153
0,0.0995967393393247
1,0.9305170449243084
0,0.0007214057077550819
0,0.23713485980186913
0,0.09635040107176365
0,0.0734410016800733
0,0.29996717508950604
0,0.1923815848807701
0,0.2220006312682199
0,0.2512200299574112
1,0.9665092338743261
1,0.7349932635583358
1,0.8678317683430739
1,0.9613756009680329
0,0.41297618561709515
0,0.034041464338570894
1,0.8453643102222066
0,0.03307128965188311
1,0.7163843719000443
1,0.5902288709870972
0,0.03018423724702076
0,0.15347305003913778
0,0.37959088473188235
0,0.18483902540016642
0,0.06222858921916412
0,0.2517089573789127
0,0.3661250584918454
0,0.008380465637038067
0,0.46473488323531376
0,0.3833343447208736
0,0.08366692855111213
1,0.8649641060603098
0,0.245733332621311
1,0.862878793363417
0,0.04162081505165409
0,0.14868633123285113
1,0.7367273014105791
0,0.015230470796789504
1,0.6164497751727127
0,0.13637013983921026
0,0.42420986473985156
1,0.9412760551429155
0,0.0005859935807316201
0,0.06459523118286309
0,0.05675183440451441
1,0.591364300840923
0,0.0012405280490617255
0,0.3664402869302818
0,0.13787501495749455
0,0.2586887805164098
1,0.9444119850519254
0,0.15512268362291856
0,0.018589026616864995
0,0.047143897242995954
0,0.2289671974940761
1,0.6278625365870927
0,0.0062589629918244
0,0.1329586758296068
0,0.03560281564022527
0,0.0428214334563413
0,0.06193901378617856
0,0.006684381600515356
1,0.9258424652049727
0,0.0015177262569870075
0,0.09930246789869189
0,0.17752304074371703
0,0.11934095509884063
1,0.5839925443064095
0,0.027689545841415548
0,0.3587211318728329
0,0.014543090337529594
0,0.03781829674053607
0,0.3463309390735368
0,0.2807308369583648
0,0.40226803738659955
0,0.3494262817634304
0,0.12102390778368254
0,0.45501622135690145
0,0.1753577647781998
0,0.37543691814699304
0,0.3807856426865356
0,0.13413220070512147
1,0.6564116909085331
0,0.08990267661235639
0,0.42478736927467214
0,0.006052875555902174
0,0.24856144655786222
0,0.03396603489634461
0,0.1450670992896895
0,0.09662947589487828
0,0.07082923642996189
0,0.07488806144977168
0,0.4738044173518292
0,0.0621942664017516
1,0.936377689667447
1,0.8117497178349112
0,0.4617499845997985
1,0.8989167157640806
1,0.960164829853592
1,0.6876315860608739
0,0.11270371100585418
1,0.5120001039157648
0,0.45214003108432504
0,0.011389429371406147
0,0.4469082590978576
1,0.9542374030846297
1,0.8706570470143455
0,0.10211802894660207
0,0.13391591935290145
0,0.39747878632818345
0,0.1832233267750679
0,0.1522522624714278
0,0.15018755670318973
0,0.3559239792601593
0,0.1616679431919973
0,0.05168850059292924
1,0.895210140906345
0,0.2416956393047909
0,0.14663279234687812
0,0.3325243462698786
0,0.18945900481616773
0,0.031213053822210235
0,0.39554978237762783
1,0.5124298412522196
1,0.7870920420313948
1,0.9855855347274217
0,0.3199171457634166
0,0.07008297511668464
0,0.0343454475758502
0,0.13001606997225112
1,0.5581682296468052
0,0.28853093743403324
0,0.3308557295659261
0,0.025119857180522388
0,0.24480153855694947
0,0.2681939427313135
0,0.0007409376894575267
1,0.911362214380288
0,0.05460461929326251
0,0.17286439234047082
1,0.6606612884853259
0,0.10446753426534847
1,0.9454470226514146
0,0.3024341484015751
0,0.39044034758593626
0,0.259312113607401
1,0.8155455466987487
0,0.37845562138279903
0,0.4852549701004731
0,0.26710449797024055
0,0.13141990257179134
1,0.7435210234156929
0,0.14947329109794733
0,0.01593866470948577
1,0.9701910690812189
0,0.13035191281762948
1,0.818052678308649
0,0.44717927322443374
0,0.18848664922004618
0,0.3038646587769519
1,0.9053584281850071
1,0.941889400170591
0,0.31189624471448485
0,0.00924527944679606
0,0.1515058096553738
0,0.00547959689341582
0,0.22798360712456428
1,0.5129824609268683
1,0.6103534255169437
0,0.02715645142444325
1,0.6996278999675555
1,0.9296019340987542
0,0.11408446528705989
0,0.16351888348619398
0,0.399987261758422
1,0.6666851206934699
0,0.15016252808078556
0,0.020224142231244992
0,0.48926417176379694
0,0.17375964532850705
0,0.08757681067744022
1,0.5121171341719135
0,0.35728941238446665
1,0.9915485461441562
1,0.742205779845959
0,0.05363621647641127
0,0.14781903691270418
1,0.7391065810587144
1,0.5450710786391287
0,0.31339947441562804
0,0.026199079737570612
1,0.5170253840200414
1,0.8645789842192768
0,0.3083088011492875
1,0.5139902702181698
1,0.7886127718268013
0,0.4122863688618801
0,0.21261709533651657
0,0.34585258058038154
1,0.6656576456874153
0,0.11832426477544951
1,0.8588909151062063
0,0.05155469331409762
1,0.715469310446808
1,0.9013471639924185
0,0.019478482033752142
0,0.06761641114699969
1,0.9864177631331702
0,0.25147926176607927
1,0.9454431473877745
1,0.7225977705790286
0,0.11232134570325697
0,0.3386753024693687
1,0.9804110618850818
0,0.2281312528181349
0,0.1306027281415707
1,0.5028576846964586
0,0.286145524546834
0,0.09163069641751087
0,0.011756870764833444
1,0.9451947641509058
1,0.63604460476617
0,0.2985355892394117
0,0.23916932114648976
0,0.35574220659507255
0,0.04311747349173321
0,0.4632681352601079
0,0.3786256660654472
0,0.0014392514460320064
0,0.09193462325730088
1,0.91870430411351
0,0.0865866820538101
0,0.31364899201574614
0,0.1482115591039813
1,0.700866479433645
1,0.9339864360781661
0,0.22533972324837034
0,0.19979996954443227
0,0.0012986847060154963
1,0.7095581154023273
1,0.712125596063104
0,0.023320403328117835
1,0.5480984115237798
1,0.6688069627536722
0,0.049650880457707686
0,0.01469189556223965
1,0.7905474299622918
1,0.6981663888457568
0,0.03865819005433465
0,0.3752573228553299
0,0.1313590461144433
0,0.49998887220505844
0,0.159215570098156
0,0.4607177419553292
0,0.15869024408461338
1,0.5568234526696408
1,0.5629863781289038
0,0.3543564224965112
0,0.25383778108640254
0,0.059854935520019456
0,0.20481991671045555
0,0.44151341046257514
0,0.14460685661683792
0,0.1991856965093598
0,0.04173815476784824
0,0.09005036888717995
0,0.4327394328785302
1,0.8199357824159088
0,0.05904952639875851
0,0.15003359973614597
1,0.686783052191041
0,0.22767570815411456
0,0.17944325645878584
1,0.5504123381749667
0,0.2765523151537473
0,0.06430920878131328
0,0.08591965413751584
0,0.315590597135146
0,0.11711221261638438
0,0.11855740297009286
1,0.6714650171200207
0,0.024752924050730155
0,0.003743602923871249
0,0.06726949666310422
1,0.7250413246622401
0,0.28896800013075463
0,0.15996952468821585
1,0.8757544296246439
0,0.044644175612904444
1,0.9096065968285142
1,0.9465657680365933
1,0.9815650713668437
0,0.10519279568176697
1,0.8825272489197988
1,0.5708769292369895
1,0.7810406776481591
0,0.26959693745003543
1,0.634100199501743
0,0.19192377285107595
0,0.026267726724795108
1,0.5094179543288414
0,0.31398706190374454
0,0.38936670355188224
0,0.05003257910705167
1,0.885944116633761
0,0.4502944178628874
0,0.03128534657596791
0,0.46394358212407927
1,0.63224774706144
0,0.03155171276921032
1,0.7446045343988099
0,0.22904397208969807
1,0.5283746156825488
1,0.9886674567781396
0,0.07735948081391601
1,0.760256477904843
1,0.6373738307092183
0,0.059896057470872587
1,0.5377046887986685
0,0.32057004194828104
0,0.13713630024567558
1,0.8484000971526148
0,0.040580394542494076
1,0.8692843591898946
1,0.9670688636344152
0,0.4177993893255048
1,0.9545097695774452
0,0.24028484009093037
0,0.3471868176193715
0,0.27712587325314236
1,0.7343646380506281
1,0.555574650340742
0,3.674902632229061e-05
0,0.15155120475551614
0,0.004444589069187921
0,0.03890888121540349
0,0.1665618803548427
0,0.027073060661232672
1,0.8686559855951296
0,0.25413608804525945
0,0.0033066401003175494
0,0.13172889147233616
1,0.9889590979093115
0,0.41079394439297257
0,0.07389231392296153
0,0.03004871811913239
0,0.10330353467292239
1,0.9239394115718678
0,0.11624787800339238
1,0.5300225900930725
0,0.1264812683861712
1,0.9778977276396036
1,0.9391257274957251
0,0.24215531204791998
0,0.10691763163930246
0,0.013553372237248616
0,0.43739319398864707
0,0.07801779171958624
1,0.5125444516474137
1,0.9820968075659084
1,0.8368995930860181
0,0.06633195581947897
0,0.36722524170970144
0,0.37509997548499996
0,0.0720992935167574
0,0.17813972601919564
0,0.33516405942196786
0,0.04409978151511787
1,0.7125538508803371
1,0.7019566467414453
0,0.26048566143185664
0,0.46282675567151915
1,0.8318178942086456
0,0.36021040812185523
0,0.16166577455436326
0,0.3400082315995013
0,0.35607242805969985
0,0.2953168275344252
0,0.2937034830629462
0,0.04787421951718048
1,0.8512658215783467
1,0.7229476826568757
1,0.5423598421537933
0,0.2678213581341408
1,0.5282273608254205
1,0.5245558328003657
0,0.18730978520349473
0,0.012830815652076154
0,0.07317100498302116
0,0.1860689293735445
0,0.1425811277135903
0,0.3869417532220979
1,0.9109323395991701
0,0.022803901140806215
0,0.20473901288330576
0,0.03261326326408283
1,0.9123634073514038
0,0.25942396576264737
0,0.24669373334194844
0,0.0248498768744691
0,0.26289270653380054
0,0.3119520630147289
1,0.7314320440218356
0,0.031876806974974754
0,0.06639170026683795
0,0.014619534952853048
0,0.21992804358718443
0,0.03221430828176541
0,0.3111085402909596
0,0.0801575746965079
1,0.6886962763645846
0,0.38702048344555423
1,0.9806876416067405
1,0.6944468789182837
0,0.007274032102148779
0,0.36260354034608167
0,0.19404851393242406
1,0.9633270866484827
1,0.9099853091226716
0,0.02313462579656923
0,0.3855114058425418
0,0.1439003443743233
0,0.16597517890686073
0,0.31512077653630644
1,0.7666603247467225
0,0.4744077234703641
1,0.8354083292491455
1,0.9834255638140746
0,0.023772576747884796
1,0.9971556601255034
0,0.16528608014340448
0,0.14262684212613172
0,0.2063353414752009
1,0.6732590204028019
0,0.03149524870402393
0,0.34403204098511453
1,0.5146702709393997
0,0.13572185635108422
0,0.1737124541738409
1,0.5078271501491156
0,0.19456794117979026
1,0.7354140566892343
0,0.01708315876185992
1,0.9430774604159263
0,0.05992935739391552
0,0.12984876057964648
0,0.09100218615449054
0,0.3146641334348436
0,0.0008050853662213858
1,0.8834330927861436
1,0.6049222908976613
1,0.6717032658567653
0,0.027160347245349614
1,0.5777594936804654
1,0.8509422331353861
1,0.6291600392711213
0,0.01073616365020343
0,0.17092397037593593
0,0.4015574618461663
1,0.7001424311633527
0,0.10219992057667089
1,0.668191344573778
0,0.38378210877376584
0,0.29253760471599977
0,0.29759511690516655
0,0.012491275261304117
0,0.21882420025231766
0,0.25133892665128194
0,0.00847344280756277
0,0.049253368653377594
0,0.2547219535287559
1,0.9679682486594451
0,0.33775213676548077
0,0.3802735279676403
0,0.28695586445818844
0,0.0004618482748457469
1,0.8528328679767991
0,0.03482161468789998
0,0.035167398817380464
1,0.9943027900075118
0,0.2671627477107332
0,0.2392933322077875
0,0.04491611660846293
0,0.36302375107773593
1,0.5430109293938008
0,0.35844948777284474
1,0.6257580275535952
0,0.23149871095089317
1,0.8921230099409466
0,0.1472442627087068
1,0.7027833775224207
0,0.25619721494635994
0,0.17250564650440023
0,0.07190925474229426
0,0.10046775821070268
0,0.3162616495436673
1,0.5393694913954441
0,0.05446145693357001
1,0.5655098804486913
1,0.8122389807304891
0,0.4637182234137259
0,0.12942445309038397
0,0.4063300659149354
0,0.06866851399324876
0,0.04332410894626792
0,0.11497060963312743
1,0.5421288953695892
1,0.7229138936145771
1,0.6014215795413974
1,0.8613630365114205
0,0.07242846372020954
0,0.49250015674798564
0,0.06698956496232364
0,0.05958575113378799
0,0.2236122902130028
1,0.7398507954636092
0,0.008902306965370926
1,0.932586464764977
0,0.03541558786613037
0,0.29013561357573214
0,0.06022799868681671
0,0.21285322780323698
0,0.09010006359190752
0,0.30402481598029035
0,0.005532348478412573
0,0.34933189716995805
1,0.9912381225402294
0,0.11563892381809816
1,0.9775115464525256
0,0.1080823416244796
0,0.3265832379349499
0,0.047073635672218714
1,0.9505142901306743
1,0.9783431659086163
0,0.019573881871795783
0,0.02997758791077181
0,0.29521757818770106
0,0.12108350390926766
0,0.13307116262627383
0,0.19436847779540753
1,0.6035628333419718
1,0.7959660641519544
0,0.48521663853977703
1,0.951568538656609
1,0.9609875138200257
0,0.4399744228389897
0,0.2834872162659036
1,0.7681786985229447
1,0.5380429569973552
1,0.7373796991067132
0,0.2288708901940028
0,0.48019614351164747
0,0.0002490514008845714
0,0.2695495502842939
1,0.8103412975073208
0,0.26893467693684425
0,0.04682517572632586
0,0.002740441220357425
0,0.004815727542899246
1,0.5282159549131275
0,0.11693520426579418
1,0.6363531782458189
1,0.7770559977768805
1,0.9908148110610409
1,0.5162572394255176
1,0.6228668209213273
0,0.015332259871239987
0,0.1329353309139351
0,0.1032480543881787
1,0.5168839366560591
0,0.11282948141393571
0,0.0939348721829972
0,0.21099160762528923
0,0.06499154348006687
0,0.3169148498338033
0,0.22170324511302697
1,0.6805896073351939
0,0.21987346824876433
0,0.20387744200361294
1,0.6347569462734444
0,0.26060174086702853
0,0.12326208752764077
0,0.12166534188365127
0,0.05375377199404742
0,0.4857514640029934
1,0.9908509678195311
0,0.3604154440540503
1,0.502988786201885
0,0.10891957066605788
1,0.8849161374610038
1,0.6587836466283997
0,0.2212861636678911
0,0.18489396183933907
0,0.048314284022867894
0,0.39094510893599826
0,0.18362219025975612
0,0.246050663798936
1,0.5567854791825757
0,0.26228536065342845
0,0.054453430844891355
0,0.49821820109997267
0,0.0665571141882997
0,0.2567748343537004
0,0.34678064549356336
1,0.9959212469683628
0,0.05413858270257442
0,0.1762318229689794
0,0.08454681025279707
0,0.07121851942798026
0,0.020061185838528606
0,0.1673032783051129
1,0.888981849081851
0,0.050126717710539205
1,0.7562748557975747
0,0.26351414279704266
1,0.7076201915914329
1,0.6070464364372491
0,0.12656741429005286
0,0.07657554295258087
0,0.03745835991640972
0,0.2106372335405997
0,0.0029142594906982466
0,0.4694699468659952
0,0.45012990366635636
1,0.8458698410214167
1,0.8270534943006935
1,0.9041348604449024
1,0.6601864993930323
0,0.00335425192497337
1,0.9174243962683888
0,0.09452331509869619
0,0.40633645068123464
1,0.7773770257989306
0,0.09163514464029594
0,0.19347271742278563
1,0.9838684400434738
1,0.8979267675266029
0,0.3442982246881803
1,0.5560082303190294
0,0.03229312815298658
1,0.9031449872861038
0,0.3251802726758506
0,0.13443467396136732
0,0.27138514041888034
1,0.6694072073731256
0,0.3101574776649771
0,0.04928719507000893
1,0.6196876618457734
0,0.1491078225105995
0,0.11141364393526104
0,0.29438637066697265
0,0.09490052301096359
0,0.027198282169781554
1,0.7374291871809819
0,0.16244687224447876
0,0.008808684892378182
0,0.031650606114118296
0,0.11628761075166162
0,0.009910342575319543
0,0.12928185718634563
1,0.9854717400611515
0,0.0056708284230757135
0,0.11767864095908331
1,0.7578119594192656
0,0.4472386360337698
0,0.1872019233278134
0,0.32349972478958133
1,0.5810393329292466
1,0.672973768857647
0,0.18291377053216443
0,0.28107597818131974
1,0.7324287671664474
0,0.15065887265729883
0,0.11985726810594811
0,0.2869158446291051
0,0.2948015968782092
0,0.3794887106530903
0,0.0060273463382269805
0,0.058572969691750354
1,0.9823595891194731
1,0.5640829283559682
1,0.9578974588491513
0,0.3783569139739119
0,0.1854278903662398
1,0.9692055758117184
1,0.595499106602859
0,0.3462683527492881
0,0.048713954169836114
0,0.13979260560912532
1,0.7182271693645749
0,0.24388768553267293
0,0.11496640395430749
0,0.031340909823672325
0,0.006731218984255381
0,0.053472733096359915
0,0.0004468416201315668
0,0.3476950509503994
1,0.8400977186679924
0,0.07534746118843025
0,0.2981954849919355
0,0.011651247700633941
0,0.15177864104469446
0,0.12735409621640637
1,0.6283063409189424
0,0.20327998579287837
0,0.06097216975502289
0,0.25602426390269517
0,0.08826148222841321
0,0.036706939692095084
0,0.0883085441587327
1,0.6977481434138113
0,0.33741135362664754
0,0.1691542965332027
0,0.19327173724524147
0,0.15680097382164096
1,0.564940463147892
1,0.9629171204837104
0,0.13800996854733397
1,0.679155866716773
0,0.35687227388057363
0,0.2597925790322078
1,0.7058773680157794
0,0.04924194709538874
0,0.35847793368969033
0,0.2112023989684843
0,0.2953363981485528
1,0.5043247861837304
1,0.9011607326799241
1,0.5290359468896392
1,0.7909721294757713
0,0.19373319341814077
0,0.1325558642979172
0,0.09557205700554018
0,0.020034211949190625
1,0.8488807617864486
1,0.9830398170958153
0,0.04332474212504429
0,0.4624613476342283
1,0.5005295366401948
0,0.1833771085523483
1,0.5007443111150215
0,0.08048093186170985
0,0.4402889532348727
0,0.44456430702766914
0,0.1404294906898634
0,0.37345641292155524
0,0.049031537717350145
1,0.9653876734569767
1,0.9398451559263673
0,0.16017214697579477
0,0.2208446186234497
0,0.07269844032018942
0,0.15837049720263552
0,0.27920893000699915
0,0.002412411590062075
0,0.43906316726950484
1,0.9117535319974306
0,0.1570710110273561
0,0.1341823503680587
1,0.9869751979861985
0,0.018386098845369115
1,0.8864768451161578
0,0.010067447396379997
1,0.707272089913487
1,0.6504988585362523
1,0.788352417325011
0,0.06193371710109129
0,0.1620423091036163
0,0.03004902594502591
0,0.2008062525768682
1,0.6872487860786136
0,0.27151326956750077
0,0.10311832300046593
1,0.877742139797231
1,0.6760086396768837
1,0.6837268304973045
0,0.3243132268050231
0,0.131877651600603
1,0.6637434009160698
0,0.07608921308275418
1,0.9349663637299753
0,0.23755674637614832
0,0.20955156187698484
0,0.05234363750643797
0,0.4814572416190009
0,0.04919215326100148
0,0.013453396767266888
0,0.09486856189106997
0,0.4994121116120345
0,0.061718664792395406
0,0.1301410752424954
0,0.4660349907007317
1,0.7179719693398423
0,0.010502078916719965
0,0.38874372917607136
0,0.4207444145936141
1,0.9898395568314002
0,0.29974237510834256
1,0.8950701627759313
0,0.19952534594150642
0,0.4674710134961088
0,0.23602153887996416
1,0.8100275925526216
1,0.6574100646464499
0,0.12612943048893993
1,0.5574462725375654
1,0.7117212222826249
1,0.6184230475394894
1,0.9911558766502254
0,0.1547618091510391
1,0.9798659658767246
0,0.04373550554146373
1,0.9975129671520865
1,0.8615350924107147
0,0.31808269457419364
0,0.0011232961576922386
1,0.9798853040555073
0,0.15388264469288734
1,0.5450279527484794
0,0.02038959695088486
1,0.6053717194688512
0,0.2948221059582469
0,0.0010094916560380043
1,0.5449479793076917
1,0.5504404217939899
0,0.22893507439583805
0,5.1947295108781415e-05
0,0.0020648397927060017
0,0.365977944317818
0,0.3617999239505935
1,0.6301872576014359
0,0.09334657084543123
1,0.8305788491727667
1,0.5307715818546692
0,0.24717023594516277
1,0.56770773740074
0,0.48846634331324035
1,0.8248958015851926
0,0.3687851965362275
0,0.13644086340580014
0,0.010978534507778966
0,0.41692158443082483
0,0.2602344826714692
0,0.07723548528787563
0,0.08749484408049645
1,0.665811798813136
0,0.014175700975748823
0,0.14932768896971246
1,0.9007078393183705
1,0.9802162196338191
1,0.8821448617762685
0,0.3760795724299253
0,0.2804718396360656
0,0.1244601679538141
0,0.2712764451712166
0,0.14340930330216917
0,0.0009415795649527893
0,0.022854456294659212
0,0.4752405092990284
1,0.6870416068273799
0,0.28404724491310734
0,0.42436035815936346
0,0.4082387826501257
0,0.09191638104480536
0,0.27132432666789424
1,0.5166877230215061
0,0.06370414419058118
1,0.6299627218959447
0,0.3241453755855836
0,0.3906955836247747
0,0.25552612050177753
0,0.23539383620207718
1,0.938004228579834
0,0.10462480810375294
0,0.01645581670027175
0,0.021792602544201095
1,0.7437795777463551
0,0.2931365367764832
1,0.7139933420872785
0,0.2680726363237508
0,0.016892567266542705
0,0.048572752086497875
0,0.44464158972316736
1,0.5147764605899471
1,0.5313402444445988
0,0.0014269237360696604
0,0.10761897315288373
1,0.7947821311307871
1,0.6933957026298145
0,0.054663789447485275
0,0.1340174216481944
0,0.08571521943813461
0,0.4468149104852696
1,0.6181556751251204
0,0.06236887080330651
1,0.6770588726079689
0,0.11565195018757729
0,0.05031988274473272
0,0.19806360897872016
1,0.9834411177324701
0,0.07953233444255597
0,0.46603539394947774
0,0.05004059232774374
1,0.6640214940767938
1,0.8564682978146555
1,0.567429048873934
0,0.013930881252016037
0,0.4436871319665321
0,0.07299854626274221
0,0.025225675389474393
0,0.019612332443473834
0,0.06640310966552186
1,0.994893920832368
0,0.1570686345196994
0,0.1821424723452531
0,0.021350827321863358
0,0.0074496915942167015
0,0.17134092169483597
0,0.3658055971619836
0,0.31491427569584707
0,0.4214049254603534
0,0.0780302017760526
0,0.11998387349871194
0,0.003529985933365911
1,0.5988675028225937
0,0.17701243384862853
0,0.09859733850349542
1,0.710715177510924
0,0.24460141695844007
0,0.1033577277815421
0,0.03315648349239164
1,0.9453812028253162
1,0.7970669251447713
0,0.40876421697552484
0,0.06643553089649577
0,0.0151257414130634
0,0.009828194592791346
0,0.4618893231093032
0,0.08796689437003127
0,0.10590590147857751
0,0.07951535794317356
1,0.7704712531511189
0,0.014463134375933441
0,0.1853969246063473
1,0.7831729631211997
0,0.29664359094990117
0,0.18966656152392056
0,0.011113216525676572
1,0.9898023874674137
1,0.5406228193694669
0,0.08891807217583818
1,0.8054883546234997
0,0.023915764490271253
1,0.8865815388684439
0,0.262247232006588
0,0.29637733823629825
1,0.9147321360210562
1,0.8006422731283661
0,0.007460076355303887
0,0.45448381820208406
0,0.28193138632694015
0,0.10549205266067743
0,0.2570904443146401
0,0.0030862930102624753
0,0.06907075164196484
0,0.04489263058098737
1,0.847346891295951
0,0.41145746685974877
0,0.41184391838882883
1,0.6400431185993446
0,0.336733317473828
0,0.1790645464073623
0,0.20531599102198617
1,0.6671828022419397
0,0.08967661959080073
0,0.4748501766841745
0,0.0009047130448878869
0,0.06619048858869714
1,0.6088023747571596
1,0.9769727735064601
0,0.09301719892601676
1,0.6545398815917096
0,0.018574257529088558
0,0.39042243203727656
0,0.011439873227766458
0,0.08070191948140344
1,0.9871412134246266
0,0.053910939001983
0,0.3061360955628093
0,0.11039777480014938
1,0.836795420522095
0,0.04978428412615814
0,0.4465138521520484
1,0.5712392549637841
0,0.17516035800466298
1,0.8950391941299896
0,0.27421962070484945
1,0.9579696045660409
1,0.8272435766149864
0,0.04312557034331326
0,0.25462580926591394
1,0.5118538815128644
0,0.07073377483657123
1,0.9119853347680487
0,0.4670863312473903
1,0.6981728972593662
0,0.32745793862382616
0,0.46879464177010727
1,0.7504427185629928
0,0.1848311525539757
0,0.42857369070853757
1,0.5587290110870915
0,0.42406537490032353
0,0.29149965159853364
0,0.16837026002754893
1,0.8697203085879085
1,0.9918515562134269
0,0.4188886249644097
1,0.9058013808598411
0,0.4767070302466652
0,0.15895530461876534
1,0.7034804546095562
1,0.8933868141462369
1,0.8701292990976492
0,0.45294953213166317
0,0.27019404732283175
0,0.021119312312086195
0,0.0996068317426357
1,0.7681848903471853
0,0.03056082413423427
1,0.911182184666015
0,0.027255265448352817
1,0.52231600224365
0,0.2500956860071651
0,0.0342628858275416
0,0.12722880639436157
0,0.02197096382447002
0,0.17648026868269479
1,0.8568878694979871
0,0.23090780799930358
0,0.11775687984189784
0,0.3359300862997992
1,0.9681470657340933
1,0.7564480165279647
1,0.5194772706083444
0,0.008694973617930412
0,0.08711429936125249
1,0.8554393075820858
0,0.2926902635774262
0,0.09424212227560033
0,0.32890148777147366
1,0.5636400126539661
1,0.9162216959502157
0,0.35407399469513934
1,0.9067170313548506
1,0.762707665189088
0,0.46150536210479326
1,0.5642692780717447
0,0.24110417372518184
1,0.8943909308765092
1,0.6055974960307318
0,0.3031777129174813
0,0.019815471184344364
1,0.556945779217481
0,0.37916627227322275
0,0.07348728404207198
1,0.720256365400557
0,0.08676228084787356
0,0.2878724263342316
0,0.17419136066978097
0,0.33099691588082963
0,0.4457058449995383
0,0.05269805383936854
0,0.18539089005623388
0,0.35970281156198697
0,0.4150024235469202
1,0.6759878755921908
0,0.27286529690528016
0,0.06566750098519715
1,0.6020062396142799
1,0.9141407872393175
0,0.442406403203261
0,0.07513733678078989
1,0.8070476784569376
0,0.20762663905918832
1,0.8575971649497663
0,0.1917829922212453
1,0.9443791095657237
0,0.15548484921615408
0,0.15771265344497384
1,0.8083664801799987
0,0.018364844280909204
0,0.3177658012511648
1,0.8158297671905644
0,0.31224881242865676
0,0.03236869486309711
0,0.018325813885544582
0,0.19748138121427422
0,0.2107539056036652
1,0.8981908505575273
0,0.10555130553601266
1,0.9005303407389831
0,0.0017470940934217736
1,0.6408083305712668
1,0.9267112462527175
1,0.9382099159744989
0,0.10499045938289847
0,0.014085697978110054
1,0.7446315075643395
0,0.30077648813335955
0,0.1909905698055991
0,0.024344415123589182
1,0.7048668186884112
0,0.4815081856953687
0,0.015563170543217306
0,0.04485689483603949
0,0.4875458214563309
0,0.07468734724047854
1,0.7669454304309717
1,0.5983672874004418
1,0.7241236659674226
1,0.7251429668737774
0,0.08753664747457561
1,0.553812042017062
0,0.12095227562496443
1,0.7164361777295064
0,0.4049075235247784
0,0.4256155448400714
0,0.11911719214608284
0,0.16090807041821517
0,0.18111934626873577
0,0.40537409491638987
0,0.0016143630230769817
1,0.6368858395415226
1,0.7795923665610849
1,0.7822663859359161
1,0.9893479856709578
0,0.002869189299381569
0,0.12310195442854927
0,0.4692778303820597
0,0.24132952763068494
1,0.6812334588757697
1,0.74209458650625
1,0.6142222492620664
0,0.4547566607966834
1,0.7946262215856693
1,0.8510864914069202
0,0.47709001331837064
0,0.10746326137263978
1,0.6148695911332179
0,0.3052434760528748
0,0.03121412040036198
0,0.023342647933435372
0,0.05851353651634607
1,0.5034087801062177
0,0.01676661460250752
0,0.009991178623857034
0,0.11364323851136772
1,0.5291781315499972
0,0.34853806014470695
0,0.18620831155154527
1,0.9843448128831237
0,0.020342735250730277
1,0.6049997141885692
0,0.23350963877499173
1,0.9576025949592624
1,0.7254769214697117
0,0.42433907745546745
0,0.021693363462370288
1,0.8200163735696216
0,0.09988759608020004
0,0.41959179456761414
0,0.06624228928799543
1,0.5157065573221528
0,0.013579022380226445
0,0.1909773863951403
0,0.19196724710368418
0,0.3976616906003734
1,0.9325224406624683
0,0.11037977177430491
0,0.36067784167067385
0,0.4096805535718742
1,0.9819443535852481
0,0.37016068923808115
0,0.14101760848805642
1,0.9932185576467347
1,0.6359290339828241
0,0.0029618968894946345
1,0.9202181759067113
0,0.46045278889914226
0,0.04890666467329426
0,0.4413366942176032
0,0.4249598083204186
0,0.48136351152932816
1,0.771851301978999
0,0.080016900439234
0,0.0499626131701949
1,0.8764775852773214
0,0.45185802505608913
0,0.2483967271463814
0,0.3993631546304093
1,0.9961015730497471
0,0.08428587354833325
0,0.029562523822506154
0,0.3598467151885661
0,0.17348784716671894
0,0.4150785544672241
0,0.3994486016474295
0,0.3654084211766337
1,0.8399566578546758
0,0.20511924473138357
0,0.3606658012311196
0,0.10734436638337636
0,0.09138572509787114
1,0.8799053472860187
0,0.12426142372562432
0,0.16089894461819912
1,0.5798445775674351
1,0.5298087681338087
0,0.04413509124523416
0,0.09883017506932547
1,0.5862595941385182
0,0.30206064996729304
1,0.6687306371156659
0,0.10151251456985655
0,0.28394820913828267
0,0.2851594584516793
0,0.05819109768077504
0,0.34704135031522065
1,0.9160387509159558
0,0.23667685527192406
0,0.048082248484000424
0,0.13326296824349285
0,0.25978743114518477
0,0.004518712030782133
1,0.6732394671757628
1,0.5677708083753475
1,0.5116556925851846
0,0.14737310704802165
0,0.4185126826535745
0,0.052521619737862284
0,0.02370578834893018
1,0.6106608291980735
1,0.5615585407386089
1,0.9810739378382943
1,0.6495698435154458
0,0.002542541586716717
0,0.010359088103058202
0,0.08298976593752762
1,0.9831052039186816
0,0.4828023081010038
0,0.10363521539127162
0,0.15018398942628755
0,0.07277157883201256
0,0.2551648605855402
0,0.23420987094252915
0,0.10693488001555873
1,0.9943435782822992
0,0.2913394987111666
1,0.9843505498884019
0,0.0036573857214961037
1,0.7976432710143727
1,0.9808729306677785
1,0.7085400699285047
0,0.23062531175751372
0,0.2108421690089292
0,0.3616743469347214
1,0.9598957064714599
0,0.4105706542262803
0,0.11600068448993393
0,0.2801303255994107
0,0.285601415017809
0,0.06547534523649336
1,0.7003596037135273
0,0.24061712373821725
0,0.08693639984220555
0,0.07359579981465572
1,0.5216187373692076
0,0.044850649667273125
0,0.0034670774914994525
0,0.23531705716430376
0,0.012273855638610278
0,0.07784796370600057
0,0.04039876691098188
0,0.1461183572121795
1,0.7192297332554717
1,0.549043199812071
0,0.004002305378002294
0,0.23031886862445622
1,0.6614850150299574
1,0.9999994470752678
0,0.4473642066127972
0,0.19208989661638437
0,0.10325050915599483
1,0.9730554509524532
0,0.019211382624321274
1,0.783381082153976
1,0.6421522617490287
1,0.7161574831303514
0,0.0635686536126039
0,0.08390382998329346
0,0.4219270193941546
1,0.9800161523768579
0,0.20777853918745315
0,0.3084847528770837
0,0.09761416125854144
0,0.07777332177305207
0,0.28863452330322453
0,0.36337477275469643
1,0.8374322808893339
1,0.751970725217827
1,0.6277599693731662
0,0.14902829394204078
0,0.2897597154826531
0,0.38064215803274937
1,0.9828758130753654
0,0.1741619016222672
1,0.6082968589767751
0,0.04634690482876169
1,0.6391218919061997
0,0.03863513012483347
1,0.5654488995992601
1,0.7398447331753087
0,0.2687202274140935
1,0.9966961542986238
0,0.21077957002038714
0,0.05128408591593824
0,0.4446661267210711
1,0.7102459495011086
0,0.21669465415891656
0,0.2817627020856321
1,0.9563660047822911
1,0.9983895349591355
0,0.07775919904610933
0,0.3945505522130216
0,0.24733766216540437
0,0.1992375977930576
1,0.8995746700335759
0,0.4001479752907766
0,0.30940153976216433
0,0.39430032077969046
1,0.999999999994551
0,0.48117153867006074
0,0.40824184382880574
0,0.0020231378857753423
1,0.5235054723805387
0,0.13428713039354936
0,0.3278163350124084
0,0.3314681349999694
0,0.26761027422997324
0,0.1503056600440897
0,0.15201511320629787
1,0.5260668606653225
0,0.4889522349145655
0,0.23419825388471863
0,0.06320194082389013
1,0.6611511114952102
1,0.7410678716635983
1,0.7936631273976743
1,0.8296326285031579
0,0.4382823737320173
0,0.05375267535999692
0,0.019380893835685278
0,0.17907935151571136
1,0.5518891782552952
1,0.63788770949245
0,0.39685171600879104
0,0.06279506121777217
1,0.9552258116875157
0,0.006130752180967091
0,0.07778505595064067
0,0.015664341101603477
0,0.1833681591265055
0,0.008680757519069401
1,0.7541437302475376
0,0.11003094029692141
0,0.013562542893927351
1,0.8643071128870722
1,0.5009886121900613
1,0.7303516021845207
0,0.0014186190411242465
0,0.20681168677533218
0,0.138891507906332
0,0.20797328921743174
1,0.9998526676727056
0,0.3461506759012685
0,0.11828109123977212
1,0.5811214280846565
0,0.35923040718897914
0,0.05267696757762264
0,0.16342537872767102
1,0.6113583168651252
0,0.03057324502104876
0,0.17312955232807453
1,0.9896486995114837
0,0.07281276182760733
1,0.5470092972263534
1,0.8733287720088809
1,0.8658394781744602
0,0.1122859716070626
0,0.11013739231359372
0,0.04791371351471808
1,0.8775521112964205
1,0.5666735491147946
1,0.8200652525569279
1,0.7499351014409361
0,0.11583659420409381
0,0.1284464895154721
1,0.57467426683012
0,0.0735954379878095
0,0.2284829798792232
1,0.8231505028689096
1,0.8256484253636914
1,0.6945393686231763
1,0.5795394078747984
1,0.9363583910944643
1,0.5336298149945266
0,0.23698899117118546
1,0.8765513778067976
0,0.008366875352899303
0,0.2880910810974726
1,0.8154392385271239
0,0.23024727323358643
1,0.9110136780970205
0,0.055733879368681044
0,0.3197702145685968
1,0.7127877698084774
1,0.8545682532252341
0,0.33362484605019693
0,0.21109166731526013
0,0.03058475350333271
0,0.11992180078124047
1,0.6075649565123212
0,0.16473783541688386
0,0.4010310915191885
0,0.0238885018198277
1,0.93355434608661
0,0.16350412694396413
1,0.7381234089918972
1,0.6166487739187468
0,0.1160407573423744
0,0.14964731135814324
0,0.04383011175033046
0,0.4116297742293751
1,0.5484840671935912
0,0.14459608467310686
1,0.9004752859322379
1,0.8023424518552416
1,0.546906580486655
0,0.2853387087388943
0,0.1833191188704108
0,0.03425781819897518
0,0.4142883490221984
1,0.8772356230025835
0,0.23520187998664024
0,0.02551288569459728
0,0.44748671378451593
0,0.1587809883511668
0,0.0559053989992848
0,0.0425748822869648
1,0.7142877467330909
1,0.7403806105287098
0,0.04326582841767042
0,0.19324480163573698
0,0.25791886989021806
0,0.41643792556184667
0,0.017514229750934265
0,0.06174190162417481
1,0.7503907844052393
0,0.005336056033669983
1,0.9929678461624495
0,0.03701141580485808
0,0.05483470820961656
0,0.005057879759510341
0,0.3933035655978358
1,0.7923792860426557
0,0.05218553537870776
1,0.8260715936045029
0,0.24622192951118207
0,0.08662459044848503
0,0.033494657558171555
1,0.5916699982806037
1,0.5703659032375609
0,0.29488260366449043
1,0.6264459272586058
0,0.2164650323053108
1,0.5927186100863545
0,0.0010431631724057186
1,0.810876844774057
1,0.9614442445248965
0,0.2998536253972537
0,0.20868059890075927
1,0.884677885863774
0,0.1786096984327833
0,0.1400604230350184
1,0.5690675718020836
0,0.011639695710628247
0,0.08816664963825678
1,0.9212298080722695
0,0.10470303954593417
1,0.7194130689082624
0,0.16063414813712035
1,0.871204565625347
0,0.012972301832842915
0,0.05626215958406805
1,0.518192577670694
0,0.19410675277946757
1,0.565556302008803
0,0.1471358292061456
0,0.41539751465731883
1,0.8677036459104317
1,0.9975939067974952
0,0.06117885676852428
0,0.22358188761342443
0,0.04757752308693021
1,0.8197466645288296
0,0.00999936164594599
0,0.18647962196701146
1,0.7984567497681705
0,0.08531273838445792
0,0.03887515889819863
0,0.40440724704119385
0,0.11847494494757128
1,0.637132711986925
1,0.5589814741448693
1,0.7938200704486622
0,0.3479212316406539
1,0.6989728333028771
1,0.963118300903037
0,0.0006509354304763751
1,0.9700013627654325
1,0.7063001412601
0,0.4885837069148086
0,0.0013907762190891397
0,0.05894394073605045
1,0.7867636089801707
0,0.04423212530979648
0,0.32537342010866377
1,0.7585912939159059
0,0.3782223613394997
0,0.0012608224405201785
0,0.09575369655893062
0,0.1066456551113645
1,0.9804507645322423
0,0.17849708729305078
0,0.3711625560233568
0,0.03571219223017457
0,0.37627133245354405
0,0.03976056568741131
0,0.08861728772715137
0,0.15398428768186245
1,0.7194929372709647
0,0.11543529559844327
1,0.8331420866652263
1,0.9629449014554674
0,0.49514661753860234
0,0.01994823179973795
0,0.21625991725317298
0,0.25028441754335146
1,0.5755872732433069
0,0.3473829416416936
1,0.5369142820710896
1,0.740892405436206
0,0.1556499553080502
0,0.38139080894790467
0,0.13626432063913474
1,0.7909684370296618
0,0.14529425757257713
0,0.15671323273204948
0,0.25380084977393524
0,0.015184318209530173
0,0.05301998279096174
1,0.6001765885608237
0,0.12120159363629734
1,0.8424742491151667
0,0.16186961962379562
0,0.0067551771654244825
1,0.7031891262253418
1,0.957724334124749
0,0.4445089228740474
0,0.0041192854623738106
1,0.7764998567559319
0,0.0018930195117701028
0,0.4728006712828561
0,0.03202150877928609
1,0.9706238266621936
0,0.18201833315703922
0,0.22219195792839738
0,0.18131471361499163
0,0.028393871331084945
0,0.4509708000795253
0,0.043305842126977176
0,0.1760387471263794
1,0.8580618058682972
0,0.32605777189712704
0,0.3109334409106651
0,0.02315660634825213
1,0.8692153186292195
0,0.1350480554554444
1,0.7574146629573801
1,0.9817430373004346
1,0.8363351546192138
0,0.37958527567243977
0,0.1643363433713543
1,0.8345677069892677
0,0.03619460164122512
1,0.969653909587286
0,0.3270296774707821
0,0.3267669856377492
0,0.06882239901572235
1,0.8591426254045555
0,0.05154430994488723
1,0.9448194461630495
1,0.8625937639964637
0,0.4724717951636919
1,0.9199571074208126
0,0.12569776707408317
1,0.9562080408508408
1,0.836076872654876
0,0.022746531312710906
1,0.9533081112246006
1,0.6271904934782261
1,0.6137170342186814
1,0.9275932965233354
1,0.9765212357211592
0,0.16517452887130743
0,0.06177274561268924
0,0.034868258420453976
0,0.21300491518963555
0,0.42008570650655563
0,0.4489944579774066
1,0.7588538430233666
0,0.10513246864346383
0,0.36793852232045393
1,0.9565586548787638
0,0.43278972075778743
0,0.25072763346864163
0,0.13282329366109988
0,0.10953614485211494
0,0.1414940571646511
1,0.5241698934773679
0,0.016359694212747005
1,0.9735559313673599
0,0.003020068529149123
0,0.12852156448702562
0,0.4964079355145081
0,0.05634589953340859
0,0.27338768648471906
1,0.5685586413928719
0,0.009643184246993964
0,0.438808000620004
1,0.5035323512582043
1,0.7789399446224633
1,0.6449487907870417
0,0.08993298286930423
1,0.8928672370858937
0,0.09334281186521756
0,0.24565129055788315
0,0.12557385271796997
1,0.8191116769799853
0,0.31176764432502735
0,0.17046431087843514
1,0.5316037150759815
0,0.10854131911069118
1,0.5132717462918395
1,0.6051365446861182
1,0.944583600187351
1,0.5472991944851238
1,0.8179650090323919
0,0.2062070167721501
0,0.4657755504760252
0,0.3510221872369791
1,0.9097690956616731
0,0.04399700170222596
0,0.2728862367827151
0,0.425179189971764
1,0.6616667851199171
1,0.5338617279145388
0,0.2933236984961205
0,0.17310552749152705
1,0.8920921377248657
0,0.009369986664847962
1,0.7270622569665995
0,0.4208128600104133
0,0.34630349924779175
0,0.06012679766361926
1,0.6342496301495673
1,0.7863608963849543
0,0.14861047378300385
0,0.016706866972403027
0,0.21943389022497548
0,0.019532010016607274
0,0.2997427969206019
0,0.075447663882726
0,0.05673909592997484
1,0.7225846392257252
0,0.2251536821714518
1,0.8337125199587944
0,0.23081220524756194
0,0.10724157592663786
0,0.032429390009018885
0,0.23246039375898891
0,0.0487131758124771
0,0.32412678035459924
0,0.24254697359771085
0,0.2609537677402286
0,0.05544451487865624
1,0.7774708423226936
0,0.3707231048078241
1,0.9042538138702524
0,0.04280484033174229
0,0.12073259484859579
0,0.4620633670823287
0,0.3535463676809993
1,0.5000747703069518
0,0.03695114827898274
0,0.06880099929654962
0,0.07289133540295513
1,0.5481270669086882
0,0.02922460645433944
1,0.5560874377060046
0,0.40506902365155484
1,0.7768907153564351
0,0.05280500642878836
0,0.08788256982934496
0,0.07666656421442211
0,0.24566839974133817
0,0.03685287440385591
1,0.8913701286372537
0,0.24589704487984304
0,0.46536324935953627
1,0.5749913823841871
0,0.1233498633851123
0,0.17351266537521712
0,0.0023990712666813333
0,0.121273577373088
1,0.5812515555012105
0,0.4445259026324466
0,0.05877324987429188
1,0.7301657677402116
0,0.1625949791938249
0,0.10235156802390208
0,0.12314323600122525
1,0.6718626840503498
0,0.0024399327086615545
0,0.3046547935295495
1,0.6654672345092635
0,0.05428874093226648
0,0.4772570858031927
0,0.27195068201570294
1,0.8378032948378099
1,0.8620549020453773
0,0.03881768641450407
1,0.7185916746118709
0,0.1665063490449648
1,0.8481392945914424
1,0.5590664874474192
0,0.1436257291623147
0,0.09720278886984433
0,0.4878519636256816
0,0.26604187813746233
1,0.6057181605563161
0,0.16430428056431817
1,0.8988520427459746
1,0.5613897125096012
1,0.8671948904890409
0,0.24764423980351954
0,0.11121565635051713
0,0.34191259510666705
0,0.08101130363722767
0,0.06241837043038121
0,0.13060531625716162
1,0.9210454004201899
1,0.9441035703556901
0,0.0958260610687303
0,0.017948923890092148
1,0.8549494917571114
0,0.10227082297667492
1,0.9396188401263995
0,0.40609126405623763
0,0.10055284807555298
0,0.09909594235823732
0,0.026233586736569052
0,0.21149586326475375
0,0.35009223252514926
0,0.2449260390986506
0,0.3064245272180187
0,0.033899477378261135
0,0.4039396338339641
1,0.8362832466288663
1,0.6013901740176913
1,0.8730886840734222
0,0.4871476622041925
1,0.6059973451296597
0,0.12723989645035647
1,0.7967561103623628
1,0.7219216797796177
0,0.0677335226151558
1,0.6686314271857187
0,0.11550196512847648
0,0.04237207002085634
1,0.6938013975575089
0,0.19233917728363556
1,0.996491541729083
1,0.8244070975692485
0,0.08853256009207432
0,0.18518161442793016
1,0.8682915937114902
0,0.176946490669639
0,0.2970090241802762
1,0.6818668330988747
0,0.009965986208153864
1,0.8748902349559329
0,0.01534940471373843
1,0.9626433086730519
0,0.01761786668474506
1,0.6407332359208575
0,0.18719059927033097
0,0.2281452392848992
0,0.20533257462958596
0,0.029125992624000303
0,0.3655398120084624
0,0.05285789523276627
0,0.23622347492748066
1,0.6276544289509997
0,0.2856058587419279
1,0.626191275367891
0,0.20347933359781176
0,0.09387198357916807
0,0.17507784297026918
1,0.7421564519259592
1,0.9051347526684083
0,0.382146463490118
0,0.3037654234167119
1,0.8877871980650884
1,0.7651986576113851
0,0.4481455280069657
0,0.08017805936205696
0,0.386386990554948
0,0.0008121168501427231
0,0.4714924032313986
0,0.20528738193339338
1,0.9655639502702765
0,0.14131828803606747
1,0.5160464081977841
0,0.31296045962562824
1,0.5993795086912642
0,0.13675661183483703
1,0.9297462673067178
0,0.009290978999598194
1,0.6003540356849388
0,0.19730585634451295
0,0.11877756426088547
0,0.13451715960493438
1,0.9489706259487231
1,0.5425992677358502
1,0.9545259161068631
0,0.08556806569410047
0,0.02424332016378272
0,0.3642778362844305
1,0.9477864994338298
0,0.060109334666700986
1,0.7280656491046009
1,0.8979082224922872
0,0.49586703426955214
0,0.2408182063816035
0,0.36292979643138784
0,0.1493865766801629
0,0.2452025241676339
0,0.0043754769456656115
0,0.42246108375780045
0,0.2451853483942632
0,0.09825098963314624
1,0.897844039321967
0,0.22953213558245486
0,0.10563802433233065
0,0.01375265553631792
0,0.18851746721026694
0,0.3429988354444808
0,0.0608799972398117
0,0.10635964431737903
1,0.7199804891067462
0,0.11200927216124304
0,0.2606608564282954
0,0.22964437446229738
0,0.011754919892102261
1,0.8649204598748392
0,0.3118915838899587
0,0.28219661279380925
0,0.0016959526821552528
0,0.0002287479303096777
0,0.2817677747734165
0,0.012486437209962117
0,0.2776237724056286
0,0.2515386989407277
1,0.782441753159833
0,0.1298293378720071
0,0.008766677354079442
0,0.06819457514723494
1,0.8485070170640422
0,0.47216983559848796
1,0.8008782031874004
1,0.9697583975016183
0,0.14464153783329312
1,0.9169642715096532
0,0.05742581851159746
0,0.1294180141023285
0,0.01081513288592435
0,0.04400197673363756
0,0.020488417053167216
0,0.2769463564286747
1,0.9992846582622695
1,0.5000642357231353
1,0.5990001265164084
0,0.32867623489194686
0,0.224357878290484
0,0.22748258893206327
0,0.3127009696351856
0,0.1397335456841684
0,0.4412472107031863
0,0.499726285503643
0,0.43601485962959413
1,0.610216673391496
1,0.9124914837728593
0,0.100512034974486
0,0.10109858887417617
1,0.578449934790268
0,0.347768893348174
1,0.7481336273892855
0,0.1685729656928786
0,0.05295897106711996
0,0.034413936700308144
0,0.014369370575834615
0,0.061998263751393265
0,0.07395987862471923
0,0.4967775447530051
0,0.05971017771438232
0,0.14392601242197015
0,0.35797133451653285
1,0.5636471273369719
0,0.2484547241080838
1,0.5827481931729551
0,0.3189562169140831
0,0.10521982762591471
0,0.09874044654130845
1,0.504035631007075
0,0.05755638087371351
1,0.9054076067660072
0,0.19010006296554405
1,0.9353829229786698
0,0.04512613175774359
1,0.999234276091879
0,0.4324560805778094
0,0.059624238010371
1,0.8136360284018912
1,0.8491102643150095
1,0.5768501167034166
1,0.7193186704758122
0,0.133251708601243
0,0.1481574534586064
0,0.0355843387778217
0,0.2994929977784308
0,0.07975674552980785
0,0.17478162802048172
1,0.6422215801600859
0,0.07034342153174093
0,0.07730141685224093
0,0.15417348527330993
0,0.009743120206833041
1,0.5399111282257664
0,0.19459539588537125
0,0.17618969143956356
0,0.06103532449634633
1,0.7013933169378068
0,0.042859230934252396
1,0.8696352292918682
1,0.743624168959693
0,0.3136752057181102
0,0.1083132685272506
0,0.4182073030641622
0,0.45565761671218324
0,0.21171487967268365
0,0.33176982896576157
0,0.1450465500671399
0,0.08996997537680723
0,0.17309061230421285
0,0.028533054965795192
0,0.12460567853320646
0,0.4259148087159945
1,0.9465236818217642
0,0.08934840781301914
0,0.19258554610986117
0,0.49150483902146325
1,0.7275897454511315
0,0.4620073252018987
0,0.24840329087644294
0,0.01625107382846533
0,0.18134645096467397
0,0.3029101277944168
0,0.06530784302820623
1,0.8757418164862462
1,0.616983204197905
0,0.3273292578549799
0,0.3194452974320743
0,0.16537986048765668
0,0.003069187923992138
0,0.4915180637137929
0,0.0406140442084165
1,0.9194050980530205
1,0.7405031590329049
0,0.18009271266571997
0,0.16594044237046351
0,0.3589870015856455
0,0.28223484883020944
1,0.8403242961551964
1,0.82207265433574
0,0.0355929360852709
0,0.1919389922043765
0,0.3037425748265964
1,0.8514288614696763
1,0.9432171242532842
0,0.17733969422084156
0,0.19308845900977373
0,0.0507595844299488
1,0.6798277384354572
1,0.6567840321460165
0,0.159654017025513
0,0.20307428143832246
0,0.13596140864555795
1,0.771786789326472
1,0.86868481006221
0,0.40938066266003026
0,0.28682062246586926
1,0.9851064041171409
1,0.9149252460402045
0,0.00183228396198003
0,0.14680374621030243
0,0.14419444141996499
0,0.48100577034413566
0,0.4118950140431703
0,0.027079960899826366
0,0.1429302429826753
0,0.20328365310479868
0,0.2792069721504158
1,0.5079022662645677
0,0.15847107993704793
1,0.9738418975169268
0,0.39707515224126955
1,0.92392015731324
0,0.07921858500799907
0,0.2802005046802929
0,0.07276751270906479
1,0.7380098381778016
1,0.9934342006273637
0,0.4874477179403747
0,0.08687451131138385
0,0.43203808966333834
0,0.10415791307772132
0,0.3778429363345567
0,0.02575810893476587
0,0.2764768387674888
0,0.3239089227836961
1,0.7133836702435062
1,0.5484949430508261
1,0.527224129951696
0,0.0092800942017646
1,0.6549728574105321
1,0.9044537002050742
0,0.23287906423940472
1,0.8120117248711282
0,0.36753504066712905
0,0.05382267005829873
1,0.7217305741832793
0,0.4016586728802713
1,0.914928231104559
1,0.7148132652979635
1,0.5840294236728077
0,0.28507885570903607
0,0.21062761311328326
0,0.00878785302384177
0,0.07578440166273077
0,0.4867327952215858
0,0.005734751907524034
1,0.6380900910002375
0,0.20864312450634193
0,0.2726532733333933
1,0.9946671312762945
0,0.15475034298478285
0,0.25670435311972867
0,0.22863406306787093
1,0.9959073101371476
1,0.6161803302838761
0,0.17549583952147682
1,0.9299352413937897
1,0.6407581941609187
0,0.09979113525807559
1,0.8581352913264941
0,0.2878152266948186
0,0.24859787748673015
1,0.6516692428997184
0,0.16104838109567654
1,0.7968947543341047
1,0.9671587832869915
1,0.6701037049452898
1,0.6883087641431823
1,0.5028200083690935
1,0.8674964166376448
1,0.5064057329957794
1,0.6573320771439677
0,0.2715168169755762
0,0.0631801115109549
1,0.9920966160517091
1,0.8855860459648442
1,0.7228648897977992
0,0.17593477977460947
0,0.3442640276797914
0,0.1987746435248368
0,0.4397478174306153
1,0.9737068943157174
0,0.35629669645190987
0,0.4046501918985122
1,0.7137782906769655
0,0.02264734745553019
1,0.7451953207127988
0,0.25648446022928584
0,0.3031318905353935
0,0.120143899507569
1,0.5121383750303323
0,0.13425820011807926
1,0.9992873808896134
0,0.08688071471555485
0,0.44848604887227683
0,0.30158876914010524
1,0.9454126144455589
0,0.16811204964382523
1,0.9529558177862344
0,0.28017705167964746
0,0.11600194296693452
1,0.9655553271808203
1,0.6946852165442648
1,0.8482378423954144
0,0.32857017451296516
0,0.08324071718205191
0,0.40497455206913513
0,0.29090973496933303
0,0.4151923182436495
1,0.9014617845960033
1,0.5214699700765572
0,0.163164795810739
0,0.01406125856761084
0,0.012253052720155963
0,0.15091607151016473
0,0.0025329753193447015
0,0.2856514142781331
0,0.1953333979639685
1,0.5041273937978565
0,0.055849637804255024
1,0.5422566503981447
0,0.047895341426155945
1,0.9807157937297226
1,0.7088909876436059
0,0.07948586603310479
0,0.30483461572785575
1,0.7922812568787305
0,0.007610281493256454
1,0.5941845869781341
0,0.033770854166443105
0,0.1957122030110758
0,0.200630108719007
0,0.0779456303054804
0,0.3833232578565166
1,0.6918254293915019
1,0.5825837744210006
0,0.43427961753723665
1,0.9600288571447942
0,0.10999873396263174
0,0.08831327112279273
0,0.31611393059432946
1,0.5983979711545742
1,0.6536805527992153
0,0.0010523182664434435
1,0.5642873932986661
0,0.21372475310736028
0,0.044144473036705385
1,0.6858237075057882
1,0.7519837870229785
1,0.7744521751986404
0,0.0018383976189911195
0,0.20237068623162066
1,0.6295060531699743
0,0.019191421449420248
1,0.8852632787873498
1,0.519086084253727
0,0.21385791482605485
0,0.32915045268475907
0,0.29990511712446355
0,0.08198462525391247
0,0.05184754914307849
1,0.5821252994536041
1,0.5458547677250994
0,0.13020718095686917
0,0.39631536845014875
0,0.09806384687919037
0,0.07265591855765965
0,0.3054753772155477
0,0.04254490628040803
0,0.1967541422908151
0,0.2579168275143365
0,0.1307929101327721
1,0.830147001612651
1,0.7558249306836125
1,0.9836429384266451
1,0.8692064728774057
0,0.3570220158845265
0,0.11392469771759561
1,0.9161490939689371
1,0.8717496609582489
0,0.43332219590128157
1,0.5130677697322567
0,0.31782258818070874
0,0.004762102374878225
0,0.027535423207441165
1,0.5150223714402401
0,0.21950880796869102
0,0.38841258287194674
0,0.1939312968947002
0,0.10949832159056129
0,0.21483024763611608
1,0.7086071468745179
0,0.4288832434423245
0,0.1086192763662274
0,0.14740059637122896
0,0.14274494090216983
0,0.34144628623234774
1,0.8048018903393845
0,0.18787062531996723
0,0.11316221428463931
0,0.05912541162018481
1,0.8960113405752166
0,0.2416866088951063
0,0.012359613623834831
1,0.5454150709310364
0,0.4334605354040505
0,0.02794079012265236
0,0.022351149583663195
0,0.48091889515452935
0,0.18638351781932758
0,0.19578560383258828
0,0.22489459485329655
0,0.2584160002769509
0,0.005017696630662061
1,0.8889729617523899
0,0.4846405477082312
1,0.6930303662996999
1,0.6417886686749688
1,0.9276677555114865
0,0.07988058796900878
1,0.5326741918993603
0,0.38490268777876624
0,0.010832167358499968
1,0.8148411181179075
0,0.036359678569012274
0,0.1590265985036351
0,0.156570723524488
0,0.06253976404693078
0,0.363366329721911
0,0.0006941281324001333
1,0.9540102697316298
0,0.24674386711893898
1,0.9687061338803616
1,0.5855732917276505
0,0.12047434073354424
1,0.9875118965840244
0,0.27289657759036456
1,0.650493340437239
0,0.21143558149098815
0,0.2989624016925321
1,0.7644254221883391
0,0.37428757585475464
0,0.24690007769556988
1,0.6382431429887974
0,0.18699744795450066
1,0.6798946050203359
0,0.07578555477308987
0,0.262362633750549
0,0.18751862484078072
1,0.5806825509981636
1,0.9817299620570883
0,0.16573298174919815
0,0.057432704430239935
0,0.087814878696863
0,0.12235656667317009
1,0.7353537342469457
0,0.04954183369639183
1,0.8748534177331606
1,0.9736430041359857
0,0.4951298813041352
0,0.3516581370383173
0,0.23336548521781333
0,0.30837901189811306
0,0.4096602583346817
0,0.16372061842447896
1,0.6523139156321067
1,0.9820302090977205
0,0.15089957203233956
0,0.11956689877267143
1,0.729944234644347
0,0.15799017005190547
0,0.17562191210336767
0,0.05125076420296723
0,0.46785915163891734
1,0.7287255439709247
0,0.11477894271949639
0,0.08662492158093787
0,0.496919629806355
0,0.12284741698421263
1,0.5104641040622444
1,0.9962355017243412
1,0.5894821274966889
0,0.22824629146786274
0,0.016669705623598857
0,0.45269442900372514
0,0.029134721416661433
1,0.8121843634095179
1,0.8193072854371036
0,0.45884926655793506
0,0.1971782302389026
0,0.20607147308715143
0,0.4030681638382871
1,0.5703208372932917
1,0.8323649374312119
0,0.002754359634389837
1,0.9673117663267083
0,0.35192807403490817
1,0.9385546885940885
1,0.97549227428316
0,0.10410066309165925
0,0.09274213356059882
0,0.22528275064591383
0,0.07826661034958089
0,0.27771668264131477
0,0.09032624702803303
1,0.8015166708454421
0,0.22038500205478853
0,0.07853346628093782
1,0.9092049467681045
0,0.11812197122004651
0,0.3626318630804729
0,0.19642173713502362
0,0.3443140692989712
0,0.24665924752744414
0,0.48204150211806623
0,0.09849350654208092
0,0.0027527588870593883
1,0.9903520562957879
1,0.6933583704780514
1,0.9027383362045012
0,0.3326696327120805
1,0.5865072787487539
0,0.048696260197705225
0,0.09599227338165443
0,0.12480449815407652
1,0.9068556681579737
1,0.7403132710409335
0,0.09011559407960662
1,0.9606720322098375
0,0.010905887263692245
1,0.8942508519307828
1,0.7039796018614024
1,0.9487106978787719
0,0.09911513214630085
0,0.39836209528351363
0,0.4863833132347288
1,0.9042381129812008
0,0.4313666166849719
1,0.9241364806771679
0,0.049176668388006155
0,0.365978389603355
0,0.389293665200569
0,0.2610015461376558
1,0.6635436806993364
0,0.06035258006415171
0,0.09264536369738224
0,0.44945700155416
0,0.36396529334942196
1,0.5212633599531276
0,0.4853321284887566
1,0.6798705682813112
0,0.11272318961299421
0,0.3445919077554529
0,0.04902157923545522
0,0.3693400383804079
0,0.05566013399570273
0,0.3263834589638826
0,0.04593344597454401
1,0.5170049358146832
0,0.045839456232689736
0,0.17693651307705802
0,0.05607991259617381
1,0.7357608673752096
0,0.24706883304895907
0,0.4273256313469705
0,0.1272178626402625
1,0.7981389242783957
0,0.29792237617143796
1,0.9185635787281539
1,0.7293301375574314
1,0.9632516427585889
1,0.6628122515490221
1,0.5058254547844752
1,0.8992021433025065
1,0.6785124121982482
0,0.09530188786227974
1,0.6299518748615295
1,0.9885432820833173
0,0.01797057856168209
1,0.6570964676422881
0,0.18565992634110304
1,0.7331445621302568
1,0.8914213197518568
1,0.9650075211542459
1,0.9447615302538682
0,0.32282698517800285
0,0.010781702497578248
0,0.04240347534726721
0,0.27523826120745065
1,0.5796916121557304
0,0.3347447734683814
0,0.024869857679686722
1,0.6780911257780512
1,0.9758074998657653
0,0.015031519887055235
0,0.2742640444543441
0,0.07931493779845203
1,0.5093028817198453
0,0.019225233270827487
0,0.03272973155040634
0,0.44998151611624876
1,0.5224419799132209
1,0.7815013556829915
1,0.6267085245757565
1,0.9849057944224952
0,0.041117002279973766
0,0.1316322112651715
1,0.725970395468359
0,0.019302806590003944
1,0.5995710893631361
0,0.25700013973186175
1,0.5936786901446185
0,0.3067589386024108
0,0.007478575743045967
0,0.14884098901911672
0,0.0019869165634339675
0,0.018519627500994472
1,0.6131250756038239
0,0.420768102695037
0,0.46165794691446355
0,0.09778207926712422
1,0.5896784852581489
0,0.25413842260822056
0,0.012161301343169515
0,0.2461673768052248
0,0.11500763399802717
0,0.21119663450139486
0,0.20074673094638096
0,0.03757178083288762
0,0.46768498952981197
0,0.002756209027946982
1,0.8044071514745232
1,0.5652896600030485
1,0.5931746408685028
0,0.24201300785549912
0,0.398641695100415
0,0.14947500812405962
0,0.05846562168794798
0,0.3267516575395608
0,0.09627642920399421
0,0.27104482350243536
0,0.3838056549740693
0,0.16678794549235998
1,0.5131371039186444
0,0.013044950601389
0,0.009195618302207064
0,0.29836031037934635
0,0.11093856066580401
0,0.08554120368305779
0,0.009606797017405591
0,0.15181144367598678
1,0.9000789206209446
0,0.13802722210679033
0,0.010081254543146513
1,0.9126674486451827
0,0.04892917005643803
1,0.6960053980435815
1,0.9328000825800989
1,0.8221542288295787
0,0.27197237562863147
0,0.05745153721916421
0,0.3472162822071182
1,0.9992528667622937
0,0.18520100547263094
0,0.08864650995840748
1,0.8001163668257879
0,0.23322810508065422
0,0.19454215691479607
0,0.42590162980896534
1,0.5115543636177748
0,0.04822811922758408
0,0.32916336752006914
1,0.8218896965143286
1,0.9137380926064058
1,0.5462933585494162
1,0.6378482794973419
0,0.30278123696173825
0,0.010603099816647425
0,0.23408203726699683
1,0.662828833841741
1,0.5113550739155578
0,0.13409587973528472
0,0.3870955427581515
0,0.14123245094765613
1,0.9293628236124799
1,0.722985880380053
0,0.3785657097629588
0,0.3380241055366474
0,0.04009594506568459
0,0.3550626190394832
0,0.2577184009408361
0,0.39416430467467556
0,0.16607272224483616
1,0.864912978432498
1,0.5682307875721552
0,0.06082027394393536
0,0.11050727778630234
0,0.0028353026606324867
1,0.5667303636612093
1,0.9819301407525616
1,0.9076327035406213
0,0.0326413682998579
0,0.10733462526312265
1,0.666803127081054
0,0.0011925832573984885
1,0.5229001488712373
1,0.9774419365778092
1,0.8934620618623267
0,0.33816906503350724
0,0.4222522211667292
0,0.07412031427179906
0,0.11392653524237502
0,0.2745915095710498
0,0.1739176476499757
0,0.006123402479907507
0,0.010610049236515564
0,0.12818978080741802
0,0.09355490394723262
0,0.3292984227669425
0,0.1349103324076231
1,0.9994934994484833
1,0.8051073380604491
0,0.3335796314579649
1,0.6156053040660747
0,0.21936972602911037
1,0.7766292600909769
0,0.03030006728077691
0,0.09199046521166478
1,0.9216337111356113
0,0.027048006428595346
0,0.10338683097103286
1,0.9683113830462587
1,0.9268138398545321
1,0.9681878978735092
0,0.006143788742341317
0,0.005580536952912061
1,0.8689317618314638
0,0.4774559916638316
0,0.14303448345289985
1,0.5720725248480659
1,0.8255968219138613
0,0.27313863900427277
1,0.5875884445097151
0,0.008853045716593405
1,0.9733964575014867
0,0.06363050318231088
1,0.52758301358149
0,0.4434883858940642
0,0.18289400917785606
1,0.5391311905063405
0,0.44479026291275736
0,0.07181258834628367
1,0.7922423485907737
0,0.4918964405634703
0,0.16711666335120198
0,0.17297996654837983
1,0.8417906474252094
1,0.652432435292461
0,0.39152205313438465
0,0.09869185391515395
1,0.9981886455884657
0,0.16920394736803648
1,0.818429132709559
0,0.23858926328315933
1,0.7050821272822806
0,0.4626686296572386
1,0.6757870733247058
0,0.10371414362669588
0,0.01211309015825116
1,0.9855085894880338
0,0.05877322427885851
0,0.012885819196449681
0,0.2899421660013643
0,0.196752624351974
0,0.04602900556313323
0,0.28870698424689095
0,0.3464003530388606
0,0.02480429316674469
0,0.29073606297019816
0,0.018385694790515224
0,0.06342247675706841
0,0.48140344850885675
1,0.9587695890903211
1,0.5595121752853536
0,0.41984640120421646
0,0.019545437116636172
0,0.30566799618672896
1,0.8743188263636001
0,0.3547219335356714
0,0.37670922755037484
1,0.760469106886444
1,0.5291567967264941
1,0.7450836380541701
1,0.7916376917496157
0,0.07945026315008322
0,0.28646328609920746
0,0.13216122618207554
0,0.39221332162087313
1,0.9976641218636113
0,0.02880375745772243
0,0.05264141209638984
0,0.04244199595624225
0,0.043165233642343974
1,0.9875342448652216
0,0.1843825597550701
0,0.0698733321704441
0,0.18176080357714933
0,0.12149407756632447
0,0.05701362886959139
0,0.009102169464464745
0,0.20295241324130048
1,0.6338193102966954
1,0.815062750909939
0,0.09646871709512109
0,0.01194079419206593
0,0.19763158650822246
0,0.177757933418807
0,0.20859024115943528
0,0.4021951308522625
1,0.6229484336340924
0,0.21246974097227148
0,0.014613220790979613
0,0.2875027614182438
1,0.9176421709928355
0,0.22420150213437098
1,0.7720676474301315
0,0.05246799023555716
1,0.5997498654714822
0,0.014732632787796464
0,0.043370840034960154
0,0.26922301368106577
0,0.17502414928845678
0,0.45741776628777026
0,0.4218432963855437
0,0.2594876467680508
1,0.731093950515289
1,0.947391426369202
0,0.24079773653879805
1,0.9261695788282474
0,0.009589222363949537
0,0.25250356117391465
1,0.6222334502876565
0,0.22241199745430337
1,0.5016183400913454
0,0.3815631630875795
0,0.09269054631223389
0,0.37161227743259145
1,0.997208118043939
1,0.5833690221791061
0,0.10017327073114511
0,0.11732050540113245
0,0.007467044979874308
0,0.1386940259922862
1,0.8140051580755392
0,0.006183349959290536
1,0.6983653348299794
0,0.028839719879842
0,0.12995838944318705
0,0.15296067531125865
1,0.7577389394158776
0,0.44891333726083094
1,0.9486375300635237
1,0.7549175607976977
1,0.6749763395030917
0,0.06726653589089511
0,0.31490025536912775
0,0.12437793081603346
0,0.017226092263638724
0,0.045908989241372974
0,0.050457490501006154
1,0.7677769204809127
1,0.892796569662421
1,0.5698478650366812
0,0.030940006388181982
0,0.4579423518775376
1,0.7827066411587364
0,0.30888222834495044
1,0.8556887385394618
0,0.032238005540068386
0,0.03469183131943445
1,0.7726584218919711
0,0.36204080560804003
0,0.013288681245029594
1,0.5380615436137888
1,0.9275670386407325
1,0.5492832349788199
0,0.4417109586948716
0,0.09891643381208685
0,0.2557130235390586
0,0.19590806847329986
0,0.345934189936273
0,0.036701932621360976
1,0.5884599327343649
0,0.07583178735350735
1,0.7091511515723649
0,0.21779392911640955
1,0.7658437689830202
0,0.13707621551323063
1,0.6608392745588035
1,0.9866976837691663
1,0.5310882564883865
0,0.004181143161254431
0,0.07131210768213024
0,0.28631851202854697
0,0.28442663990972883
1,0.807299635045481
0,0.2739831351725998
0,0.029753430190791942
0,0.23576246139955828
0,0.24660174751185107
0,0.4150761233422037
0,0.21782308548644386
0,0.20020603357604377
1,0.7544065603734308
1,0.7356309598548788
0,0.18056426738340017
0,0.044883050628115956
0,0.425897666540582
0,0.17189515004905254
0,0.2586338561563954
0,0.06633174294616606
0,0.066830504608538
0,0.4263771202303927
1,0.5228032431997873
0,0.1280950170942915
0,0.1899606435934976
1,0.9988733634278435
0,0.008939247036322985
1,0.9556979985015456
0,0.17851334195438057
0,0.2353546803751206
0,0.20746925862306786
0,0.002863247152215543
1,0.9832464242626338
0,0.10666980674994811
0,0.4880823961643749
1,0.9910900597504506
0,0.003845677640125561
0,0.2716344424227687
1,0.9586862240604069
0,0.48791609499495725
0,0.20734359896069632
0,0.10265792062677687
0,0.17743705754849848
0,0.43955798776317173
0,0.002606552406290794
1,0.9170827922497815
0,0.006686958408619254
0,0.03714954026239682
0,0.11728695291099442
0,0.0027217529913739573
0,0.1008340517713391
0,0.2787655758891434
1,0.9536592940432486
0,0.03497582606748121
1,0.9855925812159733
0,0.21575773831931305
1,0.5915424867175089
0,0.08833330675811835
1,0.9831973567223878
0,0.09767411203132893
0,0.09812069816850992
0,0.301166029033259
0,0.28169440524867034
0,0.17610189927065129
1,0.7377367486800541
1,0.8466759911673514
0,0.14284980272685915
0,0.01925697012212241
0,0.18479018942201697
1,0.937891139560171
0,0.262024517613711
0,0.3503931109521109
0,0.28192580421731184
0,0.40136452434747244
0,0.24304210990708158
0,0.49304556643675335
0,0.047238340291842776
0,0.10806595546784338
0,0.3651088637721389
0,0.01915704082978279
1,0.6841295628011546
1,0.9619159530554504
1,0.6775215050674629
1,0.8999425537951141
1,0.6754864067766149
1,0.5876202514190403
0,0.15695553037363288
1,0.7378592777215754
0,0.20023400996128699
0,0.0661959137168545
1,0.5081203303467275
1,0.6928966831180526
0,0.38722421753849673
1,0.5915170402382498
1,0.610923386752473
1,0.9935899943560849
1,0.9369959021328318
1,0.8892790754939024
0,0.34248090554087646
1,0.9953192802075796
0,0.3102063474540411
0,0.3516053573753631
1,0.8258998315172474
0,0.01083105409103965
0,0.0871129558553831
0,0.38815894744613455
0,0.0648128418051665
0,0.07046409425744461
0,0.44153576604077227
0,0.4731834546195199
1,0.8682578233596601
0,0.17474227657678762
0,0.25030399744769527
0,0.09799984114047401
0,0.05060055482952568
0,0.10935859230556151
1,0.859846026889345
0,0.42957746693626014
0,0.366760431223081
0,0.3560232357532413
0,0.0007497038660694247
0,0.476298348728332
0,0.4120845065481163
1,0.8438763797186638
0,0.08494708430337071
0,0.1941421927828655
0,0.050476089584253384
0,0.26619461359401414
0,0.4237020182985082
0,0.3544687526929501
1,0.8964754138857198
0,0.010933226622759107
0,0.027658107937866702
0,0.12590477321815965
1,0.8994536033350586
1,0.5825484474173086
1,0.936683447548756
0,0.45700905333695896
1,0.510652132446313
0,0.08295101264661371
0,0.11104524090786014
1,0.9424064774443223
0,0.42654556533679483
1,0.8827945632361596
0,0.10554951072559546
0,0.14983339687398892
1,0.872928919002156
0,0.2309211126582116
1,0.6719971246954382
0,0.0708893204207564
1,0.6172192771434347
0,0.1809911298904343
0,0.0007356673415756123
1,0.7305813078527765
0,0.3809079807098842
0,0.26078204659027165
1,0.6120703145736847
1,0.6630236214119167
0,0.18744335267038398
1,0.7642119993822365
1,0.8026677841050437
0,0.42036344763354105
0,0.2614281574787739
0,0.16431576231941894
0,0.15335314898037308
0,0.154922722180553
0,0.21060956756655724
1,0.7807750015767895
1,0.9784712426069032
0,0.09681095186322626
0,0.3271494157369999
0,0.06660657072925562
0,0.16751654371654215
0,0.1852288808535319
1,0.8375920328817966
0,5.666712294204756e-05
0,0.20262487166193688
0,0.14165683789525851
0,0.16687628184060832
0,0.17121056723356803
0,0.3039679807518672
0,0.33607638501647036
0,0.24171439064405484
1,0.8480639162899629
0,0.422793731112388
0,0.02088603636689901
0,0.15460951090315292
0,0.12009525473037187
1,0.7235875691467543
0,0.07036540612342383
0,0.486760987782961
1,0.8008625975329804
0,0.025052129012147758
0,0.014061592949657323
0,0.4063370647547881
0,0.13367631843784825
1,0.5093518836503417
0,0.026876629763950246
0,0.06935125174030812
1,0.6017879021712332
1,0.9308945883209625
0,0.22152742240825202
1,0.9388328161510687
0,0.010853916592581551
1,0.5885819416321783
1,0.5156208095837603
0,0.3532720237858233
0,0.010690657311067987
0,0.4889801161700242
0,0.132919045085378
0,0.08383467387339207
1,0.8410217199900557
0,0.26290000029226596
0,0.028287056867486116
0,0.2717174191015685
0,0.1330190633335411
0,0.30146275291233443
0,0.20247660358687483
1,0.7882450584903985
0,0.05017933622186044
0,0.13374777640220128
0,0.4861437000502804
0,0.0939690884772077
0,0.22676215243600584
0,0.07521620258920611
0,0.22499926322469593
0,0.4944490560063755
1,0.8040705169130643
0,0.24424938335582713
0,0.37341142954161916
0,0.10023225826013021
0,0.20393253910295242
1,0.7522564706567239
1,0.6960048633589931
0,0.3869636608758382
0,0.38633842382659056
0,0.17546088982868382
0,0.14972976087144388
0,0.2701301987034344
0,0.005299568892571766
1,0.7925709035941633
1,0.9125983199725124
1,0.5916723550207659
1,0.8435975440501773
0,0.06836394208504395
0,0.00920089985039374
0,0.011669139533402281
0,0.10084856458612097
0,0.17961900779954687
0,0.4071194209841935
0,0.08731632709330771
0,0.388773695875652
0,0.21825678325759423
0,0.3684787236134827
0,0.33580249039420806
1,0.7173824591606948
0,0.27641778980104165
0,0.045036690495528234
0,0.3951979485716264
0,0.010254996671883322
1,0.792929845880591
0,0.2638271889796847
0,0.001765066075793267
1,0.6944984960322335
0,0.015905467077403507
1,0.6936462091818045
0,0.0035445786149394206
0,0.2768813764455844
1,0.8639991825271699
0,0.32850694767600425
0,0.05142435184894833
1,0.881647365080772
0,0.4853751835292783
0,0.45863220643655295
1,0.5462958137128032
0,0.17651263125890723
1,0.9967726170664865
1,0.6537464748069425
1,0.9765160200094659
0,0.44844887113419124
1,0.6374190167275002
1,0.9233817251880959
0,0.1956665894176758
0,0.26272338479718
1,0.9913629712720082
0,0.2574157872041031
1,0.9097045040054874
0,0.07037288646100466
0,0.007383531482341396
1,0.9822303747216269
0,0.007776850605749575
0,0.3309929270483224
0,0.4706013906830021
0,0.23197714891647123
1,0.6774694094399334
0,0.35587387248075103
0,0.28711311859174987
0,0.038716783580085797
0,0.17298585384231374
1,0.6432524505550213
0,0.14365093123923772
1,0.9494134355075451
0,0.05805339791117479
0,0.10512994273969249
1,0.8395306375768979
1,0.6440529838783049
0,0.481966516956002
1,0.9455994515165641
1,0.751115734726962
0,0.0173293159456707
1,0.7874396074442273
0,0.22186418198388866
0,0.07580304112011586
0,0.33177037580562563
1,0.7898946459347804
0,0.05224233213940181
0,0.22951362057062322
0,0.44161364796510977
0,0.48707472138443353
1,0.798307093627629
0,0.321776393758422
0,0.12639721483588867
0,0.4986789996591133
0,0.2548444816614526
0,0.009288228487374395
0,0.00641146303763934
1,0.6744630271014884
0,0.21567109855625266
0,0.3228171588117874
0,0.49002465350048674
0,0.17186591362964568
1,0.9255464900654566
0,0.4804753090879233
1,0.8097729114017346
0,0.2450270248443167
0,0.12728447463130346
0,0.07271563613751046
0,0.417312351450087
1,0.591098772590667
0,0.0015763632526375082
0,0.033926008811385445
1,0.8539537347920781
0,0.4386611194873718
0,0.34323180217220506
0,0.16384533601365203
1,0.8631411885600143
1,0.978738984021479
0,0.3991195375547077
0,0.3599697973154998
0,0.06446483724924576
1,0.8793912623185298
0,0.0020929728282403073
0,0.08382144490991465
1,0.6612770247043879
0,0.03451298667109972
0,0.1188819959652191
1,0.5594407058365136
1,0.8911734362249244
0,0.06717831118891027
1,0.8515024526961675
0,0.41847614854178844
1,0.631416746929661
0,0.37832379955763146
1,0.6061429870986013
1,0.9856419470559018
0,0.06363157435008669
0,0.1394925133560787
0,0.007942037712507516
0,0.007355835552710478
1,0.567506936755819
0,0.3104080336383433
0,0.11685707423918638
1,0.8645246149669724
1,0.910386950729663
1,0.5949016972972828
1,0.8060033075834675
0,0.15452750479306704
0,0.2329686465043581
1,0.9855385634716654
0,0.012473085523249734
0,0.001064263251613617
1,0.8115053726908802
0,0.23606320149646823
1,0.702951959636427
0,0.45750084324874624
1,0.5673532603070779
0,0.008469535763000921
0,0.10660964549244337
0,0.05532876094252807
0,0.094952107421737
0,0.2840628799916261
0,0.13044454780146483
0,0.008820963946116969
0,0.19802232368139502
1,0.608488265178178
0,0.0347255739368029
1,0.5264145036700586
0,0.4406658557782166
0,0.33279336919641905
1,0.8008143326383125
1,0.7137496815904765
0,0.2853425378727181
0,0.36737648738601353
0,0.41444128357566973
0,0.2993575793530411
0,0.19392850994055863
1,0.8433108097058883
0,0.12575803542819414
1,0.9554473853483927
0,0.16350550229320782
0,0.3796866986647327
0,0.07627974162928246
1,0.9573995633181825
1,0.9051224336762197
0,0.011256036125034938
1,0.9079358446853523
0,0.014502268213056382
0,0.05500899946083295
1,0.6242637776094193
0,0.25344608411328357
0,0.38661053889692387
1,0.6496834673221227
1,0.9182165813967934
0,0.009741512823672078
0,0.014539334015888852
0,0.258190257601669
0,0.11678587788094995
0,0.015249414090230081
1,0.5548434885189444
0,0.1728138698779389
0,0.16725815067087718
0,0.2624951695215267
1,0.7039931771277509
1,0.6401461197890745
0,0.10988585164827754
0,0.2988296204298712
0,0.49994060053986816
0,0.2906915633044802
1,0.6972339104985831
1,0.9164222388731185
1,0.6901726094113392
0,0.05315627258035996
1,0.9739491650708898
1,0.7186570257232645
1,0.9696280288403587
0,0.13451582099632486
1,0.9112787864730918
0,0.008353402176732435
0,0.003928389214705961
0,0.3746951935080739
0,0.19543528060908708
0,0.21247420886825888
0,0.087521799195275
1,0.843471114881805
0,0.009236105760220437
1,0.8629256206848295
0,0.2728169135203496
0,0.09553138158691704
0,0.01913048483572208
0,0.10127806549439436
0,0.005858020473636267
1,0.5317099732412877
1,0.9975434886998737
0,0.4940742019682712
0,0.4430790792656787
0,0.24010833645923563
1,0.9382551983193702
1,0.5315136350175119
1,0.5912499111967288
0,0.25817813414129054
0,0.2908200883047113
1,0.5895645500722398
0,0.3953979884821884
0,0.292994188051834
0,0.3510454039319563
0,0.4313281204681253
0,0.020789171686649597
0,0.2609180425332914
0,0.4014039957906675
1,0.5560162492468866
0,0.32149494766097364
0,0.1620781533251793
1,0.961164499485625
0,0.48941945490062294
1,0.6718664389081971
1,0.9428831842000237
0,0.38653580039622093
0,0.22343713733123724
0,0.46400535908927515
1,0.7714365207609736
0,0.3153868647950959
1,0.5888539559340726
0,0.34366664566556354
1,0.8439239563107968
1,0.6758526992815483
0,0.012734863559046886
1,0.5756462304336454
1,0.6876606495554474
1,0.9141832658672239
0,0.15811758628827793
0,0.05866052604668416
0,0.24417413181535297
0,0.1666968997565877
0,0.1631077430223284
1,0.639651224193621
1,0.9309319890627916
1,0.7605147397467072
0,0.057180211234993894
0,0.08246582241348836
1,0.965624280679897
1,0.5624739967650915
0,0.37530344703408186
0,0.3201169275652322
0,0.12687679277805758
1,0.6027618503043919
1,0.5259992719650066
0,0.06105913123676537
1,0.8931490669070419
0,0.48183974982035715
1,0.9567875835597793
0,0.41903390826191506
1,0.5085435129027546
0,0.33431828092604776
1,0.7878114851391623
0,0.3462666904969036
0,0.4623161948198006
1,0.5777026763265345
1,0.8187684011198889
0,0.12788830848228777
0,0.34927833068799224
0,0.44045424669433625
0,0.42208667357880447
0,0.4764224926691998
0,0.4020753473429763
0,0.3283621491065912
0,0.060528486072310206
0,0.2695518631444827
0,0.37225007746620736
0,0.09917127841033643
1,0.5295233146247347
1,0.9768980056114658
1,0.7955841189314466
1,0.6803912811103794
0,0.06014104536006254
1,0.7600688685252209
1,0.9839132128975042
0,0.04040291953562374
0,0.26172225424242845
1,0.9327475480017366
1,0.7403525219272592
0,0.4582657858952487
0,0.09812624821786432
0,0.1560023705907655
1,0.6387431195940875
0,0.2964275603899806
1,0.9757545794834146
0,0.04684437972547132
1,0.948171176390552
0,0.07763348374704179
0,0.45413725584471626
0,0.03562433371934497
0,0.028150334372855707
1,0.6361333659914598
0,0.12784987044240645
0,0.1222677323086223
0,0.39002531778707467
0,0.1833568996009242
1,0.8334934324661845
0,0.3712082735695524
1,0.7011342589232681
1,0.5801293045987587
0,0.08396676683092644
0,0.024280421255282757
1,0.9983392876048576
1,0.9907288737894991
0,0.3974788270806769
0,0.4244639577789117
1,0.7539065542625276
0,0.34418459065776985
0,0.1824664967186383
0,0.0796206834258808
0,0.3475071206452679
1,0.9551584986493261
1,0.525352430925486
0,0.009779419332972543
0,0.012970862547698568
0,0.10730290727115416
0,0.07503477883243634
0,0.4019010156675613
0,0.017988335336889514
0,0.480270594440726
1,0.7748698458726657
0,0.013755554816383705
1,0.68928215746498
1,0.632069476225618
0,0.16545635650139956
1,0.8645853435944776
0,0.43139945088081066
0,0.11266355113130587
0,0.005708597114271646
0,0.046435672234893116
0,0.3238820602342099
0,0.03051699351962552
1,0.941605884585145
1,0.9905338344183986
1,0.9998736801549403
0,0.40923479633640375
0,0.10197373091062618
0,0.12198330408984125
1,0.9147192322707985
1,0.7571940786694902
0,0.03963154714212928
0,0.450632573347195
0,0.11746579423564443
0,0.25910662008852503
1,0.5639599068356161
0,0.09236176954005604
0,0.09329274189227338
0,0.0033655492316058294
0,0.14901867313877634
0,0.0631388086696199
0,0.30491028045484764
1,0.5586322327275512
1,0.7233537300126146
0,0.11166339001520649
1,0.9757470752830101
1,0.9715332266418094
0,0.028355550253412732
0,0.2729722379856726
0,0.22362729907350803
0,0.48311240816592
0,0.014249538904519094
0,0.12057180566762547
1,0.6163565609923398
0,0.1876923421985734
0,0.05591572484666292
1,0.9690990319372526
1,0.6712659747190101
0,0.37781534366665365
0,0.07708663204868464
0,0.3580440499334867
0,0.11023631447079772
0,0.21571077254400373
0,0.047185780146623495
0,0.41231511250452507
0,0.31707373093033986
0,0.032355822102716175
0,0.33168131982578425
0,0.1380797394431168
1,0.9256977749520103
0,0.06847748118567966
1,0.8320198359526357
1,0.9714555948511545
0,0.4276930777473673
0,0.16589189836729545
0,0.24931010121062566
1,0.9653974771428612
1,0.8156305873302453
1,0.9190798728111773
0,0.1844848056331434
1,0.9458286640483109
1,0.6277376397072573
0,0.19293497975351245
0,0.14974363223949166
0,0.35016355098640795
0,0.05978996574747087
0,0.4560036387552914
0,0.041036719100455275
1,0.8557878176504332
0,0.23495039284143657
0,0.4958319297643322
0,0.025394925601028774
0,0.40028686781512934
1,0.8170365084330501
0,0.09193355748091703
1,0.527405790932092
1,0.969203019244099
0,0.04639689388556238
0,0.22136510566284553
0,0.16710732888618685
1,0.7893131625649171
0,0.39941000864861176
0,0.2119125533756138
0,0.08523115789010659
0,0.4922655993950335
0,0.44000743899739103
1,0.6028595635949723
0,0.07481322555783505
1,0.5318440397091045
1,0.6506324134848616
1,0.5994831383343181
0,0.3527990084898595
1,0.8115731409771458
1,0.9392681768478177
0,0.0659201305246645
1,0.5538988115123897
1,0.6061710165945376
0,0.004794731018441063
1,0.9997537050943588
0,0.395221878451321
0,0.2626940996714439
1,0.9679918340691687
1,0.9514542932611542
0,0.1255913200925221
0,0.0971849510843318
1,0.8313531402294381
1,0.9778614691739494
0,0.26519233744772697
1,0.5951760072211958
1,0.6943721200327877
0,0.38616232084705515
0,0.20398583305128448
0,0.21205683683435328
0,0.03222153125023809
1,0.9796429445469008
0,0.3456901662474373
1,0.6390807954228456
0,0.26626976717671935
0,0.07769611618640489
0,0.07671335297379978
0,0.30929405786529046
0,0.4503541358709842
0,0.2565591881562951
0,0.21373908075302586
0,0.38037629473307877
1,0.9700580143774666
0,0.29085792155211543
0,0.03243884087087299
0,0.11076801017760361
0,0.19898261362057676
0,0.17947244775472862
0,0.002640762390011135
0,0.23731089968445684
1,0.9500471632519207
0,0.031093147319488645
1,0.8364038606639962
0,0.10474735094066157
1,0.7545432090874186
0,0.3112573087529255
0,0.40728571240518313
1,0.9901086794288895
0,0.11199510746389112
1,0.9179044414139819
0,0.01211654597262954
0,1.5880348068797685e-05
0,0.1163878704170421
0,0.11677542449277459
0,0.46323177123906717
1,0.9804775575968175
0,0.11662683079156455
1,0.6604169482920563
0,0.46752805374160067
1,0.9206044834423532
0,0.3769578089943503
1,0.8621956082293755
0,0.25181660503552306
0,0.12892281097025152
1,0.5063604601812065
1,0.5663231774445723
1,0.9547361099794034
0,0.4397934048345396
0,0.2762926974197926
0,0.405098330870001
1,0.6295850830714208
0,0.08845859350121997
0,0.16717155623338875
1,0.9996161931558485
1,0.9547865343739895
0,0.028888959748369098
1,0.8459217105015647
0,0.15712893831453523
0,0.17997471599430565
0,0.3678847328638479
0,0.47724920233713103
0,0.19204598672719597
0,0.22240162957222234
1,0.5353670973916277
0,0.1008201737605626
1,0.5305375521331744
0,0.3157627403954807
1,0.5103403111228607
1,0.8565122903805222
1,0.9966995167220233
1,0.9094203216729053
0,0.4697002100758797
0,0.3063739834346438
0,0.20930900941259223
0,0.3533158983330399
0,0.007051455810895738
1,0.7125679812314385
1,0.7812427892016194
1,0.6544633510770764
0,0.2736410556986728
0,0.21225781742192895
0,0.08249683010390951
0,0.0250873487993062
1,0.8990485497622941
0,0.4332825263267319
0,0.10141162456181624
0,0.044602669962503144
0,0.06276844905174543
0,0.00035357326993714413
0,0.16192757637985175
1,0.5765107517097792
1,0.7751616400758692
0,0.4744516473923844
0,0.22482074908894123
1,0.9071271055195168
0,0.30783328711967106
0,0.11120032219874265
0,0.031746894510579785
1,0.9906796308607547
1,0.5191553324760051
0,0.24553362435078752
0,0.014121969747566845
0,0.4320163982300544
1,0.5183455012144189
1,0.5307895678663828
1,0.5743090596327578
0,0.034156029597644154
0,0.0024811233790295647
0,0.012184409385383189
0,0.46139868731590294
0,0.12015664808805894
0,0.0548421703422158
0,0.08776164208134626
1,0.5928057534090513
0,0.09593976578368232
0,0.10490361528538097
0,0.37648707622805816
1,0.840273791928121
0,0.34843991638974875
1,0.9799330462244549
0,0.19634548905777913
0,0.30048753872279416
0,0.17272947729855956
0,0.013021149902949206
0,0.30592902781079767
1,0.9281150661323585
0,0.017689106507651195
0,0.22923360938523898
0,0.012726887489585155
0,0.10757888963594757
0,0.06414355919307893
0,0.4435774767965362
0,0.10125078960657956
0,0.23095847338724848
0,0.2668645906384832
0,0.31833555613707915
0,0.4171709872764797
1,0.9900446164017945
0,0.44601664183514456
0,0.20400562108018888
0,0.15183587356865522
0,0.03184268990736097
1,0.7523586320866428
1,0.8879651219253972
0,0.10730080250041944
0,0.005452126549200401
0,0.36897619472806753
1,0.5090506592049154
0,0.4363632590761613
0,0.21290477468684613
1,0.8665704689066108
0,0.27526312080229687
0,0.4659185227588236
0,0.004336859045488246
1,0.9874155317548489
0,0.024946236159290227
0,0.4016751682694554
0,0.16711691896170205
0,0.1860269788514453
1,0.8244068137903445
1,0.897456923441046
0,0.018761886701753976
0,0.0013528109447314006
0,0.17273532696308155
1,0.9861517484623251
0,0.22708901089719216
0,0.07850655230090582
0,0.30384416552980764
0,0.3648295083894639
0,0.35679098734271675
0,0.2604366741456407
0,0.4049885273635517
0,0.4179472498227009
0,0.012843174386994545
0,0.15191744814138278
1,0.5572223112132643
1,0.928481465127043
1,0.875260271010399
1,0.9877739085671462
0,0.03278162517029983
0,0.27809401152251684
0,0.1541487818120043
1,0.8210391564814487
0,0.20581549941888702
1,0.9228879981871958
1,0.8050148459751505
0,0.022342310181487732
1,0.9561326517763965
0,0.15239321666541442
0,0.08633955691511921
0,0.15985786332462898
0,0.0717703506474748
0,0.4628763106685434
0,0.10768608220178853
0,0.02769446727970951
0,0.15260189428765367
0,0.0682862230538147
0,0.03127441685383269
0,0.0070659232097435845
0,0.011538998756949257
0,0.17363102908474665
0,0.011556213238799571
0,0.05848779019886621
0,0.21175981161327465
0,0.24286608826010647
0,0.12611347250279148
0,0.10588106763056306
0,0.10898053111103992
0,0.05549611124485151
0,0.33564408214046104
0,0.008425242326716816
1,0.5097236247633373
0,0.15355727247343098
0,0.347607398722653
0,0.4293740672019682
0,0.47853569275484475
0,0.4607706067622564
0,0.30115360889373394
0,0.4014627539997534
1,0.9396251599398545
1,0.5122192597534726
0,0.004223323657475803
1,0.752884165157252
0,0.3290751321478455
0,0.169154727663939
0,0.4093796952490911
1,0.5996934940795042
1,0.5359376981154944
0,0.41569071790852635
0,0.08164769743713692
1,0.7620022771324204
0,0.4170555709582585
0,0.162044487692209
0,0.46435040801530825
1,0.5161716818791657
0,0.2292780921555823
0,0.0934627965595769
0,0.3410606065427515
0,0.02059699537910052
1,0.8761134156595213
0,0.11858890250567376
0,0.18245844098340433
1,0.8986549923538432
0,0.2705860003196152
0,0.15975324771814664
0,0.15880902173318232
1,0.909273367426452
0,0.0007019062784563016
1,0.9701193421335778
0,0.4984152956221628
0,0.03150307412233131
0,0.08577208543177557
0,0.34226288686022277
0,0.3167913271178393
0,0.08319842133669791
1,0.8359617006969543
0,0.4402649822680366
0,0.02376662367356096
0,0.28051141430518933
1,0.6388226866470568
1,0.6547028695889183
1,0.9671365588325999
0,0.11927984662499606
1,0.7645987147452364
0,0.07211171746875428
0,0.010776666378555745
0,0.16389310965531267
0,0.4544275657241765
1,0.7573942783531565
0,0.20927693513173803
1,0.7425217612411907
1,0.591263211933727
1,0.9229138308899176
0,0.0749895800812439
0,0.09951202006766327
0,0.2807510231828938
1,0.9714223723035134
0,0.01790396668655734
1,0.856664696776682
0,0.1133231797544969
1,0.5320121906383964
0,0.17844242010048475
0,0.06593408065888551
0,0.07116018625083957
0,0.07724612588396022
0,0.009444643095768384
0,0.15799810738311665
0,0.3331269431097834
0,0.4259101478823432
1,0.7669741444318513
0,0.28345779568582247
1,0.75621430105211
0,0.49649056191553065
0,0.0032765298107210366
0,0.4011342930055896
1,0.9782607782007156
1,0.694632552803319
0,0.3785662064381902
0,0.029205813854295454
1,0.9673577267529307
0,0.013366016207170582
0,0.19635644161101223
1,0.8062026905232406
1,0.9957577516120616
0,0.21014690014881057
0,0.049977263448063344
1,0.7216824358919663
0,0.0728543131304505
0,0.03574910985109994
1,0.5012906358633228
0,0.38180368879672616
0,0.0012285969420824433
0,0.07738630974303475
0,0.4160855488276395
1,0.6079969542194521
0,0.4558277979828146
1,0.5910297674831536
0,0.37890961211764307
0,0.07329407304582082
1,0.762048977422685
0,0.42700522109068323
0,0.08205888824534216
1,0.5251873603965755
1,0.5140881720081898
1,0.9410414831587982
0,0.07777667386297946
0,0.40100588959702915
0,0.22047334183148792
0,0.13024108063368253
0,0.04079006059055482
1,0.9678073881648565
0,0.02259566677658329
0,0.30524217799845016
1,0.5974263108931057
1,0.9424252119733649
1,0.877340529122885
0,0.15640104432854324
0,0.45181356490464936
0,0.021623037118888574
0,0.018303152696438296
0,0.05354275272820275
0,0.238308762257695
0,0.11094734327564615
0,0.07430730898266306
0,0.10659979755031297
1,0.8211065285205351
1,0.9688260931755769
0,0.08012360853418796
0,0.20545297359829276
0,0.4648636629108527
0,0.09161865813909781
0,0.0006491633053779805
0,0.31020715589473385
0,0.23119760942458373
0,0.2983010323863187
1,0.7932366312777864
0,0.18788677443035165
1,0.9998139877184024
1,0.6567968782377045
0,0.26376365987772876
0,0.29425364565986456
0,0.0763029901372838
0,0.029168169118958306
0,0.034388100929518384
0,0.019130293294794837
1,0.7380347319669044
0,0.3998032818924868
0,0.19460197785695843
0,0.0954599876279926
1,0.563090341871599
0,0.4316804386662357
0,0.3842352460000908
0,0.2744332970605192
0,0.3949501681401638
0,0.3687009195089351
1,0.7060896747910568
0,0.3621875773521517
0,0.22313633240814185
0,0.031977631681644955
1,0.7480624484102177
0,0.4430906841144162
0,0.3394893635274822
0,0.23063312352384766
0,0.14306166466170778
0,0.1406109134694018
0,0.49100258625119975
0,0.29582131234219583
1,0.8420695847098826
1,0.9118174247363979
1,0.7557051860207727
0,0.0007703456352135244
0,0.0011064135557343302
0,0.09475568313211455
1,0.6338853050812558
0,0.08984564585200197
0,0.22801165210544852
0,0.112409756189387
0,0.013320768726494797
0,0.1312356975622227
1,0.7439490260599807
0,0.18365705737422436
0,0.0532410718252157
1,0.9487037000371757
0,0.18505786192082851
0,0.014392677779542949
0,0.05061634806409951
1,0.9686111199519384
0,0.13558219554907466
0,0.28732062604298797
0,0.19228810019794698
0,0.3154563037228935
0,0.010043403936375393
0,0.06596349238352531
1,0.7277744031393255
0,0.0912009891637346
1,0.8794377486234677
1,0.8895850046674512
0,0.4759390116522751
0,0.34385940633767126
1,0.9807733307770475
1,0.5998662984027378
1,0.5129690829514807
0,0.11152385967747175
1,0.7932040496693529
1,0.6703994949415305
1,0.9693190002102658
1,0.993981870418188
1,0.8581267694976752
0,0.3503904984870331
0,0.08717576605210137
0,0.04178684813728543
0,0.02425943210931322
0,0.09515664515801993
1,0.8678021719376736
1,0.7079457008757473
1,0.9400410419146922
0,0.08711244034727145
0,0.02827006717559869
0,0.08377701338041157
0,0.2854616043718265
0,0.47634748165360746
0,0.06810412517497748
0,0.1204990874801487
1,0.8725996703571454
0,0.1888957584556172
0,0.003364491297716392
1,0.9565869993091677
1,0.5350307795062333
0,0.07263476403994223
0,0.05989194081418402
1,0.6400163614053599
0,0.3044302051314478
1,0.9406769845233832
1,0.5218792712180137
0,0.2482029844980174
1,0.9218353245409961
0,0.326352166264877
1,0.9957804198578465
0,0.00894267858607596
0,0.08459399245062535
1,0.9809962797151867
0,0.008223690372972757
0,0.06588428397508538
1,0.5358328132618039
0,0.03426334963462108
1,0.620359574219756
1,0.7827934222207988
0,0.2076936717677055
0,0.09615195047809905
1,0.7723983451958001
0,0.026025440597729186
0,0.18307347831240567
0,0.0008979305435338782
1,0.7003338901820306
0,0.4143487488450311
0,0.3996025233715838
1,0.5110126580876952
1,0.5785635918837845
1,0.9826905491305958
0,0.05555215921306781
1,0.5689150187277738
0,0.01400596198130301
0,0.24756721294054912
0,0.4787313263401505
0,0.14144570491976663
1,0.8530451184599313
0,0.032400505966466334
0,0.39398485583233356
1,0.5337266182531848
0,0.030322015432748286
1,0.6367342163803198
1,0.6888533694395486
0,0.4363125157069111
0,0.003838795999930449
0,0.19777373402941067
0,0.17481350863279516
1,0.8166826666368325
0,0.005577632627984284
0,0.1097985097418873
0,0.2780025647153315
1,0.6817052929335282
0,0.3472007809532953
0,0.016194493751164062
0,0.1502183024621204
0,0.2460721699296161
0,0.37427189943202843
0,0.37250228921524203
1,0.8313442225943952
0,0.19954930615820932
1,0.7851376788660638
0,0.012973227487702965
0,0.06957873007079286
1,0.6067605927141527
0,0.21459852170576788
0,0.03433680385120468
0,0.09138318143885578
0,0.429806257235057
0,0.4808478954180297
1,0.5633199311032675
0,0.18275672716169283
0,0.12194973278551467
1,0.882421716132294
0,0.2156760721176833
0,0.3114497652031231
1,0.5654357656535478
0,0.4311676323350207
0,0.09313803703536065
0,0.34177005447484243
1,0.5203772445849527
0,0.4887694893554487
0,0.04284679586379286
1,0.5971010061751841
0,0.2631036296703169
1,0.721407571002759
0,0.21881201043130363
1,0.7654926635151231
0,0.09153708580821082
1,0.5265652318853605
0,0.3640249948188195
0,0.00010921036237372112
0,0.26781655581029895
0,0.17599331161564707
1,0.7293602764939073
0,0.11662417672983585
1,0.9777532004976005
1,0.825336051393766
0,0.015863062520235786
1,0.5235382048222202
0,0.1498267580053379
0,0.31058029167623175
0,0.09428050512744607
0,0.19473896576862001
0,0.0031361442856348604
0,0.11014127389212806
0,0.21358772705515272
0,0.13087433644124977
0,0.010215212185116472
1,0.9377210046840432
1,0.8727738286639972
0,0.3140704372943858
1,0.9999804454155605
0,0.07332461864766644
0,0.01171618426680885
1,0.9180734817077405
1,0.5706767874939341
0,0.029937412782792105
1,0.9871178281070309
0,0.34768910291271377
0,0.14363275785604748
0,0.2041123344808274
1,0.8522939068432606
0,0.11125389111126557
0,0.03301298910323486
0,0.3724557529060043
0,0.02602276913698185
0,0.29573373364913064
0,0.2723405019636366
0,0.0427167067625761
0,0.00029600778841786825
0,0.041141146724083956
1,0.7219546999358044
0,0.16256735004674217
0,0.4196891657015821
0,0.12488967207599826
0,0.13023948074570094
1,0.8279981181499548
1,0.9265216177743757
0,0.04474800431094285
0,0.21786871101951796
0,0.454980869635256
0,0.344194548856221
0,0.044885171758212744
1,0.6969313673850229
1,0.8990699478822577
0,0.0651570995876855
0,0.06341513313180995
1,0.5742889355704008
1,0.8358228990190031
1,0.6131864348761324
0,0.35461580135549803
0,0.0864274987883509
1,0.8529227528641096
1,0.975475175883607
0,0.0014475458592295974
1,0.9110588927333326
1,0.923375946632478
1,0.6833672211164539
1,0.5253733829048874
0,0.043351969325347434
1,0.6267364593247782
0,0.026673050948584787
1,0.9342924327491615
0,0.1391532078294383
0,0.2587431758704231
0,0.06607540342307655
1,0.7460307849417955
1,0.5491866505766121
1,0.5398566346908454
0,0.4247148374458659
0,0.05739980655403745
0,0.3631934618956972
0,0.02882576297358373
0,0.12011732931321273
1,0.7317812306085608
1,0.8656971373217232
0,0.25442034065690855
0,0.1787028562835255
0,0.07828932418379653
0,0.3411747066946083
0,0.37053686558272436
1,0.5975520655768167
0,0.271135486756961
1,0.7184699051296961
1,0.9628478309947296
0,0.45776716199104883
0,0.45085081018957346
0,0.42103631806606023
1,0.5904198642358933
0,0.1829261031517332
1,0.9837700635136875
0,0.058839493058644346
1,0.5627723769732147
0,0.31984033975435044
0,0.4723024682194108
1,0.7572310965454165
1,0.9093873573826298
0,0.1265110247786386
0,0.03461387262045328
0,0.2684870800724195
0,0.08045403202602487
0,0.3807021214872618
0,0.07094492189861075
0,0.49424864960368725
0,0.29640179433922487
0,0.14854439232355496
0,0.019794765859940913
0,0.2830410582872291
0,0.07902689758132433
1,0.8313917548761188
0,0.09463251282978954
0,0.3663354692232983
0,0.02737779705882282
0,0.2365175637439312
1,0.9328281121390842
1,0.9711508678913
0,0.32310988242912864
0,0.3582465836173706
0,0.25512334815527093
0,0.36589370976033914
1,0.7533913931570893
0,0.2874646081026725
0,0.05135372619026996
1,0.8221746854785962
0,0.21206784078953345
0,0.044938059914384064
1,0.7255557855456976
1,0.5688157611432108
1,0.7864537415910582
0,0.23867237734041455
1,0.5478222877461139
1,0.7941860528969548
0,0.10593027878961402
0,0.4829134325470549
0,0.11541674529731644
0,0.2712764451712166
0,0.3127033052312219
1,0.5088652179472022
1,0.8195860486833721
0,0.11745506607346955
0,0.2546276638529048
0,0.08221357435090917
0,0.09741599354732139
0,0.27808866976377894
0,0.027916659730126494
0,0.26176622417494294
0,0.36093525827681755
0,0.11364529218902729
1,0.7941230901949847
0,0.08715661256681033
0,0.05501566531075847
1,0.7865922609655182
0,0.153533283826681
1,0.7541567020335254
0,0.09206608745803156
0,0.44691867042900335
0,0.05793091172354297
0,0.3987100441411596
1,0.781217780545998
1,0.6863096869282403
0,0.037564603500449885
0,0.2561754462119557
1,0.9429653529086205
0,0.15962641185131393
0,0.31342999677274486
0,0.00043917921299524817
1,0.655294374044129
1,0.5739454146623059
0,0.07055452114214175
0,0.039171840482674844
0,0.09678423956683567
0,0.44143877656009445
0,0.037778508019032514
0,0.07755435167128456
0,0.24167115180324417
1,0.8544557224822175
0,0.28917251435374863
0,0.45293922612892323
0,0.3079830954447036
0,0.1411450939085345
0,0.3564849268791882
0,0.29373064832779355
0,0.13589477471578978
0,0.37774311684570316
1,0.7362582529418832
1,0.7461959244419824
0,0.06839810169711154
0,0.259141026937434
1,0.6028967288624502
1,0.8651824382830328
0,0.045132899585125764
0,0.1416652442429581
0,0.43562936946068037
0,0.151906588453503
0,0.00436727525986949
0,0.2839523042151047
0,0.008359230621317512
0,0.25822306637526726
1,0.9555960966682744
0,0.3613068107587211
0,0.09842123059221562
0,0.0038190725242893803
1,0.7857479059598612
0,0.1307158259970222
0,0.018291130050063244
0,0.11874521738281114
0,0.022973856024495053
0,0.1191366948170758
1,0.8635952692727904
1,0.6819885630725758
1,0.9878927916055802
0,0.10150616006074177
0,0.283333443230016
1,0.557936602930611
0,0.07114197194203838
0,0.20212073975825817
1,0.5626146938779253
0,0.05720210925822883
0,0.1019476038705369
1,0.6364162654332483
0,0.07415678553158997
1,0.9736762455634662
0,0.49766998036475907
0,0.26963322950107765
0,0.13591085781291715
1,0.8729288064883759
0,0.43124205241998437
0,0.4198301240612652
1,0.9790652655936263
0,0.3281015919681919
0,0.1272159891119285
0,0.20577863902000923
0,0.03702619586107802
0,0.038909396781127065
0,0.13956295618509476
0,0.2677760277023046
0,0.48754397013942136
0,0.1246824987812189
1,0.5848929411995303
1,0.5639720204578929
0,0.10930509004923646
0,0.07322062256709498
1,0.5749010076638954
1,0.9805746813624742
0,0.027636674014410875
0,0.13043241975187567
0,0.22622914553001894
1,0.9186742742824543
1,0.8167801935531375
1,0.6005134114289581
0,0.277316156419528
1,0.9270665944838552
1,0.998542613570326
0,0.02711566150361012
0,0.049587499621203054
0,0.41484101293688114
0,0.06414013582822967
1,0.792007092900477
1,0.7106273018162976
0,0.25247508366675014
0,0.018605564296757002
1,0.6945789424874498
0,0.21660935178208648
0,0.07990638016084309
0,0.011989072725146308
0,0.006996335278194369
1,0.8855394430555443
0,0.4368866008313216
0,0.4375638123448178
0,0.002835885057931676
0,0.03965195843080162
1,0.9565173642277004
0,0.042066295865677915
0,0.10610647113012422
0,0.05552497776460159
1,0.9978686366467631
0,0.14634441268697518
0,0.292686242272732
0,0.18053166549447153
0,0.03989322245871428
1,0.8832080192421793
0,0.02884172032699442
0,0.4841941056072804
0,0.34407406435848814
0,0.03812659284583069
0,0.1585945643203349
0,0.10842732021722916
0,0.011271194964001946
0,0.11757535571608191
0,0.32117486720161215
0,0.11284982149841535
1,0.5968462660985997
0,0.16878482983936585
1,0.8695913808934399
0,0.05535020858766781
1,0.898741654939599
1,0.9353928937391905
0,0.2023778522595522
0,0.08983270565956365
0,0.0034802045839994354
0,0.01690336592322148
1,0.8531681220353501
1,0.6326920729137196
0,0.11918613603620519
1,0.5525513300588556
1,0.699256793009319
1,0.5536748920032567
0,0.15033537365642613
0,0.3225749036135234
0,0.17433087053255936
0,0.11346603349987351
0,0.33804471661541075
0,0.14958756549035432
1,0.8834609950135892
0,0.37989966986757473
0,0.07713607849133072
0,0.08728034149427909
1,0.8901405339583676
0,0.4116276308746024
1,0.5654729635549143
0,0.10640189042216533
0,0.03927898497186932
1,0.5764341807592026
1,0.7741813204735155
1,0.9673196603048355
0,0.007570725630725003
1,0.9807576434417931
0,0.2604416523273832
1,0.5428140234071414
1,0.9816058108524459
0,0.2577408765331559
0,0.058004093314658195
1,0.7329254342030678
1,0.9399739073864561
0,0.09388366939387481
0,0.2080852716481222
0,0.12386388972813284
0,0.031366298583201696
0,0.3615278051539828
0,0.10778509361138942
1,0.7647131858330103
0,0.12106351273584207
1,0.6603299499420818
0,0.22668056774773138
0,0.32877965990909885
0,0.3451956587795173
0,0.06842339880789895
1,0.9939858457708575
0,0.03517019978168058
0,0.49181181386821904
1,0.5979965483900196
0,0.03329391797598475
1,0.7647675407386029
1,0.5613013447468227
0,0.10082720020770769
0,0.4469142758399009
0,0.10056883407550113
0,0.0437040024029241
1,0.7288230306532426
0,0.03253764988995862
1,0.8110919561017353
1,0.7576211257503677
1,0.8554707084405412
1,0.8333135151588597
0,0.015450984291593674
0,0.20128176320916322
0,0.07695221355968812
1,0.9972708858757181
1,0.8844576486693557
0,0.07167518844725627
0,0.06410416701325362
0,0.0929480888281685
1,0.9582696746056236
0,0.04525337284095149
0,0.10322251651947952
1,0.9631696881488261
0,0.0689239660422646
0,0.10320143075914466
0,0.24065966107687428
0,0.1481776615341616
1,0.8412037389941022
0,0.07428387018726842
0,0.45270110483127696
0,0.43343097425624466
0,0.16163370134819652
0,0.23890252105139315
0,0.007967718547520814
0,0.0043788171586091
0,0.2961205054336789
0,0.2679660011513896
0,0.0045097761888452485
0,0.059334865248685226
1,0.8636194768162103
0,0.2432238181474121
0,0.0892914149083749
0,0.37707375735811
0,0.13134248714577645
0,0.1966093360221137
0,0.012896779932098756
1,0.857623160770735
0,0.18296992646500085
0,0.47038848283929474
0,0.4778170923383689
0,0.0058623301808711165
0,0.3129027869978246
0,0.2758656118144986
0,0.2856203990824934
0,0.026110738652720178
0,0.008697258223087402
0,0.27095672766305456
1,0.763982779953222
1,0.633404790873833
1,0.8423487188120788
1,0.9233673388797498
0,0.21658350256407014
0,0.13737801258910015
1,0.7548338041052979
1,0.9999983620577374
0,0.1394932718997385
0,0.07530238104424708
0,0.03769472531694753
0,0.048193362828311624
1,0.8976457716338802
0,0.09269505110602297
0,0.20456901449390608
1,0.5168641132661163
1,0.6479984690441395
0,0.447608273025648
1,0.5455174291727442
0,0.1228119857666588
1,0.5750525810919749
0,0.19096644757101428
0,0.4983761931284928
1,0.6983793168460448
0,0.031682176135794715
0,0.03547394137479751
0,0.14907854361773493
0,0.3815488831894117
0,0.44240014577822917
1,0.7146580031271239
0,0.09938900287667826
1,0.5036375119380855
1,0.6850673871103236
1,0.508049475706991
0,0.062061314406391406
1,0.8999885485589183
0,0.272984933645886
0,0.07036415193310243
0,0.03860160036984022
1,0.8300013118182636
0,0.2802518050072991
0,0.1702411197172415
1,0.899298894859803
0,0.4869309444601348
0,0.022077935242657283
0,0.24474163234079124
1,0.7859744159831856
0,0.0011817880391839163
1,0.9446912879930887
0,0.25370447708639154
0,0.42286519098949704
0,0.18564463896944808
1,0.5930442154752714
0,0.03698770489681474
0,0.018470469298439922
0,0.19562178050829282
0,0.1300275226951263
0,0.18078843808760778
0,0.20054814309060784
1,0.8095448437512881
0,0.2301849268184624
0,0.28353759519808847
0,0.21536368170331444
0,0.03916880299282835
0,0.1513928046698232
1,0.7614170735072803
0,0.37953073217644173
0,0.031148681945254195
0,0.377079412794501
0,0.04414051406461587
0,0.027125073381384014
0,0.07329918347300445
0,0.11185707394579372
1,0.8607594238101192
0,0.1087272275640417
0,0.2712958166298915
0,0.22938269541290993
1,0.6438364448347893
1,0.8147129265762868
0,0.041605546746944645
0,0.0071113482108016825
0,0.049671396787360544
1,0.5809930385978159
1,0.6746581947964319
0,0.3127104255239339
0,0.14940208265146102
1,0.5788863955945017
0,0.10172750939978607
0,0.11481852958981965
0,0.09459789255994143
0,0.3587698672687401
0,0.09598862298176507
0,0.2635678141375015
1,0.7115623529029825
1,0.5823739266352719
1,0.882083226235822
1,0.5792503079965539
0,0.017352783451064724
1,0.5768825552040606
1,0.9610109004423214
0,0.23964112040996757
0,0.1477220259318326
0,0.19961813750764495
0,0.07151169646620095
0,0.07843279082666411
0,0.12139048774459422
0,0.20283798272121206
0,0.22460023404442922
1,0.7249931409423205
0,0.03882411143076282
0,0.27635341030221205
0,0.06473656112177209
0,0.11379717905034674
0,0.06312037910266131
1,0.6896580291053706
0,0.10032371867127274
1,0.5606048006829308
0,0.0011319984934198071
1,0.5771842809175737
0,0.40064037731008495
1,0.8925440924806852
1,0.6729298554305204
1,0.6418660168170701
1,0.5707469355860568
1,0.8779110104522113
0,0.13871140246974192
1,0.7058575702905906
1,0.5345228251439056
0,0.07653419846737039
0,0.4806970578103513
0,0.06043486205222358
1,0.5082213430179575
0,0.3778003524140636
1,0.9600012162401573
0,0.08560040997616601
0,0.19604576028330478
0,0.00036754085373295577
0,0.28161178088233957
1,0.9616235028792587
0,0.006575625914516377
1,0.6634261924544195
0,0.11198796162432999
0,0.2860231952082414
1,0.5962465668992568
1,0.9575414736860931
0,0.2474852798598633
0,0.04107730909844625
0,0.3837887730675444
0,0.2067105821046975
1,0.7395419247495331
0,0.002166612570627876
0,0.19121368037697595
1,0.724352198743484
1,0.5206051149641236
0,0.06786412913287235
0,0.18367949228227295
0,0.013745687576122713
1,0.7136676213171402
0,0.4602420645481438
1,0.5174649156915605
0,0.46976021115147576
0,0.11549508721484758
0,0.4128985733890826
0,0.45022311309573626
0,0.10744719999058137
0,0.36172257613542597
0,0.17613427579378402
0,0.006240762938801842
0,0.20772704930639163
0,0.4421207402853822
0,0.2081247394900059
0,0.21676757360997284
0,0.12435238532086484
0,0.06261402575064481
0,0.08567945597045093
1,0.7762325686388072
0,0.25714161596432694
1,0.9102665346948227
0,0.11476508883557746
1,0.5460469074543354
1,0.5277742331101103
0,0.20777000689082625
1,0.882628404514031
0,0.484175278262992
0,0.11944094525151125
0,0.058226195120932585
0,0.11505429636025875
0,0.3272095657430224
0,0.4398940131400205
0,0.22953985965213455
0,0.31028322110886963
0,0.15544113847461064
0,0.02814883372964592
1,0.5944757622567106
0,0.1875040598700762
1,0.6704097599412598
1,0.8871078577614162
0,0.17165492489613013
0,0.15260015628628176
0,0.46671211316302297
0,0.2291697202782082
0,0.31064819939850136
0,0.30114390066694197
0,0.16519264271021886
1,0.6029700923792392
0,0.14158554473059123
0,0.09269166997776457
0,0.007394177512859264
1,0.5328541469047926
0,0.32865707322598464
0,0.1401604133924302
0,0.21636076863570786
0,0.0025664198307608368
0,0.03437626369748641
0,0.48715895115905167
0,0.004244417132580998
1,0.9712971377289161
1,0.518915154116898
1,0.9678076144342727
0,0.4784219681978434
1,0.6684308852634573
1,0.9311963886624889
0,0.023353464906091866
1,0.8386499979866775
0,0.11690580102522993
0,0.08147218090305204
1,0.7171884186750274
0,0.17301111352889112
1,0.8371330786871528
0,0.07169400903911297
1,0.5211200224283061
0,0.3102635245956667
1,0.9641782995498185
0,0.25810306641004
0,0.2627512549543009
0,0.034310354780581226
0,0.0625887193870131
0,0.27710745419641336
0,0.12168800068660209
0,0.4802832557027983
1,0.7843664113442639
1,0.7218371243333956
0,0.18725733944942857
0,0.15165451133636862
0,0.3462024899896986
0,0.23144270252757332
0,0.1205447525214674
0,0.06916021377091852
0,0.012486233507089398
0,0.1068215711817732
0,0.33583405952392975
0,0.4740884093740162
0,0.44572611278438556
0,0.012974440953726291
0,0.022656929746447438
0,0.27247343294287235
0,0.26297408817703294
0,0.4680203919464407
0,0.11754873402858153
0,0.0760538276269707
0,0.13163362214600693
0,0.3428494942427126
0,0.21925636581172014
1,0.9752850271261374
1,0.5329025516008425
0,0.32172821135240515
0,0.07640995146437989
0,0.18185062207314107
1,0.5491758994413585
0,0.30742959418299776
1,0.5603713296057506
1,0.993011617997259
0,0.03602760239363128
0,0.00861688352031193
0,0.19240388290679336
1,0.9931604877416016
0,0.14140973550177618
0,0.14678385904972924
0,0.18301497542453493
1,0.536556231849701
1,0.9963908389876182
1,0.8138734114615558
0,0.09548468556477574
1,0.6983533237258246
1,0.5854062923801839
1,0.502117101984275
0,0.12710672816272453
1,0.6749103328605726
0,0.001053858417597012
0,0.12885196357774983
0,0.4870563360807618
0,0.13961715666777294
0,0.1757678725354407
0,0.46165562845740504
0,0.2532616310093443
0,0.013226510650575144
0,0.2139488043649636
1,0.9647023044453467
1,0.8630393556796514
0,0.48209358749849474
0,0.14169873207877964
0,0.3313803644724615
1,0.596132903886736
1,0.5618759115758625
0,0.2258825659156376
0,0.34935639926459927
0,0.4492306224075815
0,0.06377054913465952
0,0.0945776973911397
0,0.23335116018462027
0,0.0029644762963234937
0,0.003771622850387533
1,0.9859354228930228
0,0.10863411057084629
0,0.14535672573906214
0,0.07565552557142358
1,0.9578089750517811
0,0.16866425799043078
0,0.11899617024048569
0,0.23247198076027678
1,0.5676304802253562
0,0.2060740226228992
0,0.024713729978998494
0,0.4043379207751818
0,0.47750501749180385
0,0.319923063745438
0,0.015303506805652694
1,0.5717524830415742
0,0.22324006103650337
0,0.24887094262440773
0,0.48487333183618897
1,0.99425660504263
1,0.8873415898725932
0,0.20294893885770832
0,0.07668033794820901
1,0.7971414091252467
0,0.33029235592177514
0,0.07023347552148404
0,0.0024884238590683256
1,0.8063812589256185
0,0.4681371220092613
0,0.2737873934436497
0,0.15018020087403056
0,0.30875068951901863
0,0.23302109803626375
0,0.3314681349999694
1,0.6773487800130078
1,0.9160201122930867
0,0.44232763997958235
1,0.9921842939626939
0,0.2122720579087799
1,0.6031277144235533
0,0.08567404660500785
0,0.08273286317530097
0,0.014295048892178785
0,0.21707344392171954
0,0.16270362655880505
0,0.008563415086485133
0,0.07783510154542062
0,0.002529416731151978
1,0.7853399163261964
1,0.8153647366018767
0,0.36613355660972147
0,0.2512222974091777
0,0.40489527064997616
0,0.01864473397425367
0,0.14043413412436045
0,0.20721578612625133
0,0.30837218894349877
1,0.5672072586049336
1,0.7345543845296286
0,0.370562773934197
0,0.24814986723381516
1,0.6498742738575602
0,0.2084630901227879
0,0.008685064498333594
0,0.11079812631580875
1,0.8365708104485321
0,0.3211650017632685
0,0.09590904996614795
1,0.8818554932003047
0,0.13120757899766042
0,0.0938657345420278
0,0.009706382374663107
1,0.8912769687151938
0,0.020293405452117847
0,0.38777879267584003
0,0.2759295950106152
0,0.48567439605345086
0,0.06951031285139608
1,0.7528377363610423
1,0.764436546188508
0,0.08848068279133299
1,0.7068629155631643
0,0.09500753809717183
1,0.9565989588099256
0,0.2381976278129038
1,0.8499658850312813
0,0.021807261268947987
0,0.24042448019421656
0,0.2159978531749706
1,0.8956149149987968
1,0.7796963616305717
1,0.9812279073716544
0,0.1976640614392393
1,0.7444626494732659
0,0.12490286759844056
0,0.03766274637040956
0,0.08480645792140945
0,0.033154891405198963
0,0.01754925507572131
0,0.05936186567829757
0,0.23477788290359342
0,0.424288681747378
1,0.6249673650692595
1,0.8861413395831701
0,0.0993647014654844
1,0.8975206356744783
0,0.024020524549161516
0,0.4917516372027217
1,0.8239666070562961
1,0.6219059778300744
1,0.5148980229743574
0,0.34115977082149185
1,0.7577204113333136
0,0.2704503378350114
0,0.15151121094566872
0,0.03507463282490938
0,0.33331192722232134
0,0.25605404984159186
1,0.9339909366830225
0,0.05515592503126744
0,0.14128981343036148
0,0.2625107067615827
1,0.5633057890360541
0,0.2696420409472808
1,0.7252937665827202
1,0.6024924315801595
1,0.7435659265568255
1,0.7452385199074696
1,0.6599433738453939
0,0.0007309281792645138
1,0.5229832430263441
0,0.07302405339240316
0,0.21786687768010912
0,0.3086221260541599
0,0.08012270877143855
1,0.8564955802175258
0,0.07867983714611726
1,0.7401123395509853
0,0.34182221695240905
1,0.9988999064799504
0,0.11420810134678258
0,0.1410192389295095
0,0.0649571974529219
0,0.030343731318600863
0,0.13613414661691228
1,0.8625581453429358
0,0.07209141199676115
0,0.33355082825732746
0,0.2931634199324742
1,0.5398893928663433
0,0.46665873166815247
0,0.348232853750995
1,0.545820680113661
1,0.6054419144285178
0,0.015935166560523413
1,0.9178744942311154
0,0.41438735465970516
0,0.43395100248908064
1,0.9501427599508588
0,0.28232520987969445
1,0.9618683340812573
0,0.1896526074186228
0,0.08805540822271533
0,0.10890562964680364
0,0.4150345370653981
0,0.07197134044711677
0,0.10458327332112648
0,0.10546693339304912
0,0.4577385035415346
1,0.9908391933618381
0,0.10881111851924141
0,0.13842871210771937
1,0.5333777264306225
0,0.1934639324721795
0,0.4238554113762723
0,0.1302866925947442
1,0.6401386992676319
0,0.18295903332123373
0,0.022301454449143148
0,0.019682712664279272
1,0.781592230524724
0,0.2970804524627124
1,0.5529077170605664
0,0.4376990768498272
0,0.06929722785191517
0,0.012916005686626094
0,0.4869156854209478
0,0.24531169594716132
1,0.7246810897820132
0,0.011311092292216501
0,0.2617275437267084
0,0.4328423537092934
0,0.11859788831711349
0,0.38041495130073677
0,0.3230664421666391
0,0.09081141667072909
0,0.2003739955376813
0,0.4721773766940016
0,0.05626706233020516
0,0.23821202821213064
0,0.3535565377654774
1,0.7572385058673498
1,0.560216004616099
0,0.025015425409549635
1,0.6605285806604779
0,0.4164850584313032
0,0.4315514732639713
1,0.9957318158798948
0,0.1470810480616047
1,0.5195091726476543
1,0.6861636349911554
1,0.9836072791654075
1,0.8346867669096292
0,0.19573130675405384
1,0.7023819475358247
0,0.011340719968979526
0,0.08718637297230528
0,0.06886460010959797
0,0.2810440842825396
0,0.18757059640650312
1,0.5008445848735218
0,0.22108710033040732
0,0.06921679168278101
1,0.5063561755837419
0,0.4488601572781923
0,0.17955316037542055
0,0.4792885771636525
0,0.45258301107993837
1,0.5455312774111555
0,0.29463854068574435
0,0.08543255346269159
0,0.13725475177030655
1,0.9245737504107162
0,0.022757448900931777
0,0.08205312319566074
0,0.029252337145943243
0,0.10981593599481042
0,0.2808479765364292
0,0.15119555808761895
0,0.34771025506632575
0,0.3757768570719446
1,0.5836756155583689
0,0.034499821963258834
0,0.477371907241535
0,0.1493509488654389
0,0.2506159256252383
0,0.48747314683876597
0,0.18004216108960577
1,0.7577519484121289
0,0.05648991644804969
1,0.5051085024942328
0,0.3590060090840049
1,0.7749416416759939
0,0.14249495574425824
0,0.04716585496695361
0,0.03987231559829661
0,0.04077085056564607
0,0.3520676838260789
0,0.38001504485394605
0,0.06790598502038545
0,0.0751453667825036
0,0.09521795005278859
0,0.4954183210475578
0,0.3379813026464214
0,0.032652458045885124
0,0.09398950392077127
0,0.16148046176330658
0,0.14159349850511294
1,0.8729606798100549
0,0.04807483830765882
0,0.4765250865568264
1,0.5761524034503033
0,0.12650460804483887
0,0.27877971482213515
0,0.08602693492411151
0,0.02120553786177165
0,0.07733566115943685
0,0.12208000675843526
0,0.023890759520394076
0,0.24896882919559335
1,0.7745315432438474
0,0.03588483389073588
0,0.02090958673251396
0,0.3093543899509976
1,0.525202940105814
1,0.713001591217897
1,0.5555699867184944
0,0.1685255180640389
0,0.038434105313912476
1,0.8291431803024975
1,0.6962527104532866
0,0.39371270319679413
0,0.23014490623877126
1,0.5699167363856135
1,0.8332806616741283
0,0.2551478477847432
1,0.6961535073743155
0,0.15474620632080574
1,0.990421742743059
1,0.965690463278189
0,0.1555233841208583
1,0.9996007576585099
0,0.45373257962262714
1,0.90380950059992
0,0.4392593321424816
1,0.8321274183072057
0,0.19973221277873368
0,0.10038638656097311
1,0.6526938387698837
0,0.29727027072631
0,0.20648855933410412
0,0.3095002978269152
0,0.22661188498663545
1,0.9176544907828881
0,0.44643970446161213
0,0.07071665853292768
0,0.07065389287107157
0,0.1624118022307638
0,0.34024349156883105
0,0.19321944225209214
1,0.7037648168409223
0,0.06068727250897081
1,0.5943454825663814
0,0.02443812440598587
0,0.26430716846871133
1,0.996977139274543
0,0.07414704734219968
0,0.12585530959583285
1,0.8163459261434236
1,0.5205051403783648
0,0.06460635579898545
0,0.17506271099900506
0,0.20156987198878615
0,0.03435481700174584
0,0.00922565632428395
0,0.23629605119759467
0,0.34896574743334524
0,0.11142451053922074
0,0.22409483390645593
0,0.21165748603867418
0,0.21069294665285104
0,0.13533531278486197
0,0.46091487316182417
0,0.08299396544282057
0,0.017482553488971833
0,0.4579661088480912
1,0.6970210052131134
1,0.7133966072746293
1,0.5636405320737377
0,0.39082651405406255
1,0.718861449301036
1,0.5091929540990597
1,0.7322422943999934
0,0.1532242154769939
0,0.2137544154257713
0,0.03398195937422629
1,0.8853636734432008
0,0.1281484327180703
1,0.8935541678537464
1,0.6191334488609248
1,0.8186248256919926
0,0.16880650795813557
1,0.5676934252586233
0,0.36798116169818557
1,0.9719195423210951
1,0.8061808126714449
0,0.07858587386314722
0,0.216625884571479
1,0.7075292097505781
1,0.6041001128315707
0,0.41292829125270886
1,0.8799673161641183
1,0.6183576618998649
0,0.05201972755177237
0,0.27380055146083543
1,0.9339818279601894
0,0.031477033100421783
0,0.3590587038638974
0,0.22370185007735544
0,0.19850690694454343
0,0.06666089951960624
1,0.9533974837791035
0,0.2371948648289346
0,0.18346964275262634
1,0.9997429695524711
0,0.49371374148923974
0,0.1997743133425418
0,0.03000750602035138
1,0.6028496223393942
0,0.4729292380016822
0,0.3751462004930095
0,0.14729539924622248
1,0.8166624714677473
0,0.36431567604181525
0,0.43732104206452427
0,0.4561215542262795
0,0.014009295279067848
1,0.6326062109628987
1,0.7787792777124167
0,0.1344817645954952
0,0.10118172509323421
0,0.45916430169475647
0,0.0987316772208468
0,0.22895415833562247
0,0.18764673114945005
1,0.7911379616676051
0,0.4434734218760036
0,0.14507380414024115
1,0.9263341429984523
0,0.10723665031313745
0,0.07350983218921066
1,0.8849952364248946
1,0.962915515612972
1,0.759698767562488
0,0.12026271244262932
0,0.2299496987809608
1,0.5437029075955578
0,0.15980491650521333
1,0.8582283177363973
1,0.6204738959616088
0,0.4720233345876124
1,0.8526639033274196
1,0.7746237998536682
0,0.4007657327725247
0,0.4146531828910146
0,0.011309371359622308
1,0.9656549431607224
1,0.7908909808920309
0,0.2142231561082901
0,0.01110516117469283
0,0.17609899353991265
1,0.7760919486055666
0,0.004910352612081365
1,0.5880526572549271
0,0.48747759779368105
1,0.5276183382551953
0,0.09976761360106622
0,0.10280082974342639
0,0.40288241540689224
1,0.840022111627165
0,0.14865564510515844
0,0.017312436678970557
1,0.7733202216554967
0,0.3655776312774846
0,0.2258282973076305
0,0.047958815333646175
0,0.002092439157974411
1,0.7493512091319711
1,0.5260343448947912
0,0.4930045535038844
0,0.20704937167644583
1,0.9233832753057992
0,0.18913515678406395
0,0.1991120767233311
1,0.7442668644061831
0,0.047379795083392566
1,0.5927075929297837
0,0.0350687094139389
0,0.4279580078842345
0,0.04569872204779251
0,0.3217337367820865
0,0.12540280336948934
0,0.43475675513522966
0,0.08694339882952998
1,0.7669848921933403
1,0.7515905512301296
0,0.4416169634246757
1,0.7310149006966468
0,0.06027415905209896
1,0.9431346589427745
0,0.23535958091728268
0,0.02105979237174361
1,0.7853224474769007
0,0.06071441239508913
1,0.9431906211189429
0,0.24218140501978036
1,0.7052399299742013
0,0.4021136232509021
0,0.09741712804917735
0,0.4730685512405313
0,0.056109800853215965
1,0.9945694353636009
1,0.5137799404848086
1,0.7307488337047637
1,0.608336989943772
0,0.18590352626835696
1,0.5159345348556192
0,0.41554209430359224
0,0.06724489077799385
0,0.23591544435680067
0,0.36911869481861326
0,0.274105668789298
0,0.11547909805517771
1,0.5737416202549683
0,0.11109384703927234
0,0.03293372021791927
0,0.3804563828043139
1,0.6221982991157281
0,0.4774225403695447
0,0.038407235184022795
0,0.005890543558787208
0,0.023349364582029544
0,0.24945953989002972
1,0.5514693144121657
0,0.06030058112622783
0,0.39750840398058496
1,0.6705162317973061
0,0.1763915245134791
0,0.25065624089774863
1,0.9065793085090617
0,0.38444854016813906
0,0.269432266238292
0,0.46050076505161186
0,0.12440243812177447
0,0.24777021696276422
0,0.0865983822505605
0,0.03179948122643203
0,0.14097408812341441
0,0.025293863336343318
1,0.7184395977550527
1,0.6959545378476386
1,0.9445114784308496
0,0.06915163787813135
0,0.07555786772579542
0,0.2980026709391966
1,0.9282964800205407
1,0.9354233730583201
0,0.27316565418845146
1,0.9282282317880693
0,0.3916294212866742
1,0.9989418946647448
0,0.06458411979994813
0,0.13332433196114016
0,0.31274800696118105
0,0.009019161454992328
0,0.02706121909888896
0,0.2439423773764447
1,0.8685123950232815
1,0.940994571016224
0,0.32259903045446936
0,0.45331821942707995
0,0.4518634285210427
0,0.40759053014458985
1,0.9357065206988234
1,0.912009651505409
1,0.6733565596835369
1,0.7472021342975242
1,0.7613784023725311
0,0.2268771608418548
0,0.4092500814123448
0,0.08879228967694769
0,0.2323633611880276
0,0.12568986372811974
0,0.4817258811435677
1,0.9684596297703516
1,0.5147165571400614
1,0.6950801639132135
0,0.28760448336001265
0,0.18687587351217363
0,0.19414333844619186
1,0.7613658597873267
1,0.942919923799893
0,0.3552329828810611
1,0.9266414231494733
0,0.07304989882414105
0,0.07314934946046066
0,0.19950152619232542
1,0.9296482958404463
0,0.1133302651816449
0,0.40123037131333256
1,0.6932840097984697
0,0.3906818186892819
1,0.7437911540947255
0,0.47837287836977666
0,0.4448790903806048
0,0.2599339779466881
0,0.022788725882654046
1,0.7069785523181211
0,0.23615137719332083
0,0.24103430338152018
0,0.041362611371599
0,0.10464623647727678
0,0.3872210343869959
0,0.25354009258276605
0,0.27326658746150256
0,0.16711870582081712
0,0.4150785544672241
0,0.00043871463710644447
1,0.7717795487179481
1,0.7672801667148729
0,0.015543628620598592
0,0.1894538276890566
1,0.7173675502717868
1,0.8845278572251551
0,0.46623787748905027
0,0.4758975795414956
0,0.029724130703151996
0,0.29206835086921173
1,0.5897512866032547
0,0.03843089508301854
0,0.22405416380099666
1,0.916602455577362
0,0.18866618762343773
0,0.11422301000081342
0,0.1267756168065053
0,0.35567087494764305
0,0.2561171199422102
1,0.9203271204610309
0,0.493113122517837
0,0.030807099109630493
1,0.9566781515989418
1,0.6280786377665586
0,0.0954142843265549
0,0.07409282164544638
0,0.0016355444275800066
0,0.438753987104435
1,0.9474569172139918
1,0.7222853456319206
0,0.25280213177941235
0,0.12895033148430776
0,0.05255124052307314
0,0.12297697653879694
0,0.16566485644442333
0,0.11734317082913678
1,0.9179384215341798
0,0.22934715989425666
0,0.3325005794909639
0,0.4138933667158237
0,0.01264239189150056
0,0.3137879606176815
0,0.18092091791817794
1,0.558798585936563
0,0.14441082677964026
0,0.1244460767574966
1,0.8926320306234261
0,0.03125669835740623
0,0.08354621206363627
0,0.046913133273101
0,0.23928941709876184
0,0.03347945808425128
1,0.5778189458201985
0,0.08555512792082437
0,0.049215445505592106
1,0.743502650475719
1,0.9976491180778883
0,0.16364349187815933
0,0.026100775413058414
0,0.18281118867414728
0,0.38926927029034675
1,0.5894312468020907
1,0.9749505093282214
0,0.06042512780711354
0,0.4951695913140774
0,0.362778064701067
0,0.038676892825986464
0,0.000963029063733171
1,0.5404523813374098
0,0.2733978811315718
0,0.08191979200653524
0,0.15537645222616817
0,0.02548513016039787
1,0.917085374744386
0,0.3408460047648794
0,0.35062610756680984
0,0.13712242116880444
0,0.06924566491908722
0,0.40357677197114356
1,0.8595561690811281
1,0.9716122015727854
0,0.17060385072245657
0,0.447219681142199
1,0.977269605528203
1,0.7399026052375717
0,0.1377107676821778
0,0.045243024332081605
0,0.3214014723285472
0,0.02907367203548335
0,0.4053495474231157
0,0.42680505541148567
0,0.2198417284358057
0,0.029671250317350094
0,0.0015894078569927118
0,0.026482165452789447
1,0.5328084006188185
0,0.2679305739644539
1,0.5215561828422562
1,0.9525049107984043
1,0.665815419006936
0,0.15281070485968903
0,0.08802657128576971
1,0.8971989647200863
1,0.8239006535082796
0,0.0012580865573404592
0,0.3435014945402203
0,0.023912358542007038
0,0.2661596214963105
1,0.8625246553611986
0,0.09295410996041174
0,0.01387773479854626
1,0.9595894611606554
1,0.9718300183445415
0,0.043580704961735564
0,0.20623926016942454
0,0.0013976235022426804
0,0.024854161830617404
0,0.05869059590153502
0,0.3133598857252241
0,0.21817269340227072
1,0.6828171476058335
0,0.2693000366608938
1,0.7908242648668405
1,0.7793556370643671
0,0.012471904943531658
0,0.028905876320693216
1,0.9545102600038791
0,0.11295784984531237
0,0.4452940341997718
1,0.6789318890454629
0,0.032812484409222006
1,0.8769796980436021
0,0.026232610729101984
0,0.13642013659408167
0,0.2254786979386565
1,0.7593813030931739
0,0.02088823044431561
1,0.9361798450733924
1,0.6796715354804946
0,0.4884558850029669
1,0.6771494198528649
1,0.9832261314100261
0,0.11532173130488554
0,0.10583448623072568
0,0.18505147372505526
0,0.39719527514253006
0,0.31073427740061693
0,0.19211298744738706
0,0.34481805400676685
0,0.4456062210644151
0,0.1849124370803013
1,0.8713891275975842
0,0.40860601758887516
0,0.06333671321196337
0,0.029190901591819952
0,0.20338156259764034
0,0.22773471562268732
1,0.5432396965297377
1,0.9614725074649709
1,0.9222907392146191
0,0.1979128699970887
0,0.11079624555994777
1,0.8451624478683412
0,0.10941503143859738
0,0.3325422508746187
0,0.04278731096474461
0,0.21570940566313268
0,0.106384881856618
0,0.0043699533706734505
0,0.16324563959530675
0,0.2214018675426576
0,0.01140994243109776
0,0.24362353052232805
0,0.16309800792973744
1,0.626783808601327
1,0.882965334812579
0,0.39136685119757497
0,0.43275536429733313
1,0.5730594790578719
0,0.21306814907052404
0,0.23146494692347114
1,0.8899987927763959
1,0.7178272310286566
0,0.24956882451296064
1,0.5948191891687825
0,0.051690729583615716
0,0.4278315984860253
0,0.23381818369737506
0,0.19872466304268882
0,0.47566528152714355
0,0.13956501325400614
0,0.38768222332687474
0,0.3529314395705785
0,0.17017671290424494
1,0.5526346310850198
0,0.1878902668721823
0,0.0323645100668233
0,0.2794711475044191
1,0.7451391120999175
0,0.22083870443022816
0,0.21843808280588747
0,0.3746345607429509
1,0.7303275757284868
1,0.5546285496805293
1,0.672630010114401
0,0.4993681228636445
0,0.49453361645330746
1,0.5516388741514133
0,0.10112750047467915
0,0.43201323489394866
1,0.6863243620567921
0,0.015351494607907343
1,0.8534417177259732
1,0.7840159594728904
0,0.2588631966876146
1,0.55135323896987
1,0.8885195773628526
0,0.29967625229024536
0,0.015941147953861284
0,0.2303651497961798
0,0.366607548968235
0,0.43226027036788445
0,0.21660709366562048
1,0.7362154661700301
0,0.0650402415189251
1,0.8665082173492604
0,0.03959146111115541
1,0.7536621936727214
0,0.1802538101438167
0,0.03699107106160678
0,0.09721715569606153
0,0.28118914451075216
0,0.013501657079833678
0,0.11126351331136584
0,0.02313372259052851
1,0.9675620807044452
1,0.6401549986331421
1,0.5520654867539136
1,0.5365098354696707
0,0.13581835981381
1,0.579625346929698
1,0.8516918742427007
0,0.07738948532735594
1,0.5123695806551435
0,0.18297443352738546
0,0.028169689189232038
1,0.7144425746013572
1,0.9345841567733992
0,0.004828650467556222
0,0.06324363507515822
0,0.4912963591191646
0,0.003541479223588947
0,0.1093627849885298
1,0.8594375554208727
0,0.0766252609427589
0,0.08098684323262784
1,0.9444574033679421
1,0.9488853627778553
0,0.21864226915262297
0,0.30613333619905275
0,0.2626388957720044
1,0.5722351010693886
1,0.8767529418387217
0,0.46709505714992333
0,0.1678172427375593
0,0.20494132821740924
1,0.6692259954322712
0,0.3267491607863188
0,0.03559471112135323
0,0.03206570343265539
1,0.9429667773947853
0,0.062429545540726786
0,0.32890185085735724
0,0.2644059260512929
0,0.10965053144901929
0,0.3892734995337082
1,0.5461641811911676
1,0.9342330667477983
0,0.1360781109585809
1,0.5303881442918287
0,0.06654779089767043
0,0.4069863309948847
0,0.172166158564329
0,0.030492624681783286
0,0.17543563030546958
1,0.8836649427512414
1,0.9587134537881211
1,0.5293445976686386
0,0.3812500171710658
0,0.06102911623086388
1,0.8489181814883812
1,0.7140285297427194
1,0.8082002890429927
1,0.8799075096949766
0,0.0011112310537299385
0,0.13519572231005722
0,0.22863108613167613
0,0.0928939927505037
1,0.9189173736231712
0,0.14517803064812654
0,0.13373539351864264
0,0.027212033208771802
1,0.8847316604228656
0,0.21892138118760315
1,0.7067247244953562
1,0.7190569926458447
0,0.4251721190940273
0,0.03277314744800124
0,0.3652944436648364
1,0.6705947581078093
0,0.016832501599415333
0,0.18834817628043066
0,0.2480098786516243
0,0.4611648002097993
0,0.0058887801018041724
1,0.8115661377184472
1,0.9451416231287183
0,0.19139687940369246
0,0.01673980768399374
0,0.25316273251987886
0,0.011668078408319973
0,0.05310433143322718
0,0.379992751890585
0,0.44773344802243353
1,0.9242441250211455
0,0.4786919195329403
0,0.4586786297290754
0,0.131893697782978
0,0.1555544119147201
0,0.4577844851396977
1,0.6177325962842397
0,0.2321993267662255
0,0.03027496620005844
1,0.7565333492996245
0,0.15782744811733235
0,0.21067630390617992
0,0.14455331464031201
1,0.8594590100499556
0,0.06464024042307095
0,0.14393810353822167
0,0.3573414607521928
1,0.8716326509819248
0,0.44853066571595973
1,0.9074335780628978
0,0.3761506651397976
0,0.2542021464579571
1,0.7178290007881127
0,0.08528621949384256
0,0.12372789364111353
0,0.22059585463574527
1,0.9889130377567001
1,0.5148107586256376
0,0.2933901885187653
0,0.14822617504846836
1,0.8353157431995798
0,0.27070442131614864
0,0.051801444854233304
1,0.5959337203061665
1,0.9759375669100406
0,0.37139747517570404
0,0.27467768176416374
1,0.9243165776495142
1,0.9074390313447693
0,0.25278717269952644
1,0.752472969805103
1,0.6416971437693558
0,0.04584417265036255
0,0.1189889244618368
0,0.3480738311505266
0,0.25181924120729765
0,0.20355519260645127
0,0.46325842919379256
0,0.24841414057550734
0,0.2625842806320614
1,0.795359186708492
0,0.34349127809131746
1,0.7627922800483145
1,0.5342946538831223
0,0.432024930099051
1,0.5756916494119344
1,0.9306694188449588
0,0.004237026101345191
0,0.004667577154519951
1,0.7111784137517886
1,0.6226543075947589
1,0.5032932868521792
0,0.29970274547706116
1,0.7293680048420025
0,0.23259923492191945
0,0.44041944659264387
0,0.3587760396420845
0,0.08851729333972755
1,0.6739262393820801
0,0.4920388084463383
1,0.6983868903458744
1,0.5505979378743279
0,0.09757920755540198
0,0.11661672134140427
1,0.7069339604613302
0,0.04245989126413256
0,0.14155565960979735
0,0.29346009519217153
1,0.9517618311353567
0,0.09843625425291987
0,0.14934330609823748
0,0.007730212650420107
0,0.06535078977779261
0,0.2378277845532193
1,0.9278339487011021
1,0.5055907530231042
0,0.41388005574565034
1,0.6122064551627802
0,0.019395751876971633
0,0.1911937516742198
0,0.12377634457388473
1,0.975631991716454
0,0.18656001088743068
0,0.021168268766737587
0,0.3049533845131317
1,0.8704429734346326
0,0.05678019251121401
0,0.07145960973956081
0,0.06740843643889147
0,0.057687321400953395
1,0.7829612579925449
0,0.3520582858664648
0,0.486226758359848
0,0.23662487436661275
0,0.36137514663438797
0,0.09111337232744181
1,0.933998207526677
0,0.25649671614200936
1,0.6301595408594866
0,0.4817007926636686
1,0.8882053884483778
1,0.8743231512000864
0,0.021166719369049774
0,0.08338938888833689
1,0.8543826094437944
0,0.23554092318529812
1,0.8152308872651282
0,0.13100599388858256
0,0.00639166836756691
0,0.12137171032167034
0,0.33565627124152625
0,0.015061358390096565
0,0.07197589576389864
0,0.017407974121862048
1,0.5223761750943844
0,0.08989516019845462
1,0.6806933092283385
1,0.5168616349065224
1,0.7602380577085359
1,0.6795067076763639
0,0.06958532614088593
1,0.5823382172006403
0,0.33466289932805465
1,0.6016680269827526
1,0.5814701560213846
0,0.0018507961767965527
0,0.2366396829270643
0,7.507205633264122e-05
0,0.2393886888241482
0,0.16004977840921453
0,0.21005870285985437
1,0.9593578191174779
1,0.7832619894541221
0,0.013757501973206371
0,0.3763485600222271
0,0.01875953760967306
0,0.00847129974569514
1,0.5025873721974334
1,0.6747482066135253
1,0.8198399917207603
1,0.6648171817344994
0,0.004080165657492601
0,0.16109860821596703
0,0.22040715134269545
1,0.6198620205252168
0,0.06888954080534249
0,0.0383775453903282
1,0.7137797284944825
1,0.6981034020427583
1,0.7778170768474968
0,0.11323150850680302
1,0.5461393250284983
0,0.3411868055796116
1,0.9875423934890305
1,0.9347851142149366
1,0.874569855528755
1,0.9224798314429375
0,0.24316693323832367
0,0.11539080827289608
0,0.354032674467359
1,0.8996007079677076
1,0.8935007199439028
1,0.8156235863003651
1,0.555935470015236
1,0.6808637621179507
1,0.528084130317668
0,0.05104677286936817
1,0.9098155685667118
0,0.21762380672176926
1,0.5624247593871508
0,0.1080669309158718
0,0.06454572332321613
0,0.2357922698986314
1,0.7215986161507338
1,0.5136496198216305
0,0.3129739443878301
0,0.45893299224391504
1,0.8305589227501345
0,0.3408592361539886
1,0.892714546408788
1,0.9522720357191907
1,0.7391539605296622
1,0.5885610896201603
0,0.4234175576647858
1,0.5324455482608051
0,0.07872402847034782
1,0.6744768717847521
1,0.9429452729613559
0,0.0513037915909679
0,0.005442557054416371
1,0.5685217784749439
1,0.806691504643421
0,0.42992071647469404
0,0.11314699077278746
0,0.4508969119035064
0,0.1991120126238141
0,0.22354698063615017
0,0.019882996119742837
0,0.18719638584936707
0,0.13736991650282773
0,0.1372524931571239
0,0.05350515312794357
0,0.15233083147873708
0,0.02746814760350415
0,0.47406876909485607
0,0.005775036302551982
0,0.006233119748482522
0,0.06837035913699722
0,0.1094327129867022
0,0.3758310793641758
0,0.22151868976452221
1,0.9681367880773243
0,0.01659171234024524
1,0.8451910910949263
0,0.3779579344208599
0,0.06200291458578924
0,0.2667282741799716
1,0.957986172667384
0,0.31363925104845924
0,0.02449359436717467
0,0.0295730579311772
1,0.5374903174643978
0,0.4275799115097022
0,0.10468123778916048
1,0.988797852939069
1,0.7468880526346501
0,0.1364714993087093
1,0.9587477625350842
0,0.028901463341760997
0,0.2572603238552923
1,0.7559168446626103
0,0.2242620939610984
0,0.15040346536933258
0,0.3388445149945735
1,0.939154847930205
0,0.38287843592178566
0,0.378925605910661
0,0.1808799363356158
0,0.026624986834590685
0,0.26928016935989657
1,0.849515634494933
1,0.6869778156128755
0,0.47824175643129385
1,0.6027861540789528
0,0.16435987266976226
0,0.004581483609141666
0,0.28170095567788744
0,0.34662855882680127
0,0.000720984931878597
0,0.03275600266078856
0,0.42517408403247947
0,0.23749003058479018
0,0.08380772226391371
0,0.4315918519888288
0,0.23205365538977968
0,0.34095469463305494
1,0.8033928554334283
1,0.5186416051403452
0,0.07537043672735318
0,0.023976169138103753
0,0.34772763615135394
0,0.12533745888547562
0,0.07649960837345059
0,0.30922776712158173
1,0.6186279683807718
0,0.0008805354499239515
1,0.5311183478445017
1,0.9718473970076874
1,0.5830443873759793
1,0.5968347798509571
0,0.13566294501893839
0,0.10091081156370639
0,0.4802372257808547
1,0.6171016553450893
1,0.7930574440483179
0,0.0036073572902186493
0,0.3470405841802639
0,0.46442508618513906
0,0.17306247724397184
0,0.2635951792966813
0,0.09196862098337322
0,0.06870197514647383
1,0.9573925327664664
0,0.013005185372178136
0,0.06113563225221018
1,0.7746921622929241
0,0.16486852253801287
1,0.5755688971931984
1,0.7954116098281496
0,0.09373353575607613
1,0.5167503002470376
0,0.05128189234628014
1,0.7026411025200302
0,0.2208306549346669
0,0.4152676420676329
0,0.08156272507027292
0,0.06853024504010888
1,0.6122449086818785
0,0.26720467131906583
0,0.19675774690857809
0,0.3713545467026762
1,0.785710584880558
1,0.5108397514515777
1,0.999675415052058
0,0.023049199585276094
1,0.5587516790987788
1,0.9262042914875818
1,0.7294010611253213
0,0.20963783859716087
0,0.2549212563933998
0,0.33985203297744915
1,0.7171568646284964
0,0.05203108417837911
0,0.2703349977654769
0,0.12341080848820182
0,0.009164260709745372
1,0.5094625404115481
1,0.5631296653007541
0,0.17312516446494527
0,0.07826605436859055
0,0.009943186259468774
0,0.09707049753716433
0,0.4729586922815462
0,0.3297089692482271
1,0.6467868486415709
0,0.06367471053800483
0,0.25476801026831664
0,0.48232162276326224
1,0.9608023976281468
0,0.3550675403167564
0,0.14432722191435962
0,0.08986783243504196
1,0.9637303398916605
0,0.35499850933902216
1,0.7680760425848008
0,0.002845816769454788
0,0.3273911327675232
0,0.05457423618954875
0,0.311743954240527
0,0.32425413292839533
1,0.5315582802311255
0,0.35365441597990455
0,0.40075280920065987
1,0.9998686949637133
1,0.510305003743846
1,0.9544477147954077
0,0.21248712891774235
0,0.1728532210551625
0,0.019343109822738538
0,0.25568244962864756
0,0.14123417285974155
0,0.08975110990135263
1,0.9290085184459109
0,0.20264963462436655
0,0.047916847921764524
0,0.1385527567900475
1,0.8039604875781026
0,0.3252600169573287
0,0.4280240927737451
0,0.01065773540557
1,0.7753265884285186
0,0.3158443474384406
0,0.1506828831790186
0,0.026616893711429262
0,0.4152724032005377
1,0.811407398754708
1,0.8137892740640948
0,0.09913869317196693
0,0.14486267185396107
1,0.8005035321839477
1,0.7448617189951757
0,0.09612165646489013
0,0.25461210214459074
0,0.22067366582376827
0,0.16424783851251143
0,0.14738014184244033
1,0.9376945427133
1,0.5443048446275289
0,0.04028527782649245
0,0.27079613337985986
1,0.9011384231166599
0,0.23902521630759171
1,0.8092627814155566
1,0.9065529167068731
0,0.04416144456031626
0,0.24676836356862694
0,0.001202246952861698
1,0.6981746865447381
0,0.2123403265903507
0,0.26349144523385637
0,0.4018415005979725
0,0.2928029948028465
1,0.6806795931446931
0,0.07710098045677058
0,0.010355906729565422
0,0.4586895702093797
1,0.7995060517174823
0,0.06163058969262189
1,0.7438733079643246
1,0.876025128340455
0,0.1723648278725742
0,0.02954152966800983
1,0.9923577587763294
0,0.037865353092380934
0,0.14271074547909873
0,0.3005274861780655
0,0.13802616809618323
1,0.9364488926093172
0,0.3888391493637389
0,0.35823830350416663
0,0.0680602256390054
0,0.08881442472930216
1,0.9171548179434936
0,0.02208093303252246
0,0.3153363751198857
0,0.3615360685159861
0,0.06390995483391407
0,0.0820428328530065
0,0.004606521371884702
0,0.01054145079423153
0,0.24049767339985645
0,0.3959629726460135
0,0.21032377970789817
0,0.36525152744833644
0,0.22709469832047444
0,0.2218059481642407
0,0.24463035118200113
0,0.11674533156231126
0,0.2526134493440002
0,0.057008374265561414
0,0.10380556059649983
0,0.051662631162447556
0,0.37966625193194964
1,0.9296491843479447
0,0.12851535131167777
0,0.10507207932995738
0,0.0764733235478609
1,0.9603367058945725
1,0.603064276262697
0,0.017149364161694207
1,0.921990327611565
0,0.015671869184776772
0,0.018839227132057774
1,0.543060126624483
1,0.8869848553237643
0,0.008331096426089094
1,0.622092851278377
0,0.20541144416951948
0,0.32727850959314936
1,0.936703418576689
0,0.024784616755283494
0,0.297028852462149
0,0.0898752632902626
0,0.18048979950399283
1,0.6296744169003684
1,0.8493287581118695
1,0.8651500786611478
0,0.1888086770965282
0,0.24313721268949895
0,0.030437570451200456
0,0.029330275029944248
1,0.5771296063306813
0,0.09312592919796354
1,0.8781848275047033
1,0.9982485407153957
0,0.26216153311552987
0,0.17263019555824388
0,0.08761324964223409
1,0.8146474940026639
1,0.9957065864283529
0,0.0075875089971146805
1,0.5390162579699836
0,0.2482665422560484
1,0.5672802586578686
1,0.8755868998322266
0,0.2195897513186653
0,0.09645666163622253
0,0.18718662649620302
0,0.13434363156179238
1,0.6603119917113011
0,0.046360344919930865
1,0.9840309111099429
0,0.052193083219242674
0,0.0047382025995894705
0,0.15602600786576
0,0.3670661625918051
0,0.01220937465098062
0,0.15630784892422764
0,0.009091876950572769
0,0.3786592279959706
0,0.40859539731822586
0,0.04400534086501753
0,0.21303276263735785
0,0.12344517025712161
0,0.27042387322521755
1,0.8909120639722572
1,0.8962309374610394
0,0.4289101360531951
0,0.42308649718165364
0,0.02766681450068735
1,0.9362424817764675
0,0.0423626099060532
1,0.6542250274279658
0,0.052033596821800775
1,0.6662012755030423
0,0.26398445841974566
1,0.9745915509619469
0,0.08593042623782676
1,0.5588396390576992
1,0.9429170128719218
0,0.3168721347184007
1,0.7663811809165884
0,0.3587331487721641
0,0.09923057702883718
0,0.25981981614202226
0,0.3514656894039645
0,0.172194412949637
0,0.2779333974089645
0,0.3680033001737033
0,0.14419561678366588
0,0.48715086531029683
0,0.20373948671482803
0,0.010951838304774074
0,0.3834789761614533
0,0.2508279054242035
1,0.9085407174017759
0,0.06940768225975964
1,0.7737693553963537
0,0.05195318515719096
1,0.654862678213167
1,0.9069209894163606
1,0.7603326429679756
0,0.2637820578895433
0,0.07238586526267103
0,0.4497164311898831
0,0.4710926898084478
0,0.15177330549470167
0,0.09740243307969813
0,0.059882692586719896
1,0.9993309045738383
0,0.47912011434849594
0,0.0001700904586565011
1,0.6181225176947709
0,0.2106261816002519
0,0.2715149671391216
0,0.23965232630517155
1,0.9059314635119398
0,0.2394737402308921
1,0.9238252344028857
1,0.829228759094695
0,0.06440693983530422
1,0.9462459970474679
1,0.9284754322905461
0,0.15309835582593612
1,0.9404249678094848
0,0.06741135128651937
0,0.09166151030119937
1,0.8406319761416933
1,0.8810803664960924
1,0.7811609991748479
0,0.011107861052763748
0,0.3918393210606732
0,0.26043046705447914
0,0.00012816931992856172
0,0.08394295782858006
0,0.3843722307470169
1,0.548921471414266
0,0.1474859873632908
0,0.10065010784415113
0,0.15286551953970753
0,0.33581923569494565
1,0.8110811240445412
0,0.1122213013996495
1,0.5357786515981664
0,0.00039714706351110413
0,0.2265464256502102
0,0.03857156247230205
1,0.7542510120268728
1,0.5234644585847433
0,0.04400048356254351
1,0.972765983015874
0,0.13032673131093542
0,0.0003222455798892724
0,0.03172079129827139
0,0.04295394009409615
0,0.20730047032236285
0,0.4117805671829046
0,0.05922724628062686
0,0.002880334371174154
1,0.5779513921322914
1,0.8673643472640012
0,0.05469219102471227
0,0.23257886182810325
0,0.4694981952614511
0,0.17557009215494995
0,0.4393924344841616
0,0.1679921066597623
0,0.14965116856038232
1,0.9849360544351554
1,0.864615772305353
0,0.1482592743810648
0,0.21702225566627495
0,0.3847299226911228
1,0.6635545746793595
1,0.545851452457789
0,0.38518735002835536
0,0.4147782839924035
1,0.9860891653674893
0,0.06525047283112606
0,0.22650836971883948
0,0.22822879795998638
1,0.9891152067531164
0,0.03524863495604888
0,0.21975270001941255
0,0.05746592830650242
1,0.709299977262117
1,0.9857667608489298
0,0.28121952265642325
1,0.7872549216931769
0,0.05471645332498034
0,0.26603761181924035
0,0.026612649729915682
0,0.475326877469211
1,0.7469621809131483
0,0.4288936538226476
0,0.49731532652690763
1,0.8254571597607697
0,0.12463830824300796
1,0.7241605361459384
1,0.9707113381907515
0,0.02929025412945878
1,0.6115619022105377
1,0.8259827563535362
0,0.46816027737219734
0,0.3423405939020516
1,0.713302493201141
1,0.9941674210741902
0,0.12070704400305342
0,0.016440790086739904
0,0.3164916707258052
0,0.19877548367909467
0,0.18915248657464545
1,0.9901732045594588
1,0.5832675653475283
0,0.3268926496182937
0,0.08185681535735558
0,0.2300607194067748
1,0.7907555148307286
0,0.3113048585437371
1,0.5237937853522333
1,0.5933762766895779
1,0.7187926348520217
0,0.11783727175361622
0,0.45794409744454845
0,0.16974088284848676
0,0.4553932879960017
0,0.002369966490791845
1,0.6356906993599017
0,0.23634327201427813
0,0.12881663224740694
0,0.0881476079555237
0,0.2896432803738597
0,0.1689827242535546
0,0.4904888960985376
1,0.93330100942233
0,0.48358817811842
0,0.10107331346127395
0,0.2656650734143018
0,0.2223666119648983
1,0.5519724144768631
0,0.3158128738071371
0,0.010404197170480781
0,0.16731300344768243
1,0.5839480400525385
1,0.7317226052576232
0,0.18742188869644846
0,0.09604332385725703
0,0.3444097220560256
1,0.8691375070532763
1,0.9999999995759667
0,0.12240318210686384
0,0.46153960759830087
0,0.42711881188758327
1,0.8428634089187633
0,0.03563661607947406
0,0.4948226448145009
1,0.5051228000218673
0,0.22380255719685946
0,0.029204173361152358
0,0.41784494071468786
1,0.9278899605139139
1,0.6130100922058553
0,0.11165147373925345
1,0.5959310223126667
1,0.969666091854971
0,0.08269330677299189
0,0.37072307075532906
1,0.9755482984433421
0,0.011892210754950635
1,0.7293831628879535
1,0.9143427177528304
0,0.11322631345360587
0,0.2619912812321975
1,0.5221952988624423
0,0.3608802325295869
0,0.16924650633972071
1,0.5780832016855263
0,0.4437483833768335
0,0.04244983680760308
0,0.14186027165040108
0,0.1259901685578627
0,0.35199296800409546
0,0.01485952779617301
1,0.8128138500429836
1,0.742639128411405
0,0.3188193414544108
1,0.5923016812586233
0,0.2211463946815847
0,0.010665962711622897
0,0.17768537426090134
1,0.808560155283153
1,0.8413961003063395
1,0.5947291821854062
0,0.015059134384044876
1,0.9750782961735908
0,0.1779517921209472
0,0.37095087152177386
0,0.04922440208882271
0,0.05008203640224659
0,0.30278665110832376
0,0.0031117669177639813
0,0.05939617583072684
0,0.1687148325274641
0,0.2645332831092049
1,0.7996480079769206
0,0.1744767824623619
1,0.9002264303588767
1,0.9065889361807866
1,0.9978237931975509
1,0.9351540533466072
1,0.9186900384728465
0,0.0728100366902279
1,0.9605886824492013
1,0.9648738974674842
0,0.2435680949913884
0,0.016688397464433503
1,0.9081798724030701
0,0.19020059757556243
0,0.35572226008675617
0,0.02807298201279279
1,0.9898331061207132
1,0.6489386431804525
1,0.5464122877481173
0,0.43256679166206474
0,0.10041561812097081
1,0.9929306588954179
0,0.4882647274785416
1,0.8215632008437079
0,0.08140800106720798
0,0.02526353038105383
0,0.2551824869832749
0,0.01904408204642283
0,0.13773963186233887
1,0.6611236648987017
0,0.01410722597770562
0,0.4590779807279859
1,0.8765071386954805
0,0.4548764499442047
0,0.14126858149164784
0,0.2831791338241491
0,0.1057975139477064
1,0.6601881702882457
1,0.5153101095146684
1,0.5243750518290664
1,0.9842328907573187
0,0.210072796214761
0,0.4522126859137019
0,0.16804258096890956
0,0.032568701427713086
0,0.3829521393713789
0,0.47944496271184356
0,0.4064554377035256
0,0.41477324356906714
1,0.568765459677827
1,0.5133905490664992
0,0.20223801564010602
0,0.3314681349999694
1,0.516609326043255
0,0.019975562607100608
0,0.43730032276060626
0,0.2582615564532075
0,0.1988312490443567
1,0.8793665137106972
0,0.450756264548376
0,0.0625496548925565
0,0.2140725096850782
1,0.8812329324249853
0,0.1851852665187367
0,0.06632136998665653
0,0.01601745847371746
0,0.2979761756387188
1,0.5283750237842245
0,0.06501656840754988
1,0.7423906008831135
1,0.9874410251165496
1,0.656801808021107
0,0.12451607133021168
0,0.06107008242413035
0,0.1378443435828002
0,0.1903810124635184
1,0.6401881993926717
1,0.9877053298214856
1,0.8416250209950095
0,0.47072161600413653
0,0.20967577066449467
0,0.030566789720029207
0,0.3201519802740769
1,0.5168050166021508
1,0.638944856852773
0,0.44420185380476535
1,0.6512548761500478
1,0.6213056575300536
1,0.8541003944225632
0,0.08950295552641112
0,0.07844354434145019
0,0.3245452323541545
0,0.027383993809921542
0,0.19398692100545686
0,0.07780686159914542
0,0.06674263630865306
0,0.12641368751884152
0,0.43914411111490953
0,0.12346610222673014
0,0.10413786864402803
1,0.5332329387461475
1,0.913978843673758
1,0.6545853184283058
0,0.4525443320903865
0,0.028557613453708355
0,0.08038403476505915
1,0.8759666734626023
0,0.028769829500227453
0,0.4293642522419924
1,0.8539499949325443
0,0.015914510157990797
0,0.2902950510512552
0,0.0015362557008543548
1,0.8750102979246248
0,0.22989610307098224
0,0.41309429703428
1,0.5369497117028366
0,0.10455454685758138
1,0.5240351861773342
0,0.026374663043615784
0,0.00508422783496128
0,0.31681444350435245
0,0.05839256013939321
1,0.5759245227285367
0,0.0922624369836064
1,0.9580529197687851
0,0.15447533682005463
0,0.22162359901041087
0,0.05637310751166445
0,0.0994118107676328
1,0.8055470033453038
0,0.414213169376023
0,0.3243809778635548
1,0.6635042074920667
1,0.9342651269811396
0,0.21926519965889996
1,0.9675219659512196
1,0.9331777085234564
1,0.9419471535421421
1,0.9855886716803788
0,0.03507085171601162
0,0.3721543495373584
0,0.3711071549862695
0,0.2581335666718108
0,0.21923270781102988
1,0.771481734822967
0,0.4976226187211958
0,0.10467190060512359
0,0.4910279544980541
0,0.08249874776836363
1,0.5354402976471773
1,0.8194110008408256
0,0.2346234248500056
0,0.045364781960377284
0,0.22719161603167376
0,0.41079627193607
0,0.06398306847344219
0,0.3045504034797506
0,0.16945893188601344
1,0.9272372023949346
1,0.7023371817618912
1,0.6305461807693851
0,0.27406757993874925
0,0.19368644422399967
0,0.43182487878641623
0,0.11999604310331016
0,0.08841143006176183
0,0.11509528420337518
1,0.9676951104711708
1,0.9068229015471426
0,0.3992979118110674
0,0.021276674990185283
0,0.16107729488278594
0,0.34000044892063386
0,0.1331795363851634
0,0.00234230437039608
1,0.9451689569625236
0,0.26367442253111184
0,0.29894012719954177
1,0.9950830133963914
1,0.9020121566067347
0,0.2004618950615893
1,0.9657311073743878
1,0.8863440862557466
0,0.205071094534661
0,0.3169163198060915
0,0.006306979915843207
1,0.8941517065883092
1,0.6325705360751291
0,0.032799298678488464
0,0.4001637278711731
0,0.21709783176485883
0,0.3033371674231601
1,0.6126590427072813
0,0.23939823874418567
1,0.8070297318638279
0,0.013337537383407698
1,0.9953325038340073
0,0.003818445098953254
0,0.18213308902793332
1,0.8594975202488794
1,0.6812239212028013
1,0.8038004670131421
0,0.07351789034470871
0,0.1884568867911077
0,0.20347887352264138
0,0.005613744171647776
0,0.06970649543074169
0,0.16660319031705337
1,0.5670072435804614
0,0.20750415002637163
0,0.43525978247376834
0,0.11918250044780956
1,0.7822704712046021
0,0.35386256640370994
0,0.44762275202047286
0,0.058243682661128074
1,0.8349697017759604
0,0.019671700324411377
0,0.04671914170027441
1,0.7771058090335504
0,0.020798891251926903
1,0.7188890718815957
1,0.9557201477530747
1,0.79404421778706
1,0.8574487106103281
1,0.8418351204758214
1,0.5951063382013043
0,0.08363730223776794
1,0.9380589840271912
1,0.742443889797011
0,0.4131496680381478
1,0.5060056339230139
0,0.15682526472707214
0,0.12234236991550328
1,0.6476471415015427
0,0.09690645485828615
0,0.4195341942392958
1,0.974165336984486
0,0.02541902598243533
0,0.14038739316866258
1,0.5333592780354741
0,0.017841588019542526
0,0.09606400028974411
0,0.17941623076102364
0,0.011794052682766691
1,0.6102193875798608
1,0.7390632143209477
0,0.03999110310228125
0,0.15930438761014037
0,0.13072954916614962
1,0.9186725794883145
1,0.8256265512877994
1,0.6137773264163794
0,0.011574947568804712
1,0.5485831275999391
1,0.5927368710701865
0,0.00323931872480166
0,0.2540957248155385
0,0.3894279746473128
0,0.1804688484282183
0,0.2845405446218363
0,0.3977255161410558
1,0.9341502588782122
0,0.21233721447533532
1,0.9209715719329757
1,0.7492815875983306
1,0.5907472304070893
1,0.5184743817700262
0,0.10890151365140266
0,0.4512941063577153
1,0.6081681266092898
0,0.2136719813476375
0,0.4126914878965847
0,0.3801821835445153
0,0.20220738131816546
0,0.2028246390809855
0,0.38136379023673955
0,0.21626158663621212
0,0.19719898857870066
1,0.8470177223709965
1,0.6433982616132962
0,0.28104253941451274
0,0.06866965424835232
0,0.02054929599890167
0,0.0749834186486397
0,0.06622723343333932
0,0.09825083106052143
0,0.0025551568357485704
0,0.3335424994988529
1,0.5494016701031152
1,0.5688701001843388
0,0.0053574427590939175
0,0.08643916573368104
0,0.32637203739788534
0,0.06934102684898165
0,0.2983128208265367
0,0.38053751420414783
1,0.6180230410577126
1,0.5189568229089101
0,0.07752517803892926
0,0.3863106976812124
0,0.04259650343678773
0,0.005137069433906372
1,0.9121907899518578
1,0.8898036709495694
1,0.6373613989359479
0,0.006304725478317868
0,0.12549965412377703
0,0.12626565233284914
0,0.28926768753458043
0,0.2550748293814121
0,0.22819315073447882
0,0.10369502993002258
0,0.42120689451371585
1,0.9959642157035339
0,0.2663640621533233
0,0.23021831020825717
1,0.8265074172308912
1,0.7049095089110907
0,0.012905199562653659
0,0.19087051785507914
0,0.013285331798548294
1,0.9932037852074485
0,0.3241886003209024
0,0.3995214102023418
0,0.2160613620968441
0,0.0005756545550187077
0,0.40325454615446
1,0.9388724959715731
0,0.0572620009694381
0,0.08469982428625955
0,0.4263604588258554
1,0.7085200839367891
0,0.3811164922139178
0,0.006710093761047483
0,0.02159519581182086
0,0.3211351300738898
1,0.772609827770462
0,0.02971214987905498
0,0.15329420759832185
0,0.16469031635009826
1,0.6301849675133737
0,0.07315932664799181
0,0.008151983279121259
0,0.4161786856592103
0,0.0754651690423638
1,0.9604029329165431
0,0.004127029058042819
0,0.2222991919841248
1,0.8655969762991137
0,0.1523299308607328
0,0.34088229842774476
1,0.9911598085303044
0,0.07474132584330416
0,0.05535739044204383
0,0.00048782007971975334
0,0.027758442378100462
0,0.08419244568759778
1,0.9594469103001811
0,0.21437581557544205
1,0.8364465891758903
0,0.01710447959424822
1,0.7969023771144674
0,0.24010637502675006
0,0.33437575579176976
1,0.8198643600585913
0,0.24033760171511165
1,0.9459833579436294
0,0.4227140239834843
0,0.1765736482758476
1,0.8265858579647846
1,0.8580660593691471
0,0.2578161572283327
0,0.3624751445076714
0,0.0032493658112613304
1,0.72908985018127
0,0.0026255407707489417
0,0.13692608841650694
0,0.46778051091657674
1,0.674875503098167
0,0.006693618459978848
1,0.7201703788878505
0,0.01067874303276714
0,0.014896633898155686
0,0.4554536321037409
1,0.5366486755099686
0,0.01115393414573958
0,0.2975918620311925
0,0.1290876517640756
0,0.236251685302491
0,0.24289453886622697
0,0.01371619234000814
1,0.622406631931973
1,0.7440382850406024
0,0.3514945261169149
0,0.4537679034778401
0,0.0009080344155459312
0,0.2639208464704217
0,0.3537028568317787
0,0.4150785544672241
0,0.4056328529715385
1,0.9485241276709255
1,0.9885289638798967
0,0.003181198520521645
0,0.24956104080767627
0,0.09843380477457861
1,0.5306575894184954
0,0.14934028763966706
0,0.09421192319322683
0,0.0673115995826545
0,0.3475259075312779
1,0.9930142646461922
0,0.09251846041840169
1,0.9874542668565952
1,0.8460857176650345
1,0.8321376118480484
0,0.4940371474032328
1,0.8959026918363628
0,0.1213391863917848
0,0.35935687993088516
0,0.17988677882456883
0,0.3660571315878011
0,0.472067173096881
1,0.9749095151595613
0,0.10142335312971278
1,0.8615591177793277
0,0.31482446187072016
1,0.5283279508824895
0,0.03917001458577236
0,0.14104282316884556
0,0.3152471576988916
1,0.7295127451254826
0,0.2648473831159063
0,0.16890493870942583
0,0.11919816300470268
0,0.3805234455808913
0,0.34060188730433955
1,0.9629164375706695
0,0.3304586028420804
0,0.12143923450790894
0,0.2892725545767729
1,0.9447641520890977
0,0.05026408154979584
0,0.15442710253846878
0,0.01576509112484012
1,0.809842529831069
0,0.17823487238440022
0,0.3169927888508813
1,0.7954342792646607
0,0.4879818937443214
1,0.6737601935140981
1,0.847668905417264
0,0.3344581554868231
0,0.00276361961058014
1,0.7871760343132803
0,0.40934713008684037
0,0.39459716849787935
0,0.4400749883400599
0,0.12230569863079371
0,0.335376052267807
0,0.3556269176807185
0,0.4924720012946628
1,0.5709920235081468
0,0.12954748019751652
0,0.2055519964119301
1,0.5430841572180499
0,0.248418491462706
0,0.06525748042162295
0,0.11771380375399072
1,0.5830831050937689
1,0.9363810597014529
1,0.7480246057037593
0,0.33046465591924923
0,0.24042851904367488
0,0.008725531300168633
0,0.2980563866410326
1,0.9607548871908744
0,0.21658402302545815
1,0.7615814398280979
0,0.4564846409705608
0,0.3006121497036008
0,0.15641154859994058
0,0.07883354929425829
0,0.2032777761371468
0,0.01781672605711485
1,0.6699635789318226
0,0.4704193240479065
0,0.36038245955930753
0,0.48376207504271956
1,0.5151477798555325
1,0.5402345534476047
0,0.1165372003133717
1,0.6892508102933588
1,0.5072607891960838
0,0.2211132955928564
0,0.018966915069669014
1,0.7291865041807708
0,0.29273274750208333
0,0.38040087561582175
0,0.48940560128617083
0,0.0019882955489854887
0,0.03597589911694427
0,0.18845495330738732
0,0.2616316824013588
0,0.20903678454308672
0,0.17742514748905713
0,0.39179090990464915
0,0.3955390567677253
0,0.05944949013145342
1,0.6269155915402348
0,0.29621544138010786
0,0.010186741057578576
0,0.49863234881101304
0,0.14805441023619603
0,0.2747315999346096
1,0.737197721815053
1,0.5667942147505153
0,0.26328537561130777
0,0.06117299537210229
1,0.9034426177254467
0,0.061167708069748486
0,0.002110883093454257
1,0.932189859249553
0,0.25745967516820994
0,0.07710947984059388
0,0.3317134171063563
1,0.9583413225442508
0,0.4269994773712116
1,0.9824648308334542
1,0.8717379519848002
0,0.245303044706256
0,0.39064931712966283
0,0.13156330056064072
0,0.16397664794510453
1,0.8700141023589111
0,0.1586678066451276
0,0.34535243436022095
0,0.41452093687733566
0,0.2017572171421038
0,0.23350291708645446
0,0.009019251092204385
0,0.13614248084622702
0,0.4940820360368714
1,0.6398206122938366
0,0.04147288857153618
0,0.2975629392847071
0,0.05613154997319384
0,0.11900025415310536
1,0.8825410046823324
0,0.43227515371898684
0,0.004331161133874379
0,0.4391488470407553
0,0.08601807782459717
1,0.9368347093154866
0,0.1508685489714648
0,0.06936961060789461
1,0.7645416469854144
0,0.17698208798641316
1,0.7028931376253447
1,0.9761159990281033
0,0.06811490279542076
0,0.14834456910453026
0,0.18779843458720935
0,0.21336914082415717
0,0.04477928199801422
0,0.11012891381062531
0,0.029528776753121946
0,0.16090228672020424
0,0.005888458744490551
0,0.17567852781200116
0,0.026562227649157465
0,0.03924307877185585
0,0.4967357725905622
1,0.566282869501052
0,0.004674541083402527
1,0.6515976002759731
1,0.5834260281314966
0,0.024000022480029533
1,0.9314209088363861
1,0.5997000132229897
0,0.01866367642414797
0,0.08239620905354636
1,0.8820495995443466
0,0.04010861913374648
1,0.9246006781375337
0,0.2429908398203773
0,0.012276690011649667
0,0.16745055438091325
0,0.10907001780255503
0,0.38206713822571853
0,0.42707562434014107
0,0.05664287617080365
1,0.5331104583944752
0,0.13274027508403238
0,0.22256431480608477
0,0.14571847375544317
0,0.17169231293103587
0,0.3092349405728161
1,0.971037801860069
0,0.04922153117821229
0,0.45741679375203215
1,0.6580600478860064
1,0.7761867924913528
1,0.5658867481532757
0,0.09300864864109004
0,0.08550510823387233
0,0.2786688105510319
0,0.24522448733715085
0,0.11082375161455527
0,0.02796201170056028
0,0.14300678298053107
0,0.1788745118544173
0,0.311350163298935
0,0.14005111715038562
0,0.25438770748086814
0,0.14607861685972764
0,0.031026284702866263
0,0.1162825115922458
0,0.2966278692102194
0,0.15457917565113224
0,0.4635721093930442
1,0.5488517295382772
0,0.34271121631973883
0,0.15405529014090957
1,0.9709309823156468
1,0.7186395510827598
0,0.09472667467122278
0,0.12028023006686375
0,0.11487292617869417
0,0.49661471909088917
0,0.08322124840114219
1,0.8876995339316044
0,0.16765532836410918
1,0.9101904652252873
0,0.014956073446122709
1,0.9916139589879619
1,0.6069166772356465
1,0.805829336004385
0,0.269228240246938
0,0.05561548064946213
0,0.3049660306220608
0,0.34200585073423845
1,0.5127209792050375
0,0.2739943999869926
0,0.0040192924066872835
0,0.06954894721252375
1,0.6230641669303594
0,0.0527715358789377
0,0.2488713617191481
0,0.09418616208029944
1,0.9335929267557018
1,0.5866112166225819
0,0.058297238847274876
0,0.2654380733165131
0,0.04108701345759618
0,0.07593376616425036
0,0.22153169995828012
0,0.4268200720454926
1,0.5065546006728022
0,0.24624713344674734
1,0.9451404714322298
0,0.009832330056993308
0,0.4742726381738057
0,0.09899272590655095
1,0.932238805372184
0,0.19613731900859063
0,0.4787315586439081
1,0.5270566773576055
0,0.4818124002083118
1,0.5986727738572981
1,0.6360268355384049
0,0.450456775493796
0,0.38759381648079977
1,0.7416883075556758
0,0.06491618063528423
0,0.10106354043584612
0,0.0009385826204730377
0,0.46598432119633537
0,0.06638574138568122
1,0.622449377631081
1,0.6882474205314771
1,0.5858032907043479
0,0.12311793679462109
0,0.4272017961586629
1,0.6269239876508228
1,0.6871971371569477
0,0.005109940098061377
0,0.00134685207884635
0,0.09632056202943928
1,0.5639472726356706
0,0.029800566475806107
1,0.7038312183761749
0,0.006369835610162879
0,0.12585010349786627
1,0.7829309550207213
0,0.23710350155395468
1,0.6727513562527847
0,0.3418618699751426
1,0.9227436277968142
0,0.4211729487141691
1,0.5000869626001821
0,0.006332061506319508
0,0.08844299543824856
0,0.04507874010043466
0,0.38133899938627736
0,0.4089858501187495
0,0.07816737100089184
0,0.09070643802446696
1,0.5532359300902867
0,0.4951249363384305
1,0.6142040195352562
0,0.04208818646207941
1,0.7244422409977112
1,0.932820748648081
1,0.9943839859922512
0,0.04652078484512804
0,0.05852592345578621
0,0.4353632976425147
0,0.12896574469822011
0,0.11119334553621292
1,0.7574530268493087
0,0.44619259737228006
0,0.05127047467859741
0,0.07924548949715582
1,0.8617437015908528
1,0.6196923002995263
1,0.8693718404482859
0,0.47687162528724936
1,0.9685284691121316
0,0.002399331214519724
0,0.06384132996059955
1,0.602558473988277
0,0.2686306089740109
0,0.21835057840845762
1,0.5701775963616259
0,0.014496109753311677
1,0.6140814239546444
1,0.7288372257128688
0,0.339887493032106
0,0.3887743151044732
0,0.37992160649668233
1,0.6946156634343127
0,0.1178177790771422
0,0.28689472557259493
0,0.11631199732321948
0,0.07159043179153708
0,0.03083802944328185
1,0.9291913610828644
0,0.06017677879192829
1,0.8629415803396896
0,0.09867643160364063
0,0.04594888700207706
0,0.41915995889507845
0,0.47678745005675205
0,0.23117607364825268
0,0.010289576477249937
0,0.4236906443133274
1,0.513224307213288
0,0.03757015033728848
0,0.1876070645473558
1,0.809706564341973
0,0.397595944038789
1,0.6217416160403562
0,0.3902525188685182
0,0.023748857226384847
1,0.5070110052809975
1,0.7121956916404526
0,0.007643408730161235
0,0.4112211257301214
0,0.05054846151153249
0,0.3845117373023131
0,0.23376908603165045
0,0.02170112583255604
1,0.6386656649954277
0,0.26653669649197825
0,0.08779002066474059
0,0.3821484579053546
1,0.8027711496489743
0,0.24572096601358645
0,0.22097943824270952
0,0.15016230916088238
0,0.21829660743959686
0,0.2858350431685056
0,0.36150416129028184
0,0.19453936824628723
1,0.5348266843126817
1,0.60520284512559
0,0.011373451968456218
1,0.5925765433512268
0,0.10557101477208884
1,0.5498180202962223
0,0.09928822389442507
1,0.949660249829763
1,0.9800206719380667
0,0.01785076394520114
0,0.0018578924210705206
1,0.5578641935850613
0,0.1180597691062404
0,0.19292647232662977
1,0.9332472799884362
0,0.3379329678500643
1,0.7762143804410118
0,0.050068848529978
1,0.5428542578948191
0,0.002577670793456017
0,0.3738853018564442
0,0.02559882071494246
0,0.4721068668658455
1,0.649206681523767
0,0.08254462040281318
1,0.9949394706623892
0,0.11651723308226308
0,0.08530875789059897
0,0.07665864403451483
1,0.8073242963871061
0,0.005859952715219913
0,0.45105574633425327
0,0.11160794340756697
1,0.6791556936950678
0,0.07210943004380628
0,0.4590437311712598
0,0.136360955578257
0,0.33886999734508283
0,0.1416629313792532
0,0.15873456265854552
1,0.8250132740914651
0,0.41722883249446285
0,0.47438885326384356
1,0.8961197866087943
1,0.6896950512879844
0,0.0844003468904767
0,0.03220419205969958
0,0.2785669992068037
0,0.0007721762797765559
0,0.37238865892226014
1,0.6220546112063249
0,0.01607078343473761
0,0.12636764817522206
0,0.31371600784635806
0,0.05080690576644206
0,0.009852838642093553
1,0.7020637283925912
1,0.8030813225403779
1,0.6795397162189676
1,0.9055125105109204
0,0.4275631399835583
0,0.36850287647903485
0,0.09517837648626744
1,0.7182148040403382
0,0.13781344593029576
1,0.5102682119729554
1,0.5169525587637389
1,0.8663460205020388
0,0.06819867550351937
1,0.8717261955254936
0,0.25355550570977103
0,0.1988834569599084
0,0.20513079866482054
0,0.04067201354336327
0,0.1400240910609138
1,0.7529813291237046
0,0.1368195336626326
0,0.4249574671333867
1,0.696311487462414
0,0.03191448301981185
1,0.5164893850195438
0,0.2135966081097441
1,0.5139085990456763
0,0.14495621741004833
1,0.8775807704634455
0,0.08059667339013867
1,0.6100490676163152
0,0.21483782677476826
0,0.006607742717226678
1,0.9300518693524022
0,0.18055143680630142
0,0.35537680292560814
1,0.5202481025377153
0,0.07854687018903665
0,0.0005670858477882666
0,0.3653947184889496
1,0.8893781967028557
0,0.08997576981133021
0,0.2467268641881239
0,0.010089299878227868
0,0.009289570759284257
1,0.6423760742700452
0,0.3520642920457069
1,0.5138843785917713
0,0.013513280065853105
0,0.4434976214566327
1,0.9859367108103244
0,0.3569141498283938
0,0.005516569124311918
1,0.8286461365054939
0,0.28356576235329883
0,0.1932508450085755
0,0.09555479496279613
1,0.8099072585874146
1,0.5931621218794751
1,0.7105418435744673
0,0.10215267614556882
0,0.3540183837970191
0,0.3203745425196474
0,0.10568297107700272
0,0.45130692675187223
1,0.9840595325790922
0,0.05407106799899974
1,0.6035364633629945
0,0.14072268373292368
1,0.9809798379848483
0,0.0985095661789435
0,0.01741573988915426
1,0.986535455511011
0,0.2499142546498326
0,0.4156732841871194
0,0.32916050883543874
0,0.1685441079920687
0,0.0683362708986662
0,0.08040587548355353
1,0.8606731085679434
1,0.6047129211442241
0,0.14181394498676433
0,0.28589691066142797
1,0.6253346450412393
0,0.16604605639498862
0,0.1262575495774491
1,0.9187487244766778
0,0.11453984336283067
1,0.7795271279102136
0,0.3642157215455908
0,0.15117682494302387
0,0.382404186215289
0,0.3052574615551963
1,0.7400441474776789
0,0.0780744275784985
0,0.32651225890418173
1,0.8005811606294619
1,0.7032882480890517
0,0.2408553640595051
1,0.5093727941476288
1,0.8942820724712627
1,0.971524168386975
0,0.04324125061573261
0,0.14125229316574453
1,0.6904317720672075
1,0.7337580419689057
1,0.7628641359142527
0,0.18877011556118617
0,0.4194052119592
1,0.8855218537275132
0,0.05281122574638871
0,0.15732875146705214
1,0.8705077804387228
0,0.4091481930796206
0,0.24466708207074592
0,0.20508698440906534
1,0.7022895784889328
0,0.0004331420138509174
0,0.13065684812286102
0,0.3543130216458197
0,0.16430065017374426
1,0.5888337927595229
0,0.032216652532389076
0,0.35164837668185595
0,0.03266657824895271
0,0.44029813160631204
0,0.3413299243423961
0,0.464936096542319
0,0.18952502175189095
0,0.0008497918549605736
0,0.06262419261028548
0,0.3314681349999694
0,0.18321050313072965
1,0.5318608725735074
1,0.7522564489379919
0,0.10228137931810588
0,0.10457548266283788
1,0.5902961528513699
1,0.7558837651984783
0,0.47841607554996424
1,0.9974719363764774
0,0.021691677113678923
1,0.5186486194288246
1,0.6648265938679616
0,0.06005880241151655
0,0.00019937079924345165
1,0.9925984016141307
0,0.12026545280242291
0,0.3309419565942953
1,0.8782874551913076
1,0.8884057482324597
0,0.055067847872669586
0,0.36014290271690547
0,0.21359910842304816
0,0.05274855783870056
0,0.23124650795122506
1,0.500977781372439
1,0.7557502324562035
0,0.4715472619315048
0,0.02920169605714538
0,0.10041599849283364
1,0.9678224999570089
1,0.914026004854157
1,0.6852704090347076
0,0.4161174884310643
0,0.2599169947502678
1,0.967586607358148
0,0.006896388826142164
0,0.3572401641654047
1,0.951714742032085
1,0.9293381939268426
1,0.6080099724313268
0,0.4125228765506165
0,0.3576747188528515
1,0.7345556977653696
1,0.7704052513288325
0,0.2062206378030948
1,0.9003388443873684
0,0.2284391131485889
0,0.271640079524733
0,0.030215177276412052
1,0.9117500922985362
0,0.4350745100123791
0,0.34057816216421877
0,0.29160333585632325
0,0.19845059766356685
1,0.7966763212646613
0,0.24830022152561007
1,0.8677550405745736
0,0.14731872953827516
1,0.7971142506579275
0,0.0345616787448934
1,0.797687543046444
0,0.041255435448203065
0,0.19797176018016074
1,0.5898839712405048
0,0.22273037576964944
1,0.5998236519410628
1,0.998051029100693
0,0.05936683278348587
1,0.9806120629309226
0,0.30261441481835794
1,0.9858047131697238
0,0.29658837875871547
0,0.00033288720461105084
1,0.5676939419757606
0,0.3886752896682266
0,0.009383194921739354
0,0.1283590187246264
0,0.42977924615076846
1,0.9958704536380831
1,0.6064970037849166
0,0.3197542415583063
1,0.5078508912418833
1,0.9146786164230114
1,0.8993864240371926
0,0.3366565080237458
1,0.8950390663469054
0,0.19551508564745249
1,0.9624369511359778
0,0.14637605761670863
1,0.6930015757912442
1,0.807498652772506
1,0.5000912607425301
1,0.534028013013879
0,0.10708313237058907
0,0.3901348073665882
0,0.05115417411677717
0,0.2178997000787083
0,0.00013122745586564488
0,0.009267181157125905
0,0.08168500677257272
1,0.9413028806278111
0,0.310572109330105
0,0.1180999776280319
0,0.26478536641219586
1,0.9161307928279834
1,0.7022716351004415
0,0.12766108025211648
1,0.9418090400305168
1,0.9104002932377823
1,0.6507062370000977
0,0.22190501356254647
1,0.5250703439061121
1,0.500378772813508
1,0.5608529804744229
0,0.2714865254813818
0,0.0878955147242644
1,0.6342083401377452
1,0.5907452216204114
0,0.41635625505470225
1,0.8622924593010943
1,0.9800066810837235
0,0.27895469794735683
0,0.32779816697554265
0,0.06836925258234576
1,0.5786850501542589
0,0.48098397824596884
1,0.9967530676150022
1,0.9065825530198165
0,0.22274296905190685
1,0.6784146156910397
1,0.7940800136200286
0,0.0019950674654328304
1,0.6343594747266942
0,0.01803733825890049
0,0.37279649573332213
0,0.2911949947564365
0,0.4816177389353578
0,0.4918380935925568
1,0.9738095904702287
0,0.13185821697117478
1,0.5500128088155828
0,0.08587179103467911
0,0.10869461187263138
0,0.24601884186710335
0,0.26365901491388305
0,0.024120859064104855
0,0.026900470908442005
0,0.212051066011355
0,0.49016990881579425
0,0.34055879350717416
0,0.12129925104247388
0,9.279591310424766e-05
0,0.0028665542275658836
0,0.3170865533568313
0,0.4100060574914371
0,0.04592226297068041
1,0.8844367845924288
1,0.9844205194502765
1,0.707550471797849
0,0.10895255781904482
0,0.497009198286606
0,0.21452119845250542
1,0.8002489475089437
1,0.8156981143308758
1,0.9794488730230603
0,0.34580565201105856
0,0.11598329682191064
0,0.28366840659593456
1,0.9937979525748606
0,0.26915546932475254
1,0.6911862562970887
0,0.03867008646027195
0,0.045338889971405144
0,0.05825336488472518
0,0.1717263382823043
1,0.8907019983670653
1,0.6970128058057387
0,0.2777715218400269
0,0.32576560087767226
1,0.632725695637474
0,0.45620376665891443
0,0.1026119616094852
1,0.9413852472404411
0,0.3750239903852238
1,0.5116082042733269
0,0.001492316463376911
0,0.07209692806690196
0,0.023824600760465227
0,0.009798535275658202
0,0.02472948508890033
0,0.025746418396410033
0,0.00030417809402194973
0,0.0021181752530455246
1,0.723520269949479
0,0.015390031176255672
0,0.13325005677413623
1,0.570737893192481
0,0.08384368694113357
0,0.38313790806172654
1,0.7996364445196796
0,0.07583731511806588
0,0.0009792251958594242
1,0.7944039291890178
0,0.0662171456367161
0,0.0030892410503124135
1,0.8144236971546677
0,0.40782971877695845
1,0.9170056583484734
0,0.20199536029539197
0,0.37638291505983784
0,0.3329480104716975
0,0.16028434486934004
1,0.852198415259722
0,0.040986272209297105
0,0.05140148738416437
0,0.0002694849798348568
0,0.22791285843062398
1,0.5219553234091924
1,0.563651874970464
0,0.1465754075605333
0,0.015345744372958377
0,0.124866011981021
0,0.14150855530518935
0,0.4150957896440317
0,0.4195316255330842
1,0.9667597174943486
0,0.07278495134819064
1,0.5529695974103394
1,0.7452806898503809
0,0.054405959102320094
0,0.22552870617278808
1,0.7081677897344801
1,0.9684378751945434
1,0.9892354375557566
0,0.0912999189905104
0,0.0024546759814396417
1,0.9880061947747794
0,0.09449293127221933
1,0.6936629001996109
0,0.04486216677592216
0,0.08358653455034047
1,0.7130048592081648
1,0.6204641095291602
0,0.45884009823195887
0,0.21947097596611895
1,0.7014935063741227
0,0.10049891913652009
0,0.08117171229700583
0,0.4181659412399269
0,0.08819664541236598
1,0.6843842289852594
0,0.41292829125270886
1,0.9318996056085415
0,0.3748808559796661
0,0.10259485531985395
0,0.2177316975958066
0,0.34242317669426053
0,0.4307724612358701
0,0.4281334107491975
0,0.48845503324240774
0,0.3465736587864718
0,0.2105818791032777
0,0.10968951429487471
0,0.4207318434407624
0,0.3330470963213486
0,0.4661343207150103
0,0.026351965036048263
0,0.09309842878678101
0,0.011624657539569764
1,0.5290921063344335
1,0.7758344514556798
0,0.18573257728749834
1,0.7569615360302712
0,0.09380392296380907
1,0.6867710736653279
0,0.2928220477068243
0,0.045253568357173535
0,0.025683530483567932
0,0.07341467155732243
0,0.2500416605780209
0,0.027890792792623464
1,0.7641826555386506
0,0.3185599148632652
0,0.48414929743959917
0,0.32077567976133187
0,0.2705305424495589
1,0.7468894940017475
1,0.6584419514913072
0,0.26448919362180867
0,0.33317035778753373
1,0.7152085161625859
1,0.9089602196236619
0,0.014092497423123268
1,0.7770134030271576
0,0.21839724072858321
0,0.26889705283607374
0,0.012279039562479771
0,0.27174731112967576
0,0.022610195179504057
1,0.8212684703068737
1,0.900317388896072
0,0.008347307185476244
1,0.7175296271544481
1,0.9843585210184341
1,0.5176983237861058
0,0.22276337396989523
1,0.9112743818368607
0,0.009708581251154657
0,0.1911575446650546
0,0.28983973740272106
0,0.2431395468887098
1,0.9482792432942722
0,0.3850076343260821
0,0.41292829125270886
0,0.03565424455200098
0,0.0999247328434998
0,0.046338533907824726
0,0.2079899156311853
0,0.12020534322556455
0,0.1950901059137848
0,0.1555069711897638
0,0.3315150384071807
0,0.39203814929507674
0,0.1914294136729633
0,0.06273914045071886
1,0.5856223681206983
0,0.12132052945861903
1,0.7715745992235941
1,0.9324246803025857
1,0.9411377615369363
0,0.0442564877727772
1,0.9606203475552968
0,0.1262988600305257
0,0.31201503106674966
1,0.9438025488272052
1,0.5880942399223321
0,0.43189706218059165
0,0.326280408064503
1,0.9925584422584901
1,0.9917261228977791
0,0.17931124825503209
0,0.07126027519242521
0,0.18432386031436698
0,0.15088819488208646
1,0.8802601650199786
0,0.021242055592945806
0,0.17078608687484745
1,0.5045223061485847
0,0.04257510541791093
1,0.5678332010681613
1,0.5667068508623407
0,0.15132572722779333
0,0.14059207635778495
1,0.8205717331809773
1,0.8196790818540058
0,0.05859014751281186
0,0.14188076058916296
0,0.04470450778317637
0,0.20210188726380632
0,0.1624179663600136
0,0.28042798772178085
0,0.44332075820943656
0,0.0053826510446898495
0,0.38772641766944077
0,0.3342931470290005
0,0.4736667443347096
1,0.6774193859571073
1,0.9044659398755363
0,0.21358331196385744
0,0.4505582460870611
0,0.013655530339542829
1,0.7210089901129401
0,0.034991387212968725
1,0.62395224604915
0,0.47226045360995494
1,0.8543300966584236
0,0.3751257484616822
1,0.5885707313684422
1,0.9311576861236416
0,0.18669696015122234
1,0.8453563782019894
0,0.025751026463790426
1,0.6527747956140748
0,0.2729904252947242
0,0.018217041175671047
0,0.07034868203765111
0,0.49899371863294667
0,0.2378303635968274
1,0.5812466746803768
0,0.10071884930154963
1,0.7654121200029672
0,0.004852920768686303
0,0.12946622836022523
0,0.44677152626968125
0,0.0010319952782210761
0,0.20988462955995338
1,0.6414975990914783
0,0.41212447028991
0,0.037066279581355284
0,0.24325931350330593
1,0.8950192525824824
1,0.9760709074455453
0,0.08366745765277378
0,0.482883599253291
0,0.29940351594127723
1,0.6733831793307083
0,0.3747793598787345
1,0.6302239458097157
0,0.10791438878000405
0,0.07429105592756932
0,0.35703114105218553
1,0.6997997117656031
0,0.4324387399087819
0,0.18702028821386887
1,0.9137327551509005
0,0.00189186803704693
0,0.2071501833383896
0,0.3560907843515892
0,0.1767658600758913
0,0.18563349506155996
0,0.48528101838962373
0,0.1137054790247402
1,0.5432559494741578
0,0.26711745289037736
1,0.9921462904016242
0,0.013411618990070222
1,0.8862888694697996
0,0.11132737940553766
0,0.46687247185887476
0,0.43421596208236163
0,0.08610683478329627
0,0.4770373622786284
1,0.5813694209489161
0,0.09053462693891855
0,0.36017862658573396
1,0.9182055145126989
0,0.04877234705710384
1,0.7175418459181837
0,0.4337600690962778
0,0.3024362478901315
1,0.8106008935951826
0,0.013667255105931994
0,0.004493259375030319
0,0.3106012565895037
1,0.9943826916371707
0,0.3630732079831785
0,0.4735672762523313
0,0.009400149686476959
0,0.4207580078216116
1,0.6082477106308373
1,0.9022620409385922
0,0.4170566432787267
0,0.3924025783311005
0,0.046378987694305235
1,0.6807062596510155
0,0.222180326427365
0,0.33186741685152776
0,0.17761883399036024
0,0.1714388888917022
0,0.14037868372513726
0,0.2288542983847977
0,0.191768096061494
0,0.3141628127590604
0,0.23359337292568738
0,0.09780329503211163
0,0.24858945779640612
0,0.0723344403942191
0,0.44061969727608874
0,0.15526271912331888
0,0.20440747769131076
1,0.624212265582455
0,0.3685277156340064
1,0.5350707763476176
1,0.5175715929960789
0,0.03462090687384066
0,0.010475183251727674
0,0.127657196520042
1,0.9697752425089864
0,0.0037628783767422367
0,0.05626742082437636
0,0.039864363841071886
0,0.327836299854343
1,0.543933661672739
0,0.49551982897038893
0,0.13107366050457173
1,0.9346736551440039
1,0.9393342075925074
0,0.33641223685551913
1,0.8267239300935675
0,0.04556234950946705
0,0.25225863203043525
0,0.010302799719907968
0,0.43800560841711084
0,0.3059146458738048
0,0.18237655191580526
0,0.3935549555109412
0,0.2671533808927196
1,0.9654203827323579
0,0.21262767996239532
1,0.8453109930205869
1,0.9780765590910871
0,0.0009711400518059028
1,0.6295954110516092
1,0.8522099207136202
1,0.8140074300465804
0,0.0014652653729419476
0,0.02559859890159104
0,0.02931064128886982
1,0.880781168385237
0,0.11975930493223862
1,0.6899071610592854
0,0.21379888071292458
0,0.3138632680330161
0,0.45937499281811917
1,0.8998385950512443
0,0.20316804795153132
1,0.6576962009029766
0,0.27425758421977037
0,0.24601680903746823
1,0.6444614683029412
0,0.38283017100607186
1,0.9893347942158595
0,0.05100905116286592
0,0.24984968855247433
1,0.9655269835224933
0,0.20893683919803335
0,0.02110623561390918
0,0.09648228867373483
0,0.20572030532209143
1,0.9294699268085392
0,0.1388117196591118
1,0.8713391746833747
0,0.14674867741248424
0,0.2103516665933669
0,0.05655022942749769
1,0.9428331647266635
0,0.44041868252736704
0,0.1460618112393826
1,0.8150336291597595
0,0.12429012266708966
0,0.13948274153418477
1,0.9543025095863237
0,0.013762808072110902
0,0.16689472586565413
0,0.02501913222168643
1,0.8093242148121426
0,0.1184525370322005
0,0.3441414414192729
0,0.13114769087462097
0,0.4337350376773021
0,0.47463427203263947
0,0.17864450772541274
1,0.9536252629974177
1,0.6232544367373166
1,0.5808455655326615
0,0.2005303068121032
0,0.1010989420594601
1,0.572677933502689
0,0.38699184866543795
1,0.5559202555820619
0,0.20726959406430517
0,0.02282918161649623
0,0.0695264060787179
0,0.12640215157966278
0,0.1425869454432156
0,0.0251986239303097
0,0.06333699860364653
0,0.22853115791140058
0,0.059729986086258964
1,0.7574818138053538
0,0.09720291772872426
0,0.4473048737886881
1,0.5279794292196826
0,0.37973215216175316
1,0.5067923119823432
0,0.04398254701693827
0,0.29242994517574894
1,0.5275372028428121
0,0.3727917710825103
0,0.18934903988849325
1,0.970733178008007
0,0.10797394120218222
1,0.9665398391355007
0,0.05427293070519703
0,0.2358660416689495
0,0.17536657767802463
1,0.5087843636642488
0,0.008868587728133679
0,0.050415528180548994
1,0.9423923439043839
0,0.2920026755344395
0,0.032899409275006314
0,0.41895453975783375
0,0.23736201988694586
1,0.8216640662818264
0,0.0459960161444189
1,0.513256200252407
0,0.20595552084927415
0,0.017512071570032532
0,0.22019042119112192
1,0.8123772931460571
1,0.7550489239787206
0,0.005856567459659007
0,0.0480948180989776
1,0.8115695873759462
1,0.6652238877355825
1,0.8922663727082227
0,0.1932934177969973
0,0.17949766777164702
1,0.748083096221231
1,0.9760013335196045
1,0.7597031689773032
0,0.4267720174319603
1,0.6257632193180555
1,0.760150823741253
1,0.9793837076974459
1,0.7577791648784654
1,0.993191646364272
0,0.36933307207901894
0,0.027015074981397255
0,0.1743930815545294
0,0.4117356574784945
1,0.6618867093464414
1,0.5795453670487755
0,0.19052383942437506
1,0.9987425831839004
1,0.9810549360965541
1,0.9723909667919333
0,0.05072796322251522
0,0.43411513251066797
0,0.22397821054480593
1,0.595443666993675
0,0.19071444810703023
0,0.3006717645880439
0,0.4541638580697713
1,0.7024829287477338
1,0.8749016956095407
0,0.014661235472321293
0,0.005052299215678877
0,0.03950455774085489
1,0.7383209055072385
1,0.5766364788000079
1,0.586428323513672
0,0.19680238841742953
0,0.14296905709370475
1,0.7455642307999025
0,0.1345587650309032
0,0.03994225145893887
1,0.7581677880946162
0,0.09935827180808897
0,0.3007450663039417
0,0.02021844792781795
0,0.04061016658932296
0,0.27060314544739855
0,0.018850270382221906
0,0.009597121369848107
0,0.14142086878820334
1,0.5816164070275225
0,0.12956871873623238
1,0.8185013530313768
0,0.012915410418743426
1,0.6987027886329547
1,0.6245307822714722
0,0.06040598397344182
0,0.04521253313185015
0,0.027689928884464154
0,0.17942387261372225
1,0.5182415750121716
0,0.08725961806213675
1,0.9881239196882381
1,0.8513106465951706
1,0.9547277893916132
0,0.4852867999799612
1,0.6827579355133646
0,0.06995499031587472
1,0.7583045495323061
1,0.6371478837091747
0,0.2161477672997958
1,0.9799002115376463
1,0.9814736958208334
1,0.6805320681717055
0,0.008235570463832971
0,0.26502213608408065
0,0.0020736870445409394
0,0.04760747832111916
0,0.05790560763233061
0,0.21335034861082286
1,0.6141573999998363
0,0.16911799541080116
0,0.06591650032642782
0,0.4836918011597788
0,0.07762976012274597
0,0.0792082979178098
1,0.5570347490354308
0,0.003863754317112022
0,0.1729999108638713
0,0.41091400873490885
1,0.6740414812062722
0,0.1512487109853643
1,0.9004498363261548
0,0.346199034282081
1,0.960173282013066
0,0.10731703716324481
1,0.511153541780132
1,0.6802867967995941
0,0.1790129244480576
1,0.9738912452420527
0,0.06891914205214221
1,0.906650550090008
0,0.28937558542125613
0,0.09841286274318192
0,0.13339177241557543
0,0.11679184001232175
0,0.05381807028438098
0,0.0008879684685400418
0,0.29317182086919397
0,0.3327294941755124
0,0.43620373274977886
0,0.04739699296345943
0,0.07692484082757177
0,0.43461404561782174
1,0.5164620764351203
0,0.031150102528153385
0,0.0031167988350296614
1,0.5559566036688247
1,0.7336477018737557
0,0.19971694490946923
0,0.41181749201305456
0,0.010661068461040174
1,0.9936133067012709
0,0.10681869949166316
1,0.8562396001654508
0,0.014459573174019975
0,0.2946184964218748
0,0.25432796365011723
0,0.1644034058887259
0,0.08576403009121585
0,0.1409297662423797
1,0.9229116486546233
0,0.05990396077546272
0,0.1405495831155811
1,0.6039605445168621
1,0.7450532756823546
1,0.8143726070966217
0,0.2809114268777646
0,0.28150811598707787
0,0.00869480142803677
0,0.22939368214682712
0,0.08626076724165171
1,0.6129831586618709
0,0.1292599507842187
0,0.3374249578967568
0,0.0018804377013989031
0,0.11532779682120063
1,0.8291299431491846
0,0.12232880096276816
0,0.2510293327497207
0,0.14376723519581516
0,0.04563746946871745
0,0.1874513125505822
0,0.2667364291833839
1,0.8818212036280937
1,0.506089126927169
0,0.4610544695940134
0,0.004763493825418293
1,0.7786791144944603
0,0.031179925293786482
0,0.09537739873305733
1,0.572911892695573
0,0.25180006296263563
0,0.47729958689031055
0,0.020474985195521118
1,0.8470372861701952
0,0.24617463873856293
0,0.0013542996539360537
0,0.04591572921847788
0,0.20832120439627874
1,0.9077190226590773
0,0.43606437089348127
0,0.09747679980855302
0,0.40107977625858565
0,0.1568938763301707
0,0.20231744705751645
0,0.23730364479524635
0,0.002150488612172735
0,0.34464120322503644
0,0.16379231946336298
1,0.5434066376120427
1,0.9741172967046673
0,0.4341284296191202
0,0.015710360951101832
0,0.28767253948613675
0,0.09587523482697743
0,0.07944829946416639
0,0.27235198570806396
0,0.4237975510285217
0,0.12190119764679837
0,0.2560651560845847
0,0.42812369609922435
0,0.2603439968977599
1,0.7820974635607006
0,0.03499810335980335
0,0.12328997341891368
0,0.2698266855906618
0,0.024980628272376973
1,0.9295399210007704
0,0.08567336949403771
0,0.33791491303818727
1,0.7050160305445862
1,0.5324495449010783
0,0.2842087204042342
1,0.9087436367330217
0,0.2391440408093521
0,0.4437229191187356
1,0.5820432597114644
1,0.5880715348371647
0,0.29122477549445636
0,0.24909339908179992
0,0.44634834679234586
0,0.09306306964243943
0,0.2764800567400404
0,0.43968757807561404
0,0.456084417296841
1,0.6035113810713667
1,0.8989976043062392
0,0.4324569367134999
1,0.8528831686315065
0,0.07464796419163372
0,0.17579915523733142
0,0.36727006583052085
0,0.11706810127325076
1,0.5883473705702413
1,0.528175751790858
1,0.5169379307365646
0,0.06534059249906499
0,0.20056341591104793
0,0.49408920753003915
0,0.011607038442959535
0,0.14134852409380627
0,0.19666364868921685
0,0.13705988830719973
1,0.7348227890280246
0,0.38968044984341
0,0.034515241970905455
1,0.9825270003554321
0,0.13083400795648872
0,0.11627237064164997
0,0.14632421373557605
0,0.05785404798321193
0,0.285191414609972
0,0.0861544123990925
0,0.11855370048935053
0,0.2846624321534306
0,0.004355923010346953
0,0.16064396903521444
1,0.8950911794712517
0,0.12233343798298159
1,0.6186664461486084
0,0.4736946445364932
0,0.012327259367066702
0,0.007938679280272474
1,0.9932582020954854
1,0.8252011015941371
1,0.893278291144374
0,0.11449216156533114
0,0.12422985138251423
0,0.2145905871442889
0,0.013822772215066838
0,0.17690935423120813
0,0.46349047609299393
1,0.5976020684507204
1,0.9349051510624797
0,0.4386250792959291
0,0.1714031393840836
0,0.19443980934516997
0,0.23062681364141602
1,0.9770493188354429
0,0.1352438649234966
1,0.7835777914547133
1,0.5481083830332473
1,0.963458819824893
0,0.057563801276140886
1,0.79455235734646
1,0.5125042002118823
0,0.15666318593780354
1,0.9999587428514412
1,0.9670426137529518
1,0.527111728767812
0,0.013182558555661623
0,0.0068378394912733155
1,0.7980433663229528
1,0.9359172412421845
0,0.020533786719479648
0,0.32910991277168555
1,0.995345607416412
0,0.006004629378060269
0,3.728071390156053e-05
0,0.12975738649436383
0,0.4128799602624152
0,0.056222206021494275
0,0.0652892241329302
0,0.27050699023499336
0,0.03646694762242664
0,0.10319718738538376
0,0.49357036038073043
1,0.5512054944469582
1,0.8573041622385396
1,0.6013157741219244
0,0.46128981505460176
0,0.29346132752422627
1,0.6067420681603595
0,0.006749746400120956
1,0.9869891671590071
1,0.7379995368946594
0,0.1562967923763707
0,0.488571969633004
0,0.12604654363636053
0,0.30962123653338725
1,0.9490598049707014
0,0.07437216037899139
1,0.6986481637042603
1,0.8472182573927708
0,0.023844180899843512
0,0.09213234860373476
0,0.13958406224670497
1,0.9937038865127934
0,0.42307397285344367
0,0.49288206792657624
1,0.62551113644064
0,0.12404493485922569
0,0.3289887361228948
1,0.6876293412372592
1,0.7096662781716703
1,0.5187392956205719
0,0.10870739421816546
1,0.6186886688054346
0,0.07419955775915854
0,0.2725107393951957
1,0.7226231935387062
0,0.14205112226196456
0,0.02459304839736285
0,0.17286438768728304
0,0.35289963142800546
0,0.24317863650727917
1,0.853000777788962
1,0.66724820165027
0,0.2942233596551895
0,0.32450523110029134
1,0.7833193947214607
0,0.4640664821306241
0,0.07398143425744945
0,0.33870608099236965
1,0.9604368234060167
0,0.21885096506216475
0,0.05156801754921067
1,0.8986520504444576
0,0.36597288431301556
0,0.4189952675040976
0,0.15141171864676736
0,0.45522053180170735
0,0.4135300022220969
0,0.10053338167672404
0,0.05137481496200467
0,0.30644099168099287
0,0.46251138256376634
1,0.6697204142845068
1,0.9948093360511151
0,0.033105717419162115
0,0.14648667675997132
0,0.2912118346064386
0,0.2202457927189339
1,0.6089364176881807
0,0.048824685383961355
1,0.9173123939008109
0,0.00877720795517507
0,0.16254413332903409
1,0.5829383734952718
0,0.223453508475197
0,0.07157182377004999
0,0.48990139665739885
0,0.012368939074264049
0,0.014570440748956196
1,0.9762536823651773
1,0.7946388657747551
0,0.17552345208755377
0,0.00883600717258682
1,0.8998321841178389
1,0.6820851049422324
0,0.19404978687121285
1,0.5697288134270024
0,0.4320852485486705
1,0.8531373556991907
0,0.35589913579493254
1,0.8461321400732208
0,0.19105641390646586
0,0.35981379518746237
0,0.0357429065435577
1,0.793130789620932
1,0.6658565146921709
1,0.8508645402587172
0,0.315265454188535
0,0.02567164795203429
0,0.028001508757761043
0,0.24584537174826165
1,0.7339099659637315
0,0.3025800140535817
0,0.1783872133680494
1,0.9146546201297335
0,0.4805795729001409
0,0.06461941231961132
1,0.9355933178215171
1,0.6090377466078847
0,0.0681553710908748
0,0.3256443976946925
1,0.5613352784681712
1,0.8877206394941523
0,0.19171627578948747
1,0.9747379682334554
1,0.5615267517267685
0,0.00903122990310641
0,0.03367217183333586
1,0.6220024819781454
0,0.1507644565509201
0,0.06835848501094564
0,0.33718244249659557
1,0.9108397517237193
0,0.32263410756318406
1,0.7037336761687047
1,0.537991498549365
1,0.9713079673416414
1,0.5398222936515319
0,0.011700897603098392
0,0.354216898312427
1,0.9027194563255188
0,0.12663009959224406
1,0.9210568494259138
0,0.122331532670324
1,0.5517477011632392
1,0.9929576025530418
0,0.0029414442726182536
0,0.33830657815728654
1,0.5591784911338902
0,0.4549249413373031
0,0.05190563356524649
0,0.25916430453165507
0,0.2812391476829175
0,0.09298476847490474
1,0.5175468918233906
0,0.4735782243833222
0,0.2168273209569122
0,0.18998462207490574
0,0.3727432867379771
1,0.5683431992890909
0,0.36643458147686697
0,0.24204369431192976
1,0.541685021025857
0,0.0073781009982467165
1,0.8983927803209742
0,0.49361440318448235
0,0.06340321260085198
1,0.806497088504464
0,0.023783457349161163
0,0.2944511992981793
1,0.9579645621019203
0,0.3322424107957283
0,0.23936851028978873
1,0.6301036387989093
1,0.5365987522277926
0,0.09666421970565646
0,0.10648100212662684
1,0.909148475094987
0,0.006573859645267858
0,0.285069965773586
0,0.1567473666583631
0,0.0850666217040619
0,0.04245338003218568
0,0.043435039035176544
0,0.2729268217328027
0,0.42757936848243494
0,0.46777759996081575
1,0.50012245406391
1,0.5956826893503231
0,0.012906052113834457
1,0.8357995149467873
0,0.43871755735360535
0,0.40717075660116764
0,0.010279409645067059
0,0.16275337284630936
0,0.048625975491794385
0,0.07644618019257172
0,0.4030203839319966
1,0.9608908902752004
0,0.1121046305435118
0,0.002195089656120948
1,0.9555460992972251
0,0.427504743323045
0,0.043818848418115015
0,0.026192783161853528
0,0.017655343314907868
0,0.36547464778040895
0,0.41830797122460434
0,0.4667863690500104
0,0.25415883113299004
1,0.767026601104257
0,0.3542328607545529
1,0.8723043675723984
0,0.12300945398792855
0,0.4056813416953587
0,0.07840135001310801
1,0.7835856279960676
0,0.2542569063773028
1,0.8412019195052963
0,0.25226773673661995
1,0.7175837371244007
1,0.6518483419214367
0,0.1887050095634566
1,0.7514315784446265
0,0.12063078057870924
0,0.008482975325561191
0,0.11590418202832341
0,0.023716954256580765
0,0.4598903609464632
0,0.40236669440256895
1,0.7752158570999437
1,0.5056717698901423
0,0.09251770023395232
0,0.027246722960142442
0,0.312924213377565
0,0.2770453177134669
0,0.3003992807228344
0,0.398608783568887
0,0.3019087353546148
0,0.23378233544325058
0,0.4792492127387218
1,0.7373185288186377
1,0.8700693107934352
0,0.14237624577264946
0,0.08994565683468897
0,0.2084852964442443
0,0.049145026262827594
0,0.2749980766206509
0,0.315933192020453
0,0.08698251928435084
1,0.9652052732311168
0,0.18368402427294817
0,0.29696517829993896
0,0.34496874976479985
0,0.11860901631869902
0,0.2987523473332922
0,0.48260981981164225
0,0.3116641582744848
0,0.175559722429759
0,0.11550998002011029
0,0.052768790127763227
0,0.4316630586794264
0,0.06108059552540217
0,0.14120785334516645
0,0.05563193940580293
0,0.13715733373541475
1,0.8433582939831952
0,0.042216815838052785
0,0.22218728898313356
1,0.8785393379419764
0,0.46681860411000387
1,0.6878008869504619
0,0.11413400182491742
1,0.9469578500689969
0,0.0023456181320391078
1,0.8914772140676555
0,0.426654949370253
0,0.11314961326449599
0,0.35745258387073275
0,0.10347103087527611
1,0.7183767272008077
0,0.13222601008150042
1,0.8191931135188736
0,0.4724767874817786
0,0.11068851233033929
0,0.3723289300656043
0,0.1512777544368987
1,0.5371989217866728
0,0.00039402119436517455
0,0.414513491604576
0,0.008896259356305478
1,0.7278322176978377
0,0.0015198804053129266
0,0.20805738376770788
1,0.7889794394977344
0,0.32077360807687905
0,0.09457145056088712
0,0.27958335987327454
0,0.11412133152748509
1,0.9007895062440642
1,0.7285944437351695
0,0.39943934392057295
0,0.04082202145648147
0,0.13026732678415306
1,0.891983017855223
0,0.08063965833718269
0,0.18378322716797973
1,0.5462498712443222
1,0.9974758402228171
0,0.4169233736309433
0,0.44154465919057906
0,0.01108159026665958
0,0.025481674514274643
1,0.6317647989997611
1,0.9814676157793473
0,0.030842306133748137
0,0.2532856703826961
0,0.15195268079212332
0,0.47441461008649477
1,0.7977026109537044
1,0.7915275575364946
0,0.45362535200986337
0,0.02621001317496298
0,0.1439152378695625
0,0.11191318372413427
1,0.9564724403930256
1,0.9143553024723294
1,0.9785158661558022
0,0.46212953309082533
0,0.4521450055912269
0,0.18634525009734595
0,0.16240777247715668
0,0.06216639261194341
0,0.2890747388832556
0,0.13516892278448372
1,0.9032594201559593
0,0.04674320322452207
0,0.08243256650896275
1,0.6416588022908665
0,0.1356314117889178
0,0.4416344021168554
1,0.9237076888822641
0,0.3507045929083256
0,0.09190081669165785
0,0.4330335896823995
1,0.968157532225512
0,0.07517954390708186
1,0.9173227152706898
1,0.6779800811152602
1,0.6296509083841372
0,0.39622341476577505
0,0.03761814094615928
1,0.848032481956095
0,0.13411863009512573
0,0.4707010491395552
1,0.9893480506262702
1,0.997183893882203
0,0.027099996526777644
0,0.10982286130793538
1,0.9396248242522527
0,0.04144938247007692
1,0.6066136992446572
1,0.8713544072301147
0,0.17720632577894266
1,0.7079649305341322
0,0.3783178264320314
0,0.078920187498088
1,0.508121937535092
1,0.7497924197591701
0,0.10397778626234118
1,0.6554427589265724
0,0.33665991453585975
0,0.246685298242181
1,0.5743306278980967
0,0.4097026446384251
1,0.9907038956551525
0,0.3787968490907927
0,0.46785498432438566
0,0.4462576356587865
1,0.9327052948432847
1,0.8785100623048366
1,0.9160379064410399
0,0.4159544114561754
0,0.3380935430979017
0,0.12293418301613869
1,0.9822934280570328
0,0.09437550618047674
1,0.5254264857833459
0,0.12515492128564054
0,0.02891729198688997
0,0.48637006411802064
0,0.18110664922400257
1,0.7704268741183934
1,0.9801172299240283
0,0.05177104133557109
0,0.15875870897327302
0,0.18836583862742243
0,0.20688934018977762
0,0.11075018579809696
1,0.9299497833058151
0,0.35946707167849706
1,0.9458776360384696
1,0.6126088838212478
0,0.12847570924518342
0,0.028130117821219807
0,0.07599369771282316
0,0.3744765070230512
0,0.07968453624348537
1,0.9287649975771627
1,0.740700773165562
0,0.07586985813986298
0,0.11523589390409336
1,0.6908221565134394
0,0.4638971706933184
0,0.07257418071820321
0,0.0030042590625361442
0,0.37278016226511757
0,0.050767457633636395
0,0.2603502228611406
0,0.11022011195979887
1,0.653214678976904
0,0.025903639746504687
0,0.1230478235422575
0,0.27077851498853883
1,0.8622851195468423
0,0.4118416728440986
0,0.41426907467688817
0,0.16203570614474433
0,0.03128820915869715
0,0.432802060002412
0,0.21935220989503496
1,0.5921182122374415
0,0.003037913871937838
0,0.11541557800998543
1,0.7202574453900106
0,0.05635855027519018
1,0.5172009039967953
1,0.7154892111001104
1,0.8316176744892059
0,0.2923646912661349
1,0.5340092715403365
1,0.9247550119716295
0,0.3746855221699615
0,0.16879101558277881
1,0.574876246658723
0,0.11526296013292785
0,0.1816703382502684
0,0.25988908301098745
1,0.8704858021988654
1,0.9280295151560357
1,0.7309096955116305
0,0.11504979899175868
1,0.9097026347375301
0,0.10478976298274745
0,0.45736658068528163
0,0.05765065472042628
0,0.41214368762965753
0,0.21736812830207744
0,0.18312086985373066
1,0.9789802728311646
0,0.05588253412186163
0,0.026122329104869835
1,0.9935157115183211
0,0.4694250691619157
0,0.05746516282046636
0,0.062241077858859004
0,0.24284802130937488
0,0.03338140059016767
0,0.08035584405810345
0,0.029515342970093394
0,0.2531940702120578
0,0.2265149153546858
0,0.0686319398521275
0,0.3698909550641631
0,0.16481836329318142
0,0.06218163106233101
0,0.20755802038593682
0,0.23280309541382457
0,0.11767490844409106
0,0.17714518883709307
0,0.35953182939620854
0,0.2502868204317987
1,0.5081605742314169
1,0.6152569859826795
0,0.06544883273422936
1,0.9135906110381163
0,0.22158339672873476
0,0.42240876494352825
1,0.9010338970082655
1,0.6339360483371171
0,0.40900726100950724
0,0.27251435256097517
0,0.03303065069051979
0,0.4491825192219855
0,0.014500856688317656
1,0.8475893053295369
0,0.0047850657431816645
1,0.7039881872589289
0,0.2396016597734972
1,0.7987475360777623
1,0.5095316198401975
0,0.15378777596335602
1,0.9982556486697156
1,0.8878076356555767
1,0.6296959170175809
0,0.013158574745350083
1,0.696210135197399
0,0.15810682422107503
0,0.4428919187629544
1,0.9860433471270252
0,0.029576270704104148
1,0.6973279993706489
1,0.7372538754671839
0,0.020315657333257037
1,0.550062274329373
0,0.22753486407798265
1,0.5556422104547324
0,0.39557140977610716
0,0.3583077244538396
0,0.3395208968597348
0,0.3002044414252219
0,0.19534518117510594
1,0.5559681207779037
1,0.9035341261946631
1,0.5167418099864967
1,0.9436788964305752
0,0.11273295314636858
0,0.2993956597664944
0,0.007585988183486107
0,0.004703305002711982
0,0.45092314633905356
0,0.1883463123892109
0,0.002926234186455606
0,0.11421566194615643
0,0.1705711588645793
1,0.8649614451697707
1,0.825587233221771
1,0.9979846237272332
0,0.04644410991250816
0,0.24089750465496118
1,0.8116017698155797
0,0.33226773560251555
0,0.10793527745694603
0,0.41999682133290267
1,0.9236003569916844
0,0.04330097134898162
0,0.27757163033661364
0,0.46134741711600946
1,0.945178682091465
0,0.03854602034033936
0,0.0713554388747163
0,0.11513015556819464
0,0.17656243268861327
0,0.07769210431769527
0,0.004018818082197777
0,0.09105328528876713
1,0.7573205402398678
0,0.15860598017921376
0,0.36114603644357046
1,0.9826956203884117
0,0.04785060617635287
0,0.43291283135902425
0,0.06040821104661222
1,0.9281998056179843
0,0.1268383558645391
1,0.8348194253055566
1,0.8428284422947416
1,0.5847087604929995
0,0.01998581826679906
1,0.7207874189242214
0,0.1928402280072513
0,0.47421566772675855
0,0.16171809833688386
1,0.6321699600941949
0,0.15410606590090806
0,0.23348050365395925
0,0.4179194767825134
0,0.012626615557108596
1,0.6259677239920416
0,0.05075968460101835
1,0.6935580220922256
0,0.10920664798940137
1,0.9257533394922747
0,0.17455852194170163
1,0.7309759157969964
0,0.04678996799199539
1,0.5529162098711224
0,0.18658047511190629
0,0.07500539607097766
1,0.6395636967615359
0,0.34125925245570754
1,0.6498531909380252
0,0.035023680519508445
0,0.22419392991801024
0,0.32735904001815297
0,0.12294440493694372
1,0.6778519960016999
1,0.9950293160232108
1,0.6569310085422884
0,0.1619091585565669
1,0.8201922805045879
1,0.6847657606049342
0,0.05729683276597703
0,0.05686469472482432
0,0.4614890211062579
0,0.044740066113823994
0,0.22822276303782857
1,0.809089333111219
0,0.11423991351318963
0,0.04347887744986664
1,0.8441116693888008
0,0.4983032209408301
0,0.07482783918163763
0,0.13488016545338904
1,0.6278767294700696
0,0.11726276693391838
0,0.139852297542517
0,0.07704962555630808
0,0.2695343472964478
0,0.44735947095229206
0,0.19480018381100592
1,0.8469666550146802
0,0.4195615971809445
0,0.06112195079920439
1,0.6181180287091111
1,0.8529419051684659
0,0.1090332677459485
1,0.9772664336300528
1,0.9092890177743763
0,0.01136543031993621
0,0.46762291969122227
0,0.05654750136932046
0,0.27137914432716953
0,0.10134945951008524
0,0.44886342202398327
1,0.9503423728482044
1,0.9485723079807702
0,0.08888102014461635
1,0.7278048245636131
0,0.4222383881630507
0,0.4638897646567981
0,0.20014610057640508
1,0.9337745727497917
0,0.2451930039176173
0,0.015280920801654357
0,0.4477046812370765
0,0.49780171247029437
0,0.4379205939854765
1,0.981396016740633
1,0.5996494507976451
0,0.121740312089495
0,0.1097718920931378
1,0.9381106505872521
0,0.3628074200343124
0,0.24923600958529413
0,0.07675166171153108
1,0.5841028161359181
0,0.36850773614939114
1,0.7474202361884851
1,0.9156880137334793
0,0.18882976898168613
0,0.14579372310767214
0,0.3000101239281226
0,0.032088179460821147
0,0.009235418934704044
0,0.40230410949467116
1,0.9767180959743652
0,0.4640490789830528
0,0.3350561531007307
0,0.17422005089435907
1,0.9244267458210909
1,0.6064513140361464
0,0.19021943804334096
1,0.9757117478244318
0,0.022594217649690336
0,0.49884757020307074
0,0.17487513695126897
0,0.3926410981852647
0,0.10357736022237915
0,0.024461299002807482
1,0.9952505804269974
1,0.6970847307787259
1,0.9737376111660306
0,0.15148769178005173
0,0.11026214368584017
1,0.8940311186800743
0,0.21160308156112903
1,0.5809418124165251
0,0.43096858530094845
1,0.7298312687686703
0,0.3351171681257613
0,0.2983422119868643
0,0.05437408943029425
0,0.15647924592660217
0,0.3397612403360838
0,0.005128738154626726
1,0.5534880135290594
0,0.270454337778929
1,0.7096379781098866
0,0.18532368880926775
1,0.8611434793100641
1,0.7930544570538358
0,0.20824212429596553
1,0.7753697650482096
1,0.9953603403734952
0,0.3946872023010328
1,0.7303036386329754
0,0.02296155574463677
0,0.4952858171933413
0,0.27202734065023937
0,0.01510545944111428
1,0.8810905482793421
0,0.09396547951328264
1,0.6242374439353379
0,0.0027200846080040852
0,0.10191657466870478
0,0.17014790696083104
1,0.9110657474840795
0,0.19408139207462574
0,0.0797321437675347
0,0.21410190241720306
0,0.3188818949050111
0,0.21715901992111075
0,0.24405146275485973
0,0.1721321193466353
0,0.14717894526529116
0,0.372195323837252
0,0.16226286696142206
0,0.26386959623399464
0,0.008868221251543214
1,0.7503089481838179
0,0.3298936148869153
0,0.433045709957979
0,0.0020519677293833064
0,0.17786499837060163
1,0.8504513239662634
1,0.9048789806778172
1,0.9454968356069091
0,0.0449959291515359
0,0.3489403550370959
1,0.8449220333418599
0,0.30985771624746905
0,0.017462369714097387
1,0.7354876978682288
1,0.9594105796926349
1,0.5466621480043046
1,0.9177778192497561
0,0.27340636775782556
1,0.8272422545452706
0,0.07206016692512651
0,0.202193300565023
0,0.25604859015213755
1,0.56972440297455
0,0.4265645017956545
0,0.36458520633052305
0,0.23094869774409793
1,0.5863560294047917
0,0.26346300006415435
0,0.06612225143061326
1,0.5589730934920724
0,0.20802166705948008
1,0.9298598189945413
0,0.4055131058389565
0,0.022227471584047902
0,0.15361073329402655
0,0.003203322996523657
1,0.5510775641586079
1,0.8619619095707509
0,0.007751358242711477
0,0.16685605125875794
0,0.40463499446679724
0,0.15307537496150164
0,0.0005201337795079019
0,0.21681981184423824
1,0.715484774248226
0,0.061012548940036035
1,0.9797649224079737
0,0.10421233468865365
1,0.9907057110673195
0,0.1269757750689077
0,0.39525688633005757
0,0.4080443121867167
0,0.2539093248591837
1,0.6549074348072639
0,0.04270398668241429
0,0.2643537579300788
0,0.044889931408229576
0,0.0855823121842157
0,0.25633183157064043
0,0.002243254041168431
1,0.5079297168815445
0,0.353285184244042
1,0.7633457103101453
1,0.9428709676141007
0,0.43928268235057466
0,0.4296836995030018
1,0.9838531270724287
1,0.6267366681873887
1,0.8597652632273212
0,0.1953263756155766
1,0.6805814728171582
1,0.6683802923117335
1,0.6489484407777718
1,0.5424046320507488
0,0.051700470785249794
0,0.16250967946415007
0,0.016631704175724012
1,0.9324499654246018
0,0.17165550227513826
1,0.5481176690272712
0,0.04580918095467293
0,0.18111328369670265
1,0.8950772936472161
0,0.4429451663914918
1,0.6736129421702232
0,0.1252290032651429
1,0.9018315839164378
0,0.04044783802582574
0,0.07797710547390468
0,0.28826003983804144
1,0.9195244904007086
0,0.02294299787687301
0,0.007138603360941696
0,0.12356915148320614
0,0.30925797506544844
1,0.8080850427514124
1,0.6285481359925874
0,0.034455276590675404
1,0.5569026262713598
0,0.004492085260025678
0,0.1351885646264175
0,0.09483206009708313
0,0.0019817718974120694
1,0.6871191311640067
1,0.6367970522680693
0,0.39393583019101697
0,0.055413948583353315
1,0.7568009853098207
0,0.026391659805121107
1,0.9997085585260086
1,0.5266670001528514
1,0.9184704131025614
1,0.5012588013703958
0,0.10785154579523859
1,0.9569882995729077
0,0.26411154068933196
0,0.08013747979649885
1,0.6243497830134382
0,0.4251559792130774
0,0.13264340999199328
0,0.026169556947916273
0,0.16214107029692604
0,0.19877853428424758
0,0.0045513549833403714
0,0.01693586359061392
1,0.7867220453916188
1,0.966926343987927
0,0.4638447291632484
0,0.05095300496744227
1,0.9643456172995843
0,0.26260035355165773
0,0.4508063561072753
0,0.4319546233246273
1,0.9994479062022846
0,0.3578101482618272
0,0.45947976950673214
1,0.5833957527692867
1,0.9641277323553685
1,0.5164718813161513
1,0.8561803912436398
0,0.4313016385520401
0,0.03706775252527309
0,0.028995641450980766
1,0.8364207926484756
0,0.34016111009650074
0,0.19530591530236627
0,0.02544683721797594
1,0.9913798581259082
1,0.9742423057968346
0,0.38086061052861836
1,0.7145232928441729
0,0.39750622322243545
0,0.0036760465313764945
0,0.25033701535836456
0,0.32721072530707324
0,0.33032040301309806
0,0.04426291481116082
0,0.01451410214091459
0,0.10525327679144288
0,0.0034921163311500505
1,0.9799532936984153
1,0.5992230597716317
1,0.582447893932371
0,0.00905929917580511
0,0.08639562174378107
0,0.21611263750387602
1,0.695225545975212
1,0.9936691790012877
1,0.9978215447239361
0,0.15860354729148446
0,0.1784751943408033
0,0.29353622885780944
0,0.03680494574781236
0,0.09771355986284981
0,0.36470118115578537
0,0.17350781181751354
0,0.36845359112056636
1,0.8282131356712015
0,0.23296895601349063
1,0.7621811376159058
1,0.9442403308111085
0,0.08529957266861427
0,0.00699089005512709
0,0.1869270431121689
0,0.0026082536388302552
1,0.7474789857494616
1,0.557891633030034
1,0.8990199492505728
1,0.8753806649843203
0,0.4707086940290542
0,0.25587483505881875
0,0.35413157298294146
1,0.6793848364744753
0,0.017461384938688925
1,0.7322671149061295
1,0.6209178553233154
0,0.07921343610309194
0,0.14169593412299397
0,0.007635087089073217
1,0.8490798493968557
0,0.19841099774380147
1,0.9204344546962171
0,0.0040205440914358
0,0.1593258988480322
0,0.30226271520443637
0,0.21226443754644458
0,0.4968333280792585
0,0.07497028598678208
0,0.012016669327254714
1,0.8356414575542231
0,0.06264974581319623
1,0.9220121526675862
0,0.0898638074663621
0,0.4180710768520075
1,0.5228462163707971
0,0.038858765487205654
0,0.25205564679194714
1,0.774102586489446
0,0.17479470723902552
0,0.2882568453674029
1,0.9827095019747832
1,0.7077036013577014
0,0.010353650018632459
0,0.2888643536615727
0,0.4489947087436875
0,0.20957984488665185
0,0.16012900559405205
1,0.5495764623497165
0,0.09040112616064172
0,0.2910861332913683
0,0.21399641662974933
1,0.7739168861020348
0,0.2842451943348281
1,0.9656757834437348
0,0.004843292567277851
1,0.7188634528009357
0,0.027491898200696807
0,0.07861958001959658
1,0.98377618193206
1,0.9651970427419727
0,0.05861628051271743
0,0.006617211955325802
0,0.13909049244410535
0,0.2718527285167431
1,0.5837981575000325
0,0.20202598568969005
0,0.15258749170360134
1,0.9539772745935623
0,0.30139988651094024
1,0.8281329745680125
0,0.001330516703171696
1,0.6039654809355618
0,0.3786267003830987
1,0.5687416116227204
0,0.01898048499256238
1,0.6671416430065384
0,0.2408264045885419
0,0.4909446995682678
1,0.6496061558398467
1,0.7741301872959753
0,0.3175433936882877
0,0.06805340200257347
0,0.006736829940270881
0,0.22271296862822085
0,0.2955062124577858
1,0.9347218144683588
0,0.05360231375765241
0,0.20497968923150328
0,0.011961079745796355
0,0.006303799726998071
0,0.03905219930202232
0,0.4075385633725108
1,0.7826859469899284
0,0.3262063022027323
1,0.7962251639531475
0,0.4067308231658158
0,0.19771726461288275
0,0.010905632152242798
0,0.1776337989443192
0,0.4975112424972319
0,0.12795391606940046
1,0.8949776707411049
1,0.7129949042975477
1,0.8060284172691572
0,0.07418788449880856
1,0.6069859971029964
1,0.7372600856581767
1,0.5789038491048811
1,0.770433504049751
1,0.5237077612610387
0,0.019375437708610516
0,0.009105466418384446
0,0.061534517466144134
1,0.6058701798458286
1,0.588640615282371
0,0.2455983737620816
0,0.12917384099100707
0,0.1255900120962831
0,0.31691971939342395
0,0.03754907592885608
0,0.10611961525387002
1,0.8593777127300141
1,0.9863595166739556
0,0.089361809172768
1,0.5334121208372994
1,0.8705865394643192
1,0.8820555739873474
0,0.10193054856913462
0,0.28170261900714544
0,0.021816847211267348
0,0.36023868271134313
0,0.14786500027277205
1,0.8012753555659139
0,0.34625853209946555
0,0.006605804122850962
0,0.3001793400885339
1,0.5996645645894175
1,0.757833055730423
1,0.6283866112602611
0,0.010299528271919484
0,0.26798892266411944
0,0.22266719620575456
0,0.4688111705843373
1,0.517875799786805
1,0.5942389802828153
1,0.9861869448653096
0,0.31666833162988817
0,0.011956148982891664
0,0.08643373549066229
0,0.069381550394649
1,0.6299965032753894
0,0.20494262847533887
1,0.5380725516137806
1,0.8814907560812496
0,0.07000699948459635
0,0.3214837532652831
1,0.8782008395399461
1,0.9213762353916535
1,0.6678469763987256
1,0.9503811081424962
1,0.5408234928931922
1,0.5334384877722393
0,0.16578350126123645
1,0.6017180972817999
0,0.09480658858824303
0,0.06109842465064316
0,0.24429349876867903
1,0.5579346269078249
0,0.06328366396921067
1,0.791802750473544
0,0.14266446592269444
0,0.0029795179191142284
0,0.1301815584658959
0,0.4107803920096149
0,0.06948426294893292
0,0.19430459127100577
1,0.7724167712531287
0,0.061940106181013234
0,0.32469064460993885
0,0.04163935411932565
0,0.29289200698430995
1,0.9118108054165227
1,0.678843637822854
1,0.8010677813797029
1,0.7110044543978882
0,0.028866063683909444
0,0.16534190298166285
0,0.04323926301015512
1,0.8664449964652305
0,0.04811196454125564
1,0.982440543691435
0,0.13828380161159462
1,0.5725834524901082
0,0.22128895899841267
1,0.9128171774365074
0,0.018025311846919103
0,0.08887324653812256
0,0.3512781960715747
0,0.00892627889034418
0,0.006297055302660099
1,0.7639978452554987
1,0.5763191220208024
0,0.3370569328447224
0,0.250085532714812
0,0.17284402907082533
0,0.05905903874941667
1,0.905428422229487
0,0.07750392357325826
0,0.3811330565293277
0,0.13536298497973454
1,0.5452691246548886
0,0.17746072121054013
1,0.7730876847142951
0,0.22551575757799575
0,0.09108877680423297
1,0.84984208761782
1,0.8785381654441735
0,0.21103770056164367
0,0.22398134690208116
0,0.27371187841111994
0,0.15433928431442498
0,0.07258736248212627
1,0.5892079947663024
0,0.1324912719562736
0,0.19573247624397241
1,0.5227264574937723
0,0.08617663635363353
1,0.5230186933319811
1,0.5550827843421031
0,0.24902499158173474
0,0.11910319418173188
1,0.6616666366044124
1,0.6981933476404181
1,0.8845948119174292
0,0.09051177065387407
0,0.1368020479113278
0,0.00550582218906419
1,0.610147628136019
0,0.065987373821304
0,0.18511371461567125
1,0.9800069620031441
1,0.9994916284207949
0,0.023684354306167655
0,0.15837652473536853
0,0.44402337594224767
0,0.18540514405139608
0,0.22145224691552207
0,0.45508094060453635
1,0.840084040728304
1,0.945288827753937
1,0.8554462467658407
0,0.07958036802287183
0,0.12568116511301142
1,0.7575287849669106
0,0.18096115621155556
0,0.007496875291331674
0,0.40659036328902265
1,0.7253230747235667
0,0.12777707629157334
0,0.1854775271775209
0,0.17190481471739666
0,0.33741583265059444
1,0.9372827816326211
1,0.7622051839600263
1,0.9420722826547812
1,0.5991934226786848
0,0.08637144391988293
1,0.5653818270890153
0,0.08220851877721305
0,0.09046584351827924
1,0.7014192637260769
0,0.012223244353234332
0,0.40107899588930296
0,0.26298925825811753
1,0.6409531659302565
1,0.5921093782297782
1,0.9920154389670875
0,0.18823613198601158
0,0.03762592638412651
1,0.576768476263087
1,0.6262796246256824
1,0.5455349076801427
0,0.0015359939862912384
0,0.23115854877047223
1,0.7937906324097609
0,0.4211788981824242
0,0.0471268019952838
0,0.17307613729167026
0,0.48656727634387764
0,0.32117708520699106
0,0.4143378935791688
1,0.5055779235163227
0,0.005611571568372515
1,0.8967949238107755
0,0.12425278946773555
1,0.9449666121471848
0,0.017660989301063693
1,0.5892541343935052
1,0.742154082857255
0,0.22207939519883405
0,0.07371315191901967
1,0.95274377249785
0,0.39353071486732866
1,0.9501775319488436
0,0.39574497471703474
0,0.3088775912424544
0,0.002341377541596066
0,0.1164489543349094
0,0.29972401332752485
0,0.4226729937646672
0,0.00027467529588874866
1,0.7545810428747883
0,0.07722804943432937
1,0.9986218183864324
0,0.18502964763080917
0,0.062249590801503635
0,0.24782777453831087
0,0.37115007400880173
1,0.6973887336880672
0,0.3017174865579139
0,0.057675780043545385
0,0.3603217591831442
1,0.52462066473645
0,0.3333867157629901
0,0.16515224616537524
0,0.11092636542753725
0,0.18904088260325744
0,0.3620001761322857
0,0.29284846579612567
0,0.008875181285003223
0,0.1682606909196989
1,0.8497304186511471
0,0.015129979493704227
0,0.4024615248427326
0,0.3147732073675718
0,0.17373022026921728
0,0.09508856534699271
0,0.3441339171223302
1,0.8942931193582648
1,0.7570428980900605
0,0.10165326764286954
0,0.12229418771412469
0,0.28539058035135323
1,0.9286921726131111
0,0.10630973241223049
1,0.9568857167619258
0,0.1372889256843375
0,0.4094347578874116
0,0.09504018528179567
0,0.428416637702186
1,0.9601762439275614
1,0.5685864484108384
0,0.3426501318117346
0,0.08546096343859257
0,0.050600709181564875
0,0.4115487205906466
1,0.7865401142567111
0,0.1959236667104256
1,0.9549917944607732
0,0.019626619446362476
0,0.15118428280023027
1,0.6513392538049138
1,0.6658254475984666
0,0.12550972598204937
0,0.3548388503489524
0,0.197931319491399
0,0.1317888758319711
0,0.15378297557045584
0,0.04777468793503131
0,0.29874674305299775
0,0.47201934108405985
0,0.19735033927127424
1,0.5287669980387024
0,0.2798802044036587
1,0.6003724848887875
0,0.20028089462819998
0,0.1480450820814341
1,0.7592559326836759
0,0.23694978705812977
0,0.03899029767381563
0,0.46376333083884996
0,0.2316164082605982
0,0.06347591201962728
0,0.33088422617395313
0,0.30107342018874406
0,0.4366686276570128
1,0.5621768669363326
0,0.36419728685362945
1,0.8558742667686104
1,0.8499428865737406
1,0.9842379490708404
0,0.3776545438502826
0,0.14196757414155006
0,0.13798204710153383
1,0.9823513524996234
0,0.15259089226435874
0,0.011635869703387857
1,0.8404844358441695
1,0.5967690665709612
0,0.013531135296803862
1,0.5368205277375901
0,0.26465143108332634
0,0.018349701285433888
0,0.14636106279558492
1,0.5546762819850961
1,0.706496933346559
1,0.7347517689868377
0,0.08370736774420356
1,0.5707168780806119
1,0.5519782587975705
1,0.5307783589500689
0,1.0635893080588688e-05
1,0.5361277103578455
0,0.1722030134833505
0,0.3645648195596826
1,0.5735863848140903
0,0.012977101184321273
1,0.5602707564077071
0,0.24384234406504218
0,0.24480066390265007
0,0.16062058156684703
0,0.06176409907874033
0,0.20634749583994208
0,0.1318862903753462
0,0.4527866113396483
0,0.4589746010197921
0,0.4230452106727967
0,0.36091628457608815
0,0.3012943165293987
1,0.9267624716891156
0,0.45797170739281273
1,0.7931753828383356
0,0.08059078525629891
0,0.06741180525351934
1,0.8994319185289501
1,0.6985895097604039
0,0.20233551485610207
0,0.010878767383803207
0,0.2739854712176111
0,0.18550641254458988
0,0.0857233663290118
1,0.8755494841980771
0,0.02051013013751474
0,0.17851181727957555
0,0.18900409585839012
0,0.14359103795933648
0,0.331098622065911
0,0.47919789776428956
1,0.530028524652145
0,0.47483406572082837
1,0.8009819064174502
0,0.07572468007675275
0,0.04992596239356034
0,0.10845554931934807
0,0.2858300431995186
1,0.6558673064128169
0,0.33398343313123463
0,0.4121901339166391
1,0.9778433196589305
1,0.6582560036265663
1,0.9508092918315292
1,0.588527963707861
0,0.05067379358607967
0,0.0974690400286178
1,0.891243647638467
0,0.32183007238679906
1,0.589511805322388
0,0.11746004724099272
0,0.20028626473411962
0,0.17262251876923493
0,0.15726162937598673
0,0.0018587932988802717
0,0.01297359549737157
1,0.520286676914191
0,0.3243858988978266
0,0.4287039929231132
1,0.9305631640904143
1,0.6332564032144691
1,0.5755859617861695
0,0.06699165828051258
0,0.4158952538941761
1,0.8541511343776337
0,0.0978021053206112
1,0.7883751678581796
0,0.015268906845480967
1,0.797474124995314
0,0.28422075521594936
0,0.2683499994464195
0,0.4370034764927561
0,0.18215493631463178
0,0.09607214420963701
1,0.8550561572872026
0,0.17951290062228373
0,0.015668472991298386
1,0.7483247270042506
0,0.24487835825450324
0,0.2657085167203323
1,0.7612814274304028
1,0.6376891729006026
0,0.06528248747856619
1,0.9946789209250634
0,0.014614810815531547
1,0.9993874179750943
0,0.4996820241922656
0,0.051515155076229856
1,0.8858393456957767
0,0.23750531731267904
0,0.318920578782149
0,0.10639865636088836
0,0.31072198862740513
0,0.09340405955044075
1,0.9260504017917792
0,0.4663160510457557
1,0.9590015290795632
1,0.6066756784623154
0,0.3297075857383859
1,0.6571620784547936
1,0.85788462311549
0,0.3228678195971471
0,0.40590254287350147
1,0.7988869488304015
0,0.32802353574539345
0,0.34154606816473687
0,0.006451264542581978
0,0.09961087106290004
0,0.14775334191651618
0,0.2866744671808865
0,0.3588346877267433
1,0.9778860530858922
0,0.4242597533629832
0,0.1075084615358003
0,0.013336023538423666
0,0.02135471651726004
1,0.5999542032939829
0,0.005006237951596785
0,0.007052432907485214
1,0.9249307703985294
0,0.023551592800985958
0,0.24771400258700466
1,0.6413525625468542
1,0.8061665003826503
1,0.5838369660684266
1,0.6573650244541137
1,0.5503008660867282
0,0.020819556661076676
0,0.25900299590639786
1,0.5471692808999837
0,0.25278868263020654
0,0.046333425906886314
1,0.7609238155410037
0,0.009833511914249207
1,0.9447513692267261
1,0.9782937011074576
0,0.0875738641843261
1,0.659132304366012
0,0.10876765985502874
1,0.8524853046419685
0,0.2409640617854929
1,0.8253803409460814
1,0.7385735764256179
1,0.7947462171410062
1,0.8525446902198828
0,0.41719680733003145
1,0.5908309199600014
0,0.03498817155088863
1,0.9462254827243171
0,0.13181235592897653
0,0.4252082015271179
1,0.5609414902909731
0,0.06725963673730548
0,0.15552110579953662
0,0.11116709489307161
0,0.20114622012608332
0,0.32268754685657164
0,0.24407019420817075
1,0.7153302723669015
0,0.3769191648426066
0,0.21815806837411938
1,0.8956472098967065
1,0.6589785999814426
0,0.17131746289598745
1,0.9993494985120628
0,0.2840994708071927
0,0.14188437663953177
0,0.07998114413199031
0,0.34329751864114993
0,0.41206842052544584
1,0.6933275886609492
0,0.06517420581780396
1,0.8116652235672334
1,0.9909374293980368
1,0.7875188984497412
0,0.053215252838963334
0,0.44308506370759354
1,0.7665635141416284
0,0.005706692691815473
1,0.8771579354003644
0,0.002477708776064618
0,0.00205292263239237
0,0.37719083523156904
0,0.05450683759718632
0,0.022325434601152556
0,0.2452255847385583
1,0.6233820934953904
0,0.06783180078943364
1,0.9969605245531884
1,0.8415694622175002
1,0.9022408460868084
0,0.38519692256952004
0,0.30213558607408547
0,0.20733068844633692
1,0.5313725656504767
0,0.3294958937863158
0,0.10044182873489266
0,0.032392767762430705
0,0.06295198504533893
0,0.15559114000441748
1,0.9035096483453092
1,0.751117278015122
0,0.14035709291438112
0,0.37085723140211724
1,0.8069322034771005
1,0.9254313312092115
0,0.12533752764369832
0,0.3345079157759073
0,0.43914458443553056
1,0.7736904248896296
1,0.9424393633371483
1,0.995615029060376
0,0.15958571153748835
1,0.5974210103028155
1,0.8163045481543687
0,0.24373418039587438
0,0.16247710397820594
0,0.2968664625376124
0,0.361394014089634
1,0.8899506113309682
0,0.1619829841846998
1,0.525710795878797
0,0.2085175562560971
0,0.04640470836557141
1,0.7993716340449777
0,0.09375123981575674
1,0.5380633414874025
1,0.5013292023106087
0,0.07185372435039308
1,0.6635722145510559
0,0.2878481913199806
1,0.6300311841623149
0,0.25023536315807093
1,0.5038782062929941
0,0.3113659717404447
0,0.07838557013024193
0,0.10806189690501392
0,0.47047820529398204
0,0.26328151580832
0,0.3526157020621715
0,0.018852688531929836
1,0.7954049803293373
1,0.7587940426041039
0,0.35241327137890643
0,0.4040759578152689
1,0.6302542086728171
0,0.0002733192846361506
0,0.0013385252352533347
0,0.133433519724855
1,0.8344864588636816
0,0.2029911900551712
0,0.29755306102158635
1,0.6320773502717546
0,0.11581443994588993
1,0.8307957218768501
1,0.8947273956386413
0,0.03314437196667848
0,0.29153651660019414
1,0.6850460346452338
0,0.4255624328217388
0,0.015105096612966851
0,0.29247363207356725
1,0.6416978379882576
0,0.15552495279580705
0,0.2484177157292218
0,0.020412260796276675
1,0.8858665479976277
0,0.40061320030741565
0,0.07806982018714109
0,0.2391993116002668
1,0.643118528089847
0,0.1616111731946651
0,0.25951980712273415
0,0.17870244503400626
0,0.031786128037167516
0,0.03637385509762689
0,0.09004813969366623
1,0.616446480902919
0,0.29738081440830955
1,0.8776086935697394
0,0.1521831058353446
0,0.24801634049634466
0,0.2710060127313796
0,0.0014519916898729428
0,0.07689268595536712
0,0.1310171734639195
0,0.25220421019030914
0,0.21798206036827572
0,0.34679004601180186
0,0.10685226809872127
0,0.3661613004635091
0,0.028136672126157457
0,0.42750356545072576
0,0.11419432211786436
0,0.25570467276902686
0,0.20262913422210801
0,0.4866615444239914
1,0.6853480590840398
1,0.5123398787716541
0,0.1193256099954974
0,0.14661661901579878
1,0.9078453012344722
0,0.325677382123874
0,0.34199921752371376
0,0.1517648913394738
0,0.023816299364222984
0,0.003015932916394188
1,0.9237995402549225
0,0.01099148985083904
1,0.9920723281103473
1,0.9731199469364894
0,0.18003474705511527
1,0.6667253248437711
0,0.05042336188645647
1,0.7358870275311837
0,0.13722515922333087
0,0.0948410195290632
0,0.44143392891408717
0,0.3322579051728358
0,0.10704108015436446
0,0.16839729227635997
1,0.9863123435240245
0,0.16700798507272613
0,0.3989124668025728
0,0.12502890633511646
0,0.12211536136118015
0,0.36266706452490177
1,0.9630898410583175
0,0.04195290091441878
0,0.32481309483030857
1,0.9974504440390854
0,0.13171473678097165
0,0.483677453587811
0,0.012568069952488537
0,0.07929333290615784
0,0.04681867473521456
0,0.4674472149412799
0,0.08539557512373097
0,0.020071388639911324
0,0.0031137962895914795
1,0.5593571464203857
0,0.4476374498194233
0,0.07773118735425731
0,0.07585205245588975
0,0.36704931432581256
0,0.028260677081623158
1,0.7074393328262796
0,0.022114893754536492
0,0.10995698260640197
1,0.834508311021822
0,0.23176872156114572
1,0.6035671498641277
1,0.8292615646119501
1,0.9528468312267353
1,0.627990875764332
1,0.6469698298754267
1,0.6833855214794785
0,0.12304815796292452
0,0.02123523087267194
0,0.18256367794782116
1,0.8208844890088638
1,0.6787904763981758
0,0.010501872171458619
1,0.6508981248293213
0,0.27992648378322615
1,0.6872284209016457
1,0.8832001370032808
0,0.4516570565717096
0,0.07815827349575398
0,0.18899876175748728
0,0.3837005843636783
0,0.10457545872503198
0,0.02721229417947051
0,0.02512207753785998
0,0.17497448948558827
1,0.7042277634014064
1,0.6609227603055118
0,0.042233729040749665
1,0.5869679599059063
0,0.2865200877660221
0,0.006181381317934467
0,0.23935615259414922
0,0.43537544269609185
0,0.1963928141701962
0,0.07681917132811329
1,0.8005540322334115
0,0.19889609500930092
1,0.6754628028730225
0,0.16808333693584898
0,0.014127751973437061
0,0.13256619550118534
0,0.30938489644754996
0,0.1746258580231599
0,0.42866650319183564
1,0.6329820451128755
1,0.8391994419107337
0,0.030776664275931565
0,0.010019414058168799
0,0.09335460752456787
0,0.24209232968304162
1,0.9601956463982132
0,0.3897059800183878
0,0.4426838013306534
0,0.06958855204893642
0,0.1751078368189102
0,0.06234806301005589
0,0.40090093110999303
1,0.9552139945844688
0,0.20799743864705808
1,0.9738615843024764
1,0.8487563623380298
0,0.1419309379306237
0,0.29411453749095506
0,0.024820040439567512
0,0.1935852216616509
0,0.016291339149202895
0,0.07997621836987567
1,0.6905787219592797
0,0.1887732088661252
0,0.3892428385043493
0,0.07118340071412567
0,0.3510783498892406
0,0.30302482117450624
0,0.028028942206735758
0,0.06738608029677096
0,0.2729202176253735
0,0.055670268368743
0,0.13396847114708166
1,0.7397163914535786
0,0.29715829196953486
1,0.503380939564438
0,0.10418442628978912
0,0.20188676379974646
1,0.5098190088656087
0,0.0009421059757624278
0,0.0750717101129773
0,0.3788254528374697
1,0.6984562877167606
0,0.3408288756874862
1,0.6989139798147138
0,0.16592051026775936
0,0.14511478422902988
0,0.10059017058731262
0,0.18944949636799563
0,0.18080476761715822
0,0.23004960788402223
1,0.8068112838829863
0,0.17784476973294
0,0.10028282394940975
0,0.15098369875830675
0,0.33888866069201584
0,0.36066284702556445
0,0.07416424120882463
0,0.03123089591175056
0,0.01978409071536204
0,0.01702611014911847
1,0.5917390414602108
0,0.23299243023581234
1,0.5799720767444397
0,0.35581571177326626
0,0.18404413479646378
0,0.12604159013928928
0,0.041751626688727936
0,0.3650539010945589
0,0.39654684428501735
1,0.5039437423007719
0,0.35638125941666826
1,0.5577515539146279
0,0.15959792597171024
0,0.49099172003005304
0,0.2970883090859577
0,0.43801234351175133
0,0.025664671900003336
0,0.22021620997088803
1,0.6340166262704633
0,0.48263753830407513
0,0.04685795426800986
1,0.8794692474115254
0,0.408501183596808
1,0.9702679430332968
1,0.7958130981504737
1,0.6209123023554426
1,0.8521334297305144
1,0.8481549612218037
0,0.23716669189083917
1,0.6426858153449908
1,0.6848842649739915
0,0.032981082772108115
1,0.8283037986623597
0,0.0842280199134013
0,0.011886851705493836
1,0.6584572644634423
0,0.07396967247762673
0,0.3835323718666243
1,0.9944102224387793
0,0.06104177801326132
0,0.25952254715384604
0,0.32039408895153215
0,0.15959244980175663
0,0.12849378787498938
0,0.04473743596095307
0,0.38920992779044394
0,0.3200666930537909
1,0.8235650427773331
1,0.983650216279778
0,0.2329482983984162
1,0.8146694744774811
1,0.7245405391337568
1,0.5974584323079958
1,0.7073153441820804
0,0.41871350080549286
0,0.03065905468483054
1,0.5755744079259785
0,0.07511143461905032
0,0.2558551449354257
1,0.5551200983901805
1,0.5768569012748388
0,0.1747178185894956
0,0.09937326769444269
0,0.207340504285189
1,0.5784313481622412
0,0.3932264803243089
0,0.046571669384322
0,0.028197757577202883
1,0.8016449627254183
1,0.8982103710316206
0,0.061161594326563595
0,0.03776567778197321
1,0.5799172489896821
1,0.8423336936090466
0,0.00842848505774083
0,0.31072740403448107
0,0.09817599578567131
0,0.09404568317641906
0,0.04435445949288258
0,0.3515895771437739
0,0.07746494140853111
1,0.9444410211027344
0,0.0043689395065932175
0,0.07453234621312911
0,0.2532318893156975
0,0.15633538778075928
0,0.00032606748168977745
1,0.7187834372247656
0,0.13686462537117042
0,0.06364473134575097
0,0.044515999870574814
0,0.1738736139062442
0,0.1874264469176532
0,0.011688683921560573
1,0.7192355930929341
1,0.9341776740847219
0,0.15966623307341477
0,0.12423621607913846
0,0.1560418454679438
0,0.06818254890126431
0,0.15857167991684432
0,0.1391909217294933
1,0.5837302931092271
1,0.5323092631436155
0,0.034963256246612645
1,0.8348223728999752
0,0.1015117741333147
0,0.4507008385709872
0,0.045059210055352905
1,0.716836458244082
0,0.0616208848464341
0,0.1629419680442656
0,0.18304185952384935
0,0.09639184753017573
0,0.15288453313472683
1,0.6018692684912014
1,0.687641790235572
1,0.6365172286738959
0,0.4684801210323807
1,0.5473162578764335
0,0.20568842629219156
0,0.37182620199683625
1,0.5443696610096221
1,0.6287618994882231
0,0.017961079041858216
0,0.22129924260355477
1,0.7122754812008187
0,0.26123233807401125
0,0.13354959416949225
0,0.4605814168530043
1,0.6152992776495682
0,0.20901469096417846
0,0.29916132610474533
0,0.09307747613609263
1,0.7819726460171872
0,0.2398628080755394
0,0.31994834434100833
0,0.1421708151123538
0,0.2694761976298839
0,0.2606456856805551
1,0.6797286544751733
1,0.57105494351419
0,0.48137830036368917
1,0.6727581060584398
1,0.5328932791035674
1,0.8020466227332882
0,0.4218620154150503
0,0.009910055936574921
0,0.23616245592877697
0,0.34280885467111616
0,0.00829637584679893
0,0.15310425692716834
1,0.968734071890246
1,0.5720811890528847
0,0.15893931639889544
1,0.9508502676348184
1,0.9269074756500707
0,0.169198476613117
0,0.09143845886517447
1,0.9521752398741918
1,0.8268480409160245
0,0.022842357104249922
0,0.4965082589459155
0,0.1053322826711934
0,0.14080068655139177
0,0.013612219236748251
1,0.750491656759385
0,0.035839237012058656
0,0.2932268078879317
0,0.3498715292743584
1,0.9469239898232246
0,0.27515032713751597
1,0.5155259589691326
0,0.412041219287469
0,0.21927942180642732
0,0.007861239076337886
1,0.9408572084002006
0,0.3976596736121637
0,0.14326383452637442
0,0.3342539626218544
0,0.11422875638612333
0,0.29973022584864734
1,0.8648992647379126
0,0.12079850862995582
0,0.0563772084482543
0,0.06032155627871946
0,0.24044800898431407
0,0.2540016860328173
0,0.2857787428863943
0,0.1329642577625922
0,0.11059384803421642
1,0.9172879889985195
0,0.2304511553230395
0,0.1122917657255066
1,0.6499730399445134
0,0.08932496658201684
0,0.16990501980755746
0,0.13742063752337677
0,0.34308741276546495
0,0.34703541679953176
0,0.3729313559026757
0,0.34910413183183653
0,0.489343507560114
0,0.12620588737089986
1,0.6893223834911779
0,0.19069005509626594
0,0.3040794384040906
1,0.5554465853909332
0,0.4304452923732665
1,0.8437562977959578
1,0.5006709417117063
1,0.8488405585534097
0,0.13351968482711835
0,0.2764139501459212
0,0.02399588372634411
1,0.7994473919469182
0,0.26808140827033305
0,0.06916021347064738
0,0.3412675372138736
1,0.6328372564709145
1,0.9315440663352295
0,0.25596253548387904
1,0.5733070607012015
1,0.6680080131497459
0,0.004973612385152019
0,0.09514381650340387
0,0.36327890274007646
0,0.011429223241544656
0,0.1527036031841184
0,0.1155920463162683
0,0.20400386924873595
0,0.32330217705430836
0,0.1952263224135326
0,0.0753982814115527
0,0.39672315364732313
1,0.7188144721209044
1,0.9333488319999216
0,0.024250989775229714
1,0.8322859923102458
1,0.8997224391778257
0,0.06534964137576017
0,0.31700690882161886
0,0.007450559961865211
0,0.0979441087550992
0,0.0027628661866554265
0,0.33507874206258104
0,0.20394845097698808
0,0.044728805569105134
0,0.47424954983660567
0,0.39042865882939215
1,0.7464644858411125
0,0.1344919791526956
1,0.8357314094077276
0,0.11089909992293
0,0.07929999319346406
0,0.4668567183625121
0,0.31414032240021744
0,0.33096244166972455
1,0.9833984568451282
0,0.0641030436437703
0,0.03192391739826574
1,0.9861006350877799
0,0.21408322551081546
0,0.14634224497166767
0,0.19550300046068908
1,0.642555793820801
0,0.3362832075186465
0,0.2978483142637673
0,0.375709791291681
0,0.19541413594667045
1,0.9352293977629011
1,0.6831987001740144
0,0.21266224761394864
0,0.10898292049426513
0,0.3372604114760615
0,0.30092287417526614
0,0.11842251042116728
1,0.556625834975149
0,0.09699743816267993
0,0.08620214993686603
0,0.08083888586794036
0,0.0136883713633431
1,0.5034678440734698
0,0.006049898495658106
0,0.11769194671482586
1,0.6069213704088406
0,0.13651898007051344
0,0.02314369211881839
1,0.9971948880263883
0,0.020112552691617196
0,0.17138825220978174
0,0.10773901348932435
0,0.012796402046836207
1,0.891257314975144
0,0.08598521115769
1,0.5243539318481557
0,0.0284453144454414
1,0.8892917299491893
0,0.05261890991691627
0,0.10725258223603157
1,0.7005126548768142
0,0.2127778456967129
0,0.014727438534848198
0,0.2675690183680802
0,0.388012931674087
0,0.19026192211598117
1,0.5261377990101949
1,0.6202090071259783
0,0.2193793871810454
1,0.815058999984949
0,0.005708019366816641
1,0.9755849850153244
0,0.02106763737170029
0,0.19892269287510211
0,0.33409963690267186
0,0.10985204836507732
0,0.1652269175122311
0,0.20941203066177919
0,0.34792358590529937
0,0.155706840255678
0,0.14028115073045297
1,0.9444297893926713
1,0.8955707470140949
1,0.8069237107342805
1,0.9996842212272109
0,0.48617058227173465
0,0.16249698701588564
0,0.16873315767318134
0,0.18024983872799025
0,0.18624138187035805
0,0.19194935445375977
1,0.6543037522048233
0,0.00563656822421241
0,0.02727900652586215
0,0.020415141649489175
1,0.5493114458685316
0,0.10946000627852431
0,0.16632029147996832
0,0.324977627666404
0,0.27261525972350015
1,0.546034262907183
1,0.9568967040043682
1,0.7818051011338176
0,0.42019201451167665
1,0.6106967113825249
1,0.9851721978453143
1,0.5868486508483028
0,0.2625404155853638
0,0.40797578082482533
0,0.21957490095769208
0,0.3291357120846446
0,0.05619264073822548
0,0.014581601960972934
0,0.0010469588898889362
0,0.3561055285147293
1,0.9618507034111612
1,0.8712382045608948
0,0.16953679784465775
0,0.3980652277681412
0,0.41603851163737454
0,0.03495816646823999
0,0.3044121753892786
0,0.11269860592565709
1,0.9269609329138744
0,0.0016463620254767507
1,0.9800894774534166
0,0.45854792038995695
0,0.49856079441554585
0,0.21155222896428882
0,0.3150841185731423
1,0.9988162775459138
0,0.006136625710830937
0,0.22209362652026057
1,0.6058515231542388
0,0.28741121473985215
0,0.15982756532727754
0,0.03573812465027058
0,0.36454762001401314
1,0.6746629798850681
0,0.31412728938921736
0,0.2969689136695556
0,0.09855116963008795
0,0.1064794715435543
0,0.4208480543513725
1,0.5092755191765281
0,0.2592879828548545
1,0.5360183240269117
1,0.6173975796775257
0,0.11148577636738337
0,0.24993650357133063
1,0.7796566176215888
0,0.18432912783318967
0,0.01019774075118212
0,0.38792937511176806
0,0.29594412110563567
0,0.17962105063629275
1,0.9810905140089988
1,0.9928320777538114
0,0.45529613614034076
1,0.5131821543689916
0,0.025465281195921043
0,0.17715067008611576
0,0.009449839723542582
1,0.9602706925685286
0,0.0028516408139879963
0,0.011727565946416873
0,0.25122079278188403
1,0.7943411497283953
0,0.14560077265152313
0,0.29154537310733547
0,0.2079480406068916
0,0.18931936579149267
1,0.8239847390953272
0,0.15486429214594213
1,0.9385121384866575
0,0.12104615079650596
0,0.08562694017289528
1,0.7393532341202994
1,0.8386007000906969
0,0.003021182186844797
1,0.7661182275194895
1,0.9939594509123627
0,0.09646481820103753
0,0.03645108776373226
0,0.3638421461768343
0,0.39690270848448594
0,0.08285357368594885
0,0.1533174153458965
0,0.025974983760667186
0,0.09282535310639062
0,0.1814344117855749
0,0.32014002530582225
1,0.5609331648676568
0,0.06443290741651662
0,0.009623376792545841
1,0.9804284898925012
1,0.5725561914808796
0,0.3621921404112284
1,0.899097701956507
1,0.8883560085175031
1,0.5953326069054182
0,0.011701694174958664
0,0.25195627058955744
1,0.6889758524857793
0,0.09198626706335478
1,0.978776641024304
0,0.3618802584906307
0,0.2840171896352035
0,0.48064724880544923
0,0.0917155384113509
0,0.2923326537497926
0,0.08460201160894457
0,0.2533407817526281
0,0.40246012820139787
0,0.458115149221551
0,0.017617945870894842
0,0.026162521447827814
0,0.09395675877208831
0,0.06033586313282752
1,0.985623129823214
0,0.2229417216246571
0,0.3874810947734225
1,0.7393891603155501
0,0.014354238887020896
0,0.14518007335731664
0,0.24213188907712996
0,0.038642830852185034
1,0.6773000514214164
0,0.31922914690368565
0,0.21860776426440537
0,0.29082227353764184
1,0.8146389390865518
1,0.9628764887812994
0,0.033097368279465765
0,0.10768742629127048
1,0.856465152459239
0,0.022616130681296396
0,0.07531874433045163
0,0.1978553018038279
0,0.19027001730571944
0,0.37213191143342733
1,0.5148946907173103
0,0.1461178010593306
1,0.856350791854955
0,0.21357994644590095
1,0.9987410709276315
0,0.030619628688757963
0,0.08298888537947562
0,0.029294495721183342
0,0.07162939548116368
1,0.9822240112889088
0,0.43250558417433976
0,0.10115361949047356
1,0.5027455331034296
1,0.9139475329709178
0,0.04674704038954695
0,0.3017544295810138
0,0.18257966632198186
0,0.09077229966067968
0,0.10792743618082781
0,0.003451128899649291
0,0.31237279054410344
0,0.06831602673368609
1,0.6280565887651033
1,0.8915582523396666
0,0.20980255564685094
1,0.5222415327040499
1,0.8471353989591843
1,0.9749743355714379
1,0.6125338666074267
0,0.15937592394512395
0,0.16675246217530376
1,0.6479342885057885
0,0.44203026702732756
0,0.055008790220768204
1,0.8718383610052884
0,0.15712876139263884
0,0.23804685307718348
0,0.28100836331979256
0,0.26252871004653056
1,0.6788781107299652
0,0.22176360813801982
0,0.17606762885776744
0,0.22227610521847016
0,0.39461788056144836
0,0.07015864939101608
1,0.998350951081431
1,0.60617527991786
0,0.2631411505438952
0,0.009026388540045832
0,0.11026071860415576
0,0.2982650299306842
0,0.04204161518963539
0,0.10555921065605735
0,0.06638396919858411
0,0.2279214493125824
0,0.42800901349068793
0,0.04479425478864364
1,0.9305190641494552
0,0.1678693906394928
0,0.06362780533196585
1,0.5494121562384039
0,0.08756627860966833
1,0.5102555096632143
0,0.16253653945539678
0,0.24952504617432375
1,0.8771483389406243
0,0.004245389073813066
0,0.04934758900869356
1,0.802790869158136
1,0.7034479361638639
0,0.1664329393178764
0,0.24935977712281143
0,0.004015708485026172
1,0.7917459013601466
1,0.9615802930125023
1,0.6922019708521476
0,0.06738428459878917
1,0.6771709641826263
0,0.026392578252251546
1,0.7823088900228781
1,0.8240661064660415
0,0.2906441413917842
1,0.6877173973881164
1,0.7666415282163689
0,0.3191212570051601
1,0.7111746324707274
0,0.15447072294827535
0,0.04766001084381705
1,0.9646574757529573
0,0.4023931568637264
0,0.0634103441607557
0,0.12334552004189357
0,0.13320962361322927
0,0.2728392937322622
1,0.8995965129694201
0,0.1687486215226266
0,0.05152397945164899
1,0.8526563597616145
0,0.06517465432572003
0,0.19252771606054783
1,0.8170313644066488
0,0.34817958983974423
0,0.34846034006485743
1,0.6126237458990399
1,0.985937750369552
1,0.9149120261094428
1,0.9671492805155041
0,0.0644302200470674
1,0.9570555015744918
0,0.21054836951399533
0,0.02261672689351141
0,0.09617004116733643
1,0.8456297561842372
1,0.9744322023645635
1,0.607010222232323
0,0.3948644805408754
1,0.7836355418110094
0,0.490257187427509
1,0.9087060253399902
0,0.2911960702788899
1,0.8007280154285551
0,0.0028144220394573797
0,0.2845243799719677
1,0.9386685839435561
1,0.9275459206646482
0,0.2582968923114444
1,0.9351164014152193
0,0.04920103095535048
1,0.6723820554052768
0,0.3753399269648426
0,0.008591133978633524
0,0.1428149146126355
0,0.02401542651761325
0,0.20336060130115877
1,0.903318622247014
1,0.9018557883740285
0,0.08626169957722277
1,0.6433977522665807
0,0.016104926604015635
0,0.03144610863500736
1,0.6534852445403757
1,0.7473245227205777
0,0.0023143014655570603
0,0.33251712072209283
0,0.19575681887766186
0,0.0701963992746135
0,0.12625944150247276
0,0.217873211972178
0,0.06484540700283302
0,0.2847931059759021
0,0.3194503522413628
0,0.010377235927794893
1,0.7775656465472246
0,0.16951762775420312
0,0.4549722272308791
1,0.758882936515011
0,0.18290375182893737
1,0.6268384366661136
0,0.06400221716328387
0,0.04361894985968766
0,0.15059210538150455
1,0.9125410282223007
0,0.2573963992123618
0,0.2764111512083507
0,0.010515824822410426
0,0.21015652146623479
0,0.37812241121612206
0,0.3302182680733105
0,0.4919739490594939
1,0.974886564572616
0,0.17594261802584843
1,0.8130027591307385
1,0.7280987799306383
1,0.9807269457601155
0,0.30008394738540844
0,0.34716044514535077
0,0.4961143300074988
0,0.4198852387044775
0,0.400132729756839
0,0.11116483172208017
0,0.2618095773835301
0,0.37445722898222833
0,0.06247599633571531
0,0.13077131260210548
0,0.13614664140377564
0,0.03598658411492769
0,0.01354353801188939
0,0.025309112031578897
0,0.022083247729220434
0,0.26867176912210167
0,0.04590627512798123
1,0.9347125344324411
1,0.7924086656057768
0,0.23756495670152994
0,0.27931861755179693
1,0.7476248332586489
0,0.30821051532869914
0,0.13084802362724773
0,0.4379452016054116
0,0.14609557290146832
1,0.9779080565059443
0,0.052488917331792465
1,0.519887712034328
0,0.08853029531533095
1,0.8771583239861219
0,0.3373367488219429
1,0.7652494193998237
0,0.025274302423875183
1,0.6634489017524745
1,0.9598454929070094
1,0.5702993094336751
1,0.9290282249177397
0,0.028149316184655108
0,0.11655936179940593
0,0.041633697107622304
1,0.9740708900590588
1,0.5914250535379982
0,0.0014728386092704366
0,0.4079125219118026
0,0.3614902960273441
1,0.847093910933014
0,0.015904518919725406
0,0.3819837761402881
0,0.06951048705496435
0,0.07089205593088342
1,0.997419662235327
1,0.9203485152752006
1,0.8695444171209867
1,0.6755633254746658
1,0.5692258265028438
0,0.08212818630430965
0,0.021037241500443726
1,0.7497169234932372
0,0.10138318382460286
0,0.23874887354889426
1,0.9726189982726391
0,0.3232173847935546
1,0.8250209807222024
1,0.7772259548215181
1,0.5511755481742984
1,0.6605035638894494
0,0.06347543927368245
0,0.2623180289001559
0,0.0005512223005920267
0,0.02914162622965685
1,0.7017416623210222
0,0.2271805588150122
0,0.1974058286055131
0,0.0033754365378266455
0,0.3293030778532957
0,0.07502618477369258
0,0.25036784824849245
1,0.5234881037678493
0,0.48020580002927593
0,0.017731812297075267
1,0.5366035153610922
0,0.2913834572025277
0,0.09968015522768126
0,0.029271978612652166
0,0.3600983840499387
0,0.09787533634007026
0,0.1562201832184415
0,0.0006307156745405641
0,0.44512208870330505
1,0.945497371604956
1,0.5907776296644306
1,0.8390695794278407
1,0.6397630878881638
0,0.009648989813746357
0,0.4168137938083701
1,0.955858523963516
1,0.5014917095432821
0,0.3507774768124756
0,0.0954406051091096
1,0.7707256842216706
0,0.09763128492581846
0,0.3910761722695208
0,0.021634299131645867
1,0.5222767330754897
1,0.9026728856252149
0,0.1458966202241737
0,0.4356858164923207
0,0.4687847483649373
1,0.9796097184068053
1,0.8971948691059045
1,0.8805943044169862
0,0.023388578063941005
0,0.22134585441168067
1,0.7086146684586359
0,0.4643506303709166
1,0.9476621925106122
0,0.13952241945561814
1,0.6565998874303453
1,0.8721014054362158
0,0.3365856770144176
0,0.28145581564762123
0,0.3285013051003853
0,0.053197562403837904
0,0.1787610994455006
0,0.1884119766361
1,0.9835264393400575
0,0.3179846971729179
1,0.8616261058845956
0,0.23150169116079033
0,0.2794995195575749
0,0.0025932500571613152
1,0.5527623099790667
0,0.38745516534676555
0,0.3412155993067074
0,0.21527752394577812
1,0.6499314561474919
1,0.5217674337941005
0,0.11948481455547044
0,0.023588962338392788
1,0.9575153498285164
1,0.9067694356465001
1,0.8041770461736225
0,0.40999163317447895
0,0.20108271376735676
1,0.8497268355571401
0,0.015357841607755373
1,0.7923807070943738
0,0.11533273712653203
0,0.02008973167519427
0,0.0013495870270134765
0,0.002930223297263942
1,0.8605290298287173
0,0.00316163195641215
1,0.6285605250179748
1,0.8909266051047122
0,0.40542824331608296
1,0.7117524536763655
1,0.6629794636730444
0,0.21064416471016204
0,0.04746707938951982
0,0.3035440735826626
1,0.5612435599481063
1,0.9165637535752085
1,0.9261884567147776
0,0.1863876554274131
0,0.12507012417428268
0,0.4364543991013577
0,0.1332314862549077
0,0.017095819880561882
1,0.6648036871925188
1,0.5834718242931506
1,0.5041338808276951
1,0.7030086689799845
1,0.9842051770121636
0,0.11172657151950838
1,0.701013930363914
0,0.014642350150170567
0,0.16069074736329841
1,0.8945799324488898
0,0.06623759896549276
0,0.26171378413803664
1,0.8627859052515923
1,0.7101213789806167
1,0.9881530224577788
0,0.22706733151249192
0,0.32879156372652785
1,0.8520078690426782
0,0.40680732010532455
0,0.13265726890811205
1,0.6992118737191487
1,0.7372085357591004
1,0.813144098196784
0,0.2339834339170886
0,0.37567126981317284
1,0.6412430279660573
0,0.022872258313049006
1,0.883767126299183
0,0.30427024303044753
0,0.025331254835710297
0,0.4513805097053082
0,0.36876584180137995
0,0.02489131232490185
1,0.6508643446440519
0,0.07651856411845125
1,0.6502517177820437
0,0.25326890827799947
0,0.26200902533197346
0,0.2339158664339512
0,0.025000349527914998
1,0.7118456257212813
0,0.1625510392698843
0,0.1275717521968844
0,0.010112428692463798
0,0.24727875694693457
0,0.02868451949345178
1,0.5655240702630479
0,0.434644409830484
0,0.09637194244680355
0,0.18739871591228832
0,0.054937761238330884
0,0.003985220609546809
0,0.05869599499932941
0,0.0420960129557569
0,0.1418275810753323
0,0.4221834527622402
0,0.24762769431890344
0,0.42540460623739906
1,0.7399553232377233
0,0.40584291674258044
1,0.7463239609113098
0,0.1276970982188514
1,0.9696137540553028
0,0.20405524173569178
0,0.07530678834499575
1,0.7095542881100925
0,0.05831854956493083
1,0.7400674819022712
0,0.36544901198355323
0,0.06941699067953319
1,0.5890480632034472
0,0.10649139722544705
0,0.049581850297194065
1,0.5108789159453734
0,0.09636526833993056
0,0.30740990633664866
0,0.08660843390239861
1,0.6580070159827794
1,0.7702704538279155
1,0.5543735526243427
0,0.0007518260982272339
0,0.018026871396362335
0,0.22120955940583048
1,0.9386197481885793
0,0.37134449766396255
0,0.22959165585128297
0,0.04753345980571538
0,0.3522027124009806
1,0.9711692878894302
1,0.5954623514075423
0,0.07396441316638094
0,0.14703570288319717
1,0.8780553888952887
0,0.45087339103145363
1,0.5163991729556702
0,0.19946938443982934
0,0.27970559770100895
1,0.5248292218254129
0,0.33597162121313734
0,0.12740790852882417
0,0.09406607452548132
0,0.3180827486332961
1,0.5275166320160414
0,0.02204533907793374
1,0.5201494620884194
0,0.4237320771935651
0,0.18756042468113085
0,0.28660314355592853
0,0.16806024326799943
1,0.551529523436141
1,0.8365567935108177
1,0.9145421403288972
1,0.9189575322071216
0,0.1594076722348624
0,0.06076760126811238
1,0.6196485427730742
0,0.31845884360407417
0,0.17738582970746752
0,0.005451483427429102
0,0.08344361211325299
0,0.3513656890174791
0,0.15287538592962308
0,0.1912350313785038
0,0.10127772475068227
0,0.0023747528508903616
0,0.08525388880299416
0,0.16633203139603384
1,0.5782035047749736
0,0.06540627835394619
0,0.028496934627300564
1,0.6732561262066961
0,0.1400667722607184
0,0.24105761296973954
1,0.7550168648585022
1,0.8997047181864217
0,0.02883222116818259
1,0.7211525615915794
0,0.326235334078048
0,0.056810839564493336
0,0.3371401000331457
1,0.8875671996768921
0,0.4317108408665667
0,0.01908307994812241
0,0.45395262351646903
1,0.7799194929072649
0,0.07424605387462956
1,0.7634764316403444
0,0.09881651096775604
1,0.8517744955614208
0,0.47087888122090144
1,0.7145858932359604
0,0.024492961183836
0,0.264942801791101
1,0.6134124706673842
0,0.2335616166378343
0,0.0698661043589938
0,0.042312994498890345
1,0.681834407424844
0,0.10260879890653575
0,0.4875097847559226
1,0.601461437253753
0,0.0358612747950104
1,0.5178777800784815
0,0.1728000253695599
0,0.4874449080858481
0,0.19612903065254686
0,0.03277962683570991
0,0.24906853493657677
0,0.006350464793698436
1,0.6828159640888213
0,0.13641915046650824
0,0.08997797531525091
0,0.10680583196989371
1,0.8007004081039977
0,0.2905784481001865
1,0.7539258724004443
1,0.5592918238121707
0,0.18946892618750982
1,0.9232926243257459
0,0.4087420982038119
1,0.9533065763132581
0,0.2894069222914799
1,0.8830164577077382
0,0.1506872683030888
0,0.011675715617532265
0,0.28251041451581577
1,0.7690393026460216
0,0.2552178543477513
1,0.5786627007341213
0,0.030467290520828902
1,0.9880510393502493
0,0.06620845494740625
0,0.09656615566069093
1,0.879020742329149
0,0.20892441124017824
0,0.17520361612932736
0,0.10629898896419503
0,0.08443310544587711
1,0.9890817249158436
0,0.47994336887397404
0,0.08312352979172066
0,0.30530282822641636
0,0.004889689957931825
0,0.3664314948611108
0,0.36882630157198154
0,0.12400323991808361
0,0.4069909412209012
0,0.4934592241754321
1,0.6944844773787243
0,0.026653654247024722
0,0.03046172287402305
0,0.3913846587087212
1,0.9420471338800745
0,0.3103217333122444
0,0.32207875251870693
0,0.23141182609118358
1,0.9294320175154841
1,0.96192072812542
1,0.9730284408740968
0,0.09779055349599741
1,0.5449067173295814
0,0.0575595474186012
1,0.9028752462238472
0,0.009460152376480646
0,0.15022926927760855
0,0.00026951830433239577
0,0.0290751510476911
1,0.7856126282193138
0,0.10506362229523845
0,0.06416852550014333
1,0.6637427443348244
1,0.8210483417240977
1,0.9100006868725413
0,0.40051715442985025
1,0.6923117611974342
0,0.008158677323001205
0,0.13240820215256466
0,0.4175305202615759
0,0.36664505074995773
0,0.0988962263342564
0,0.24436974390211608
1,0.7962411204171985
1,0.6542976196118888
0,0.4156605402174601
0,0.14739951545881866
1,0.7296789746671868
0,0.2843941093107007
0,0.16571020476835338
0,0.040620396001241746
1,0.94129953076373
1,0.5683321615595038
0,0.022161902908358087
0,0.008123214303417087
0,0.43418365809040127
0,0.4244283592368681
1,0.656976209623511
0,0.01608775889975444
0,0.0926468767195743
0,0.30361408763760306
0,0.14473472142923188
0,0.07509057421113563
1,0.6875829673342654
0,0.12679083472016034
1,0.7794261423325348
0,0.13294563366704087
1,0.9493992323690023
0,0.33469775100450777
0,0.09491026815239337
0,0.13402535499624796
1,0.5820827752185432
0,0.16215485498283647
1,0.8948408252558806
1,0.9552818026971309
0,0.25295449697918676
0,0.3322131968733549
0,0.41709969243681544
0,0.020419590933290332
0,0.15624784437237124
1,0.8824065360848424
1,0.8828153147742688
0,0.28757151580585233
0,0.37662404202463573
0,0.29022210186930913
1,0.5090299444003046
0,0.1878958968459751
1,0.8296666380054786
1,0.8152831761179123
0,0.17029042928492366
0,0.21294574425970086
0,0.27749991341120805
0,0.05818945152209192
0,0.411983068408275
1,0.782042303303615
0,0.09866181272927553
0,0.07015867318643347
0,0.06542788328345071
0,0.0705008854851889
0,0.21544955753423237
1,0.9251505355773998
1,0.7880072831834106
1,0.5277392637356267
0,0.04520610141329639
0,0.004313454926000666
0,0.25717204300220436
0,0.18598755721405447
1,0.5415284955588924
1,0.9703733842363841
0,0.33489374039914394
1,0.5572501185361504
0,0.1361319529613142
0,0.006790485549487996
0,0.31750803483796436
0,0.3745292050443963
0,0.19846192564118922
1,0.5006327353089818
0,0.1276185434231046
1,0.9557366872367385
0,0.1758767378691394
1,0.533436399987229
0,0.055831863254898494
0,0.41904486502464
0,0.13736397595528965
1,0.8021037522333647
0,0.038995567555561036
0,0.42441795156764317
0,0.37720708326857105
0,0.034505532122450513
0,0.09080850944845877
1,0.9080874051024653
0,0.11262914345744468
0,0.0525193550106876
0,0.08573622741067322
1,0.584982884349985
0,0.009550920931536115
0,0.3955636117322671
0,0.3075527682889754
0,0.44764939813530996
0,0.12349054542335418
0,0.13481257890536275
1,0.5749551413150076
1,0.9799282923792693
0,0.0992738698877416
0,0.05247565464530565
0,0.3597550208959079
1,0.7202007593955181
0,0.40903793339704303
0,0.3702851501840811
0,0.48897032849761424
1,0.5527480106683469
0,0.13842038314025237
1,0.9254894994331195
1,0.7253840541085874
0,0.07454273049316593
1,0.5626542020270383
0,0.011629174140951002
0,0.28395220790613923
1,0.8167959866883824
0,0.1863775218246069
0,0.09444042420126271
1,0.835373670718667
0,0.3513887890044171
0,0.05556987719953745
0,0.3322274319881247
1,0.5158292937271949
1,0.5949495733055961
0,0.15061859937755
0,0.25982344396548657
1,0.5910133983439729
0,0.05420169800080693
1,0.9221684013763345
0,0.22549741968278833
1,0.9646508367767932
0,0.23799084509931093
1,0.5901325488745512
0,0.14879491649153592
0,0.16388551932217763
0,0.23580744838819762
0,0.16689842366041555
0,0.3773435215325
1,0.9285506403607672
1,0.9271108632880823
0,0.16474744471667735
0,0.3420960924464192
0,0.010170265431792119
0,0.10411171668131453
1,0.5300403746488621
1,0.5422127962752568
0,0.006153039790807959
0,0.2206266328383514
0,0.25035198075971166
0,0.08432056442619985
1,0.9963892587785618
0,0.32956495435945826
1,0.9108542954965366
1,0.5518629218561524
0,0.3072612637103861
0,0.28324982366782575
0,0.17299778803920987
0,0.044701859000859566
0,0.34765167872553226
0,0.16755745244938797
0,0.15128054453704987
0,0.23145387269929282
0,0.39279874400812986
0,0.46357243900894307
0,0.3091589959760268
0,0.2914455262365157
0,0.22603887459666602
1,0.9282769693389368
1,0.5261463362391017
1,0.7025108448785687
0,0.27582742599242965
0,0.10812136973859039
1,0.6351851119959079
0,0.20705863330348945
0,0.03717154050764157
0,0.076830966624281
0,0.13489538111442656
1,0.6821129730642054
0,0.32630372779206057
1,0.9914425217116812
1,0.9625456075293588
0,0.4148909899568512
0,0.08569384073628539
1,0.9618548611442185
1,0.6436283097447049
1,0.9770705268791298
0,0.48285909562283774
0,0.16113747757018146
0,0.024432646334596506
0,0.1253620159724542
0,0.18774406772302757
0,0.36653676081664127
0,0.23047178438133264
0,0.14010314502955976
1,0.7367148658666629
0,0.49327071874039785
0,0.09508001006061284
0,0.2846564501513022
1,0.9667541987077438
1,0.816354399819174
0,0.06506890108790916
1,0.5047282607915445
1,0.9447642056481247
1,0.5639435552163161
0,0.41638106388752916
1,0.7824440869920315
1,0.7058672234330808
0,0.3254352199101487
1,0.715056970246702
1,0.787172232010658
1,0.6461352895466616
0,0.057503158836319804
1,0.5713065339628614
1,0.6677218560193466
0,0.11415394757476753
1,0.9077775491872879
0,0.20972694167885603
0,0.10141208009129979
0,0.24723639539041595
0,0.29224001647671133
0,0.31290027178160096
0,0.05520937180273952
0,0.050673511802561653
1,0.5417406233680095
0,0.30161165103149823
0,0.1065707090777347
0,0.044220007910790844
0,0.07475220140084231
1,0.8697082046613841
0,0.28099330459478683
1,0.9579561564649475
0,0.09915825631259588
1,0.6484272259246242
1,0.8020270447183843
0,0.3144450884575091
0,0.49885688910691944
1,0.6275534195742681
0,0.037468713065051805
0,0.2896302045242197
0,0.12456763902499225
1,0.6733712649524629
0,0.021856251317157842
0,0.055517407334160836
0,0.1288828123930585
0,0.25604942664419156
0,0.05029900357242697
1,0.7951453309054491
1,0.8633423175224065
0,0.1314305456254483
0,0.14731920318111358
0,0.00558907890829159
0,0.24492129480154637
0,0.49190773423452216
0,0.17357151272437335
1,0.5149264469267119
0,0.12026752273323582
1,0.6426977126562823
0,0.10631971647246549
0,0.4012301842010441
0,0.202339786001875
0,0.17662800276922755
0,0.41475780953305935
0,0.19404094129240151
0,0.025147070020787796
1,0.5931786852851413
0,0.08962900093532887
0,0.014833537576249896
0,0.22032969390312868
1,0.9485113377120212
1,0.5259568280928224
1,0.830665057919258
0,0.42154748138559744
1,0.7807405024284396
0,0.11150958365139495
0,0.0037641301623063967
0,0.15023818668514455
1,0.8511932893578372
0,0.4424294446168276
0,0.14662401834839994
0,0.1652372419568668
0,0.12120999195493892
1,0.5385700790398888
0,0.009682858716589917
1,0.9670128986190578
0,0.006919011731366908
0,0.20150147731624313
1,0.5095518932966944
0,0.17841344964729436
0,0.4491866313677036
0,0.05813343056193983
0,0.07609979792088893
0,0.3765956580517687
1,0.9839074887366916
0,0.11337065154720502
1,0.6305126781676434
0,0.498880617438416
1,0.9132884568216654
1,0.6345858163216975
0,0.053068278541001414
0,0.2111638918992611
0,0.13829061386409516
1,0.504639723207009
0,0.016159302785657092
0,0.059721579536160814
0,0.14694461009259022
0,0.145503131662644
0,0.01342979367515105
1,0.5743075716406261
1,0.6145072719079351
0,0.30653581783552736
1,0.6074422001447092
0,0.0008119024518697562
0,0.018107203313173583
0,0.01896132428501025
1,0.5741712742101011
0,0.15162328517895443
0,0.004801393791491598
0,0.1472590007283912
0,0.2104698785325384
1,0.9963392559533627
0,0.29199086583742784
0,0.0014638130371934324
0,0.4399098258784401
0,0.1659448740839096
0,0.04855274521532923
1,0.9287992160063823
1,0.5290202425875417
0,0.32339607419173194
0,0.10276994468810334
1,0.9075787178994413
1,0.737686118628192
0,0.4539296926054163
1,0.5562310158942351
0,0.14136117974998624
0,0.47468836827543104
0,0.0003349058824164424
0,0.3674353240874736
0,0.011158998564604231
1,0.9341606116384613
1,0.9438930562308576
0,0.14371344593814803
0,0.0038497052803378533
0,0.10338998821846192
0,0.23840102941536206
1,0.7984942625113985
1,0.6533716888607646
0,0.40252791980292046
0,0.2362593497460174
1,0.8200834458486003
0,0.28231265167359726
0,0.25294772171525726
0,0.016313028983054097
1,0.9820520253688926
1,0.9572150328155078
0,0.46252266119690794
1,0.5395625277087821
1,0.9660387434309693
1,0.8606809652280897
0,0.27665513816699017
0,0.20458840190630376
0,0.048472295392977434
0,0.36972527859453524
1,0.6900910267291348
0,0.49772082436408177
0,0.06940484430091966
0,0.44688568534365614
0,0.2931959444227713
0,0.306964131444788
0,0.15584358567803752
1,0.7980533334081813
1,0.7706890378563932
1,0.7618627209739872
1,0.7447387856474108
0,0.03768635748698991
0,0.20654188815405106
0,0.36190277225908657
0,0.06671015478992268
1,0.7702976687956816
1,0.7897477170286634
1,0.7107548696754548
0,0.32031732615319963
1,0.9383941392103934
0,0.44513907779665607
0,0.0434949290068082
1,0.9843068097769115
1,0.6346218104848169
0,0.43890429104597606
0,0.07481533132115092
0,0.41255677127036955
0,0.2400358624891761
0,0.0010583531762264912
1,0.9911412274684456
0,0.00569989832474778
1,0.5989441181758299
0,0.4363547611268067
0,0.06207326864979014
0,0.05724448039074731
0,0.3371931141176937
1,0.9866489460996191
1,0.591632890080746
0,0.42859916959106154
1,0.6483449712982023
0,0.008592463551694797
0,0.044510106073055916
0,0.07779549374955598
0,0.4853695225308343
0,0.3860297085090368
0,0.08485783235189653
0,0.1723162880831799
1,0.7423958831757402
0,0.3968515423815852
0,0.3489769945813706
0,0.22825211372224385
0,0.0566499808132308
0,0.3620265462478702
0,0.2514170981552953
0,0.1823180548532477
1,0.9930554840899588
0,0.23522825621860394
0,0.40092474181042004
0,0.057624392651887305
0,0.15604593436599484
1,0.5642160640535026
0,0.07491358853313763
0,0.2884363143746566
1,0.5614436384706379
1,0.9364435124126687
0,0.2658276967454049
0,0.4790875724176768
1,0.5475221483241748
0,0.053152494744294385
1,0.7947327314204132
0,0.12007227127930821
0,0.46969156385094357
1,0.5744855865596908
1,0.7073057941401479
0,0.40803649208864884
1,0.9369247121380634
0,0.09075987697699724
1,0.9750964722636118
1,0.5781374575946019
1,0.5196408215345912
1,0.6791053274510583
0,0.02981477285611486
0,0.11371554368809894
0,0.12911361914130348
0,0.02550664220504103
1,0.9588383570160257
1,0.7250110163314927
0,0.04393494912686176
0,0.09082257800086793
0,0.013739025942559695
0,0.22383551696701284
0,0.0963781194449525
0,0.3370148699865023
1,0.7462875367495962
1,0.9988259057493525
0,0.2838249879463645
1,0.7560515242940894
0,0.058368163211163705
0,0.22277034797133752
0,0.0071827779824111685
0,0.27030182101321526
0,0.0700853382343518
0,0.4275427535801597
0,0.10579687233457834
0,0.32497544308115933
0,0.003147527142787041
1,0.7126060623017353
0,0.16777334010546832
0,0.17642442758893448
0,0.2991479575390792
1,0.8473241134448604
0,0.17592463303398587
0,0.001146175872269561
0,0.037193733325077215
1,0.7066309618355904
0,0.42474596328618686
0,0.3520990657471972
1,0.5976889902242221
1,0.6422625850163445
0,0.43687635144618153
0,0.29310842739961346
1,0.9462305080858286
1,0.639129391734332
0,0.43102414649398824
0,0.07687214077013481
1,0.5232698543568016
0,0.2412978731752386
1,0.6755800066041829
0,0.0003002335975637039
1,0.787695171643672
1,0.809097322460437
0,0.26431910113140955
0,0.11670433712370529
1,0.8984401919228472
0,0.01707732633822975
0,0.053559306522237435
0,0.1309848890321113
1,0.8209872267010822
1,0.8465864224760634
1,0.8642914407875779
0,0.047685773303448774
0,0.060097672774322576
0,0.0017727016457829102
0,0.3472418431249721
0,0.09198194463270797
0,0.06088750942189263
0,0.15426967420630577
1,0.576053499985612
0,0.3805483640912936
0,0.2535177415230484
1,0.6768834819880295
1,0.9880790630962416
1,0.7117127309357842
1,0.8218917411499094
0,0.016508224131897724
1,0.7272622456305166
0,0.11795380504310937
0,0.4878504618614215
0,0.0036355508644152915
1,0.99560344897894
1,0.998387272379355
1,0.743926763775531
1,0.5466309539804837
0,0.4033491797025371
0,0.1901847401023972
0,0.014261362519708656
0,0.07274684739839993
0,0.30810705839367825
0,0.2465020222914169
0,0.25810626606268783
0,0.39789265742422053
0,0.06924249322297778
1,0.729442147790686
0,0.3036858649677185
0,0.1733809802690096
1,0.9710810156116265
0,0.03359597423619808
1,0.9507491476719385
0,0.05415339433401182
0,0.36371675544818266
0,0.07536620563243891
0,0.3456543825136191
0,0.011503384359455197
1,0.9900473423918192
0,0.2329768053385591
1,0.5427848550997667
0,0.3917883185655165
0,0.42329933102555906
0,0.057755055551631684
1,0.7931096887643477
1,0.8937506206586094
0,0.026769775408923682
1,0.966929055527273
0,0.14181156293204492
0,0.48681227206108096
0,0.19987648830196753
0,0.022677416798858572
0,0.4105953409872197
0,0.29274564138964815
0,0.1998983100965523
0,0.19895005288052012
1,0.5993469698534841
0,0.4943854781058048
1,0.7064303540901042
0,0.00018322741182417939
0,0.20237722760562252
1,0.6853789308215253
0,0.23101431086279028
1,0.8137394753212366
0,0.04697761761835104
1,0.8770011622311293
0,0.08214957675421741
1,0.8686272530874692
0,0.130236846943968
0,0.31438763191130353
1,0.6215994255665591
1,0.899050246056431
0,0.49159609901028106
1,0.6701225245869907
1,0.9999812132075864
1,0.8248619861849021
0,0.06314218373874798
0,0.3407955445330022
0,0.026329054653236917
0,0.1672323701738714
0,0.04357619881013233
1,0.6512060274727436
1,0.9237367726318398
1,0.9011835751402615
0,0.1649636251388852
1,0.5563853704655306
0,0.25626578415325685
0,0.24284951148786116
0,0.012076755847886783
1,0.9878022200130794
0,0.013663881601023983
0,0.4004134379212946
0,0.07906330449302566
0,0.42151163076331377
1,0.7103244574831948
1,0.6672774662360609
1,0.5481551428141036
0,0.3561736356332879
1,0.942720380649303
1,0.539263936057419
0,0.055437056814936755
0,0.41832302367950214
0,0.061826567123952195
0,0.11194491681813354
1,0.986939801290605
0,0.31750116815817203
1,0.5328022947379207
0,0.3644266186703585
0,0.29070605842022496
0,0.10833054457041215
1,0.5949047591936047
0,0.4751503120724515
0,0.16543166269062487
0,0.4674944820981724
0,0.0055439493962233
1,0.7235091697827716
0,0.4760902954467693
1,0.5284839119098371
1,0.699168471867199
0,0.2827093755218875
0,0.3932023419296078
0,0.02730932078693552
0,0.07704783327529599
0,0.40892725980840144
1,0.5161789013337871
1,0.7798967484145853
1,0.9726253209571949
1,0.558354174590641
0,0.4104864594776915
1,0.9306216091025924
1,0.7888211533384599
0,0.26508580342983545
0,0.01830119174626745
0,0.26760150145777345
1,0.791999143544721
1,0.8098679022794742
0,0.03780492478133254
0,0.2784386215003815
1,0.9804913446471522
0,0.28962154151625824
1,0.5979139911487996
0,0.46376854523492167
0,0.2454165426882958
1,0.654029206909189
0,0.01618636321071405
0,0.010874270592107828
0,0.15960962420832656
0,0.20656893990191694
1,0.5622813315134978
0,0.1694218028985866
0,0.010589902047654608
1,0.6432063236716141
1,0.5464796198697407
0,0.06611960643699469
1,0.6197100817818338
0,0.2845030847449905
1,0.9124839021671984
1,0.5682445513147445
0,0.05092197713370576
0,0.16297625026291535
0,0.19836049168204603
0,0.06179089780578167
1,0.9170394351117102
1,0.7355559136319696
0,0.049356851042834396
0,0.42316140233982086
1,0.6827259939450364
0,0.04288646347951679
0,0.26236578832743157
0,0.2616282705201483
0,0.1262239604265796
0,0.2637882876658144
0,0.38983141222665935
1,0.8061337385007644
0,0.20562628286127385
0,0.2964976377155811
1,0.6431559537390397
1,0.7214689256242796
0,0.20683248565809806
0,0.038852744545411357
1,0.8038898709432566
1,0.7866990795260205
0,0.4135977725851669
0,0.043358831129768356
0,0.38856622961122494
0,0.12022666874137944
0,0.1786743433675048
0,0.0038622184056485496
0,0.24659764738781847
1,0.9539324391583696
0,0.08117394461796894
0,0.20178261685188295
0,0.48193683287208183
1,0.70186403424518
1,0.7464940308361034
0,0.0204868775497904
1,0.9313833079935993
0,0.1090912189525563
1,0.8237172244759273
0,0.24437064897434008
0,0.17512335099953721
1,0.600315217857956
0,0.1987284887163019
1,0.9912821948652404
0,0.06452875009028088
0,0.016036159320958872
0,0.14902724566823877
1,0.7593020755202754
0,0.02653380456504174
0,0.08929466918961255
0,0.14787955815590456
0,0.2921441686289562
0,0.2770043165721393
1,0.5523173842863981
1,0.6036529834485485
0,0.2115884226424067
1,0.9165394186777517
0,0.03211276098203393
0,0.4315696894829164
0,0.010604263111724587
0,0.00435534527879255
0,0.3688752144651244
1,0.6602235835342413
1,0.6523282731366729
1,0.5656611604280929
1,0.5843469212208452
1,0.948069532941384
0,0.15804421591635673
0,0.029327979907924493
1,0.5274090663257519
0,0.002943308655055149
0,0.07353182798736525
0,0.16405172832458698
0,0.06336622462476658
0,0.2620185537680577
0,0.2494953309468538
0,0.05653896564482922
1,0.9953761209442974
0,0.14304941837639007
1,0.6263123220935347
0,0.1856546487815661
1,0.6048974570036458
1,0.8279967688810717
0,0.10009211942584009
1,0.8166871038261246
1,0.9771681010796422
0,0.22054978985322934
0,0.11067268119968314
0,0.2677332337040495
1,0.949354185082771
0,0.3579627846506321
1,0.5717110609718332
0,0.4243372842633899
0,0.0883442773727159
0,0.4837164414320046
0,0.313712586422922
0,0.17003036931270288
0,0.056137585278840246
1,0.8973886081787831
0,0.12988237810266728
0,0.3095404781234483
0,0.14929031704122772
0,0.08724061100739952
0,0.23798997097392338
0,0.4384437688504804
1,0.8243685899162967
0,0.2956200200562012
1,0.7635390452100946
1,0.9208966705214386
0,0.001871676142752271
1,0.8314814142068182
0,0.22492694109809658
1,0.6815207773970957
1,0.6965704053503938
1,0.6470265714320576
0,0.2150597100356071
0,0.14511365210382662
0,0.08372834365005004
0,0.4914537088922969
1,0.9817651786260505
0,0.4780261733267709
0,0.19331267063365354
0,0.46998542011537603
0,0.24765962190462817
0,0.4457194538233664
0,0.1131921670900304
1,0.8889545179294951
0,0.32179417818956363
0,0.046325631727603615
1,0.8820060036305152
1,0.893031809430091
0,0.48818517125619426
0,0.04876481874396502
0,0.21671920800864686
0,0.2577013000162143
0,0.35560199288809535
0,0.011810669520042064
0,0.4061880145431919
0,0.03563443027059282
0,0.22317178999805048
0,0.49445472090890186
0,0.09079703038833137
0,0.22345362159612894
0,0.004711319223344481
0,0.028807352860720906
0,0.40249422635033066
0,0.0871127126090938
0,0.26805782866733174
0,0.37855070822755266
1,0.9023665429628106
1,0.8245903870325084
0,0.17479394846713497
1,0.9287516719297467
1,0.5394060024319038
0,0.1488074828137951
0,0.4470421890545197
0,0.3194205405910929
0,0.48886391007052993
0,0.13346607999760282
0,0.015845097090032456
1,0.7507492292943644
0,0.040211446349214405
0,0.09119815413412673
0,0.32902333186238225
0,0.2520696086986932
1,0.5352289337411289
0,0.11108367936866946
1,0.6998008084441776
1,0.820171021294338
0,0.33064346315743925
1,0.9060234927004128
1,0.9971985839389447
0,0.09592402315496588
0,0.3430527177611885
0,0.37622695517907534
0,0.008690117335687711
1,0.5069536832367921
1,0.584389487285596
0,0.3995936911741466
0,0.06372068023818117
1,0.6295823226256171
0,0.1769284914723375
0,0.03195719513583833
0,0.3534716302897661
0,0.167429750070513
0,0.3522991908757029
0,0.07265692812194316
1,0.7825275933176536
0,0.44016039626519693
0,0.3464520887124268
0,0.33687441350861724
0,0.32873896624695786
0,0.2004795880478623
1,0.9300605278293057
1,0.7011548950076433
1,0.7121078217165819
0,0.08094714491812847
1,0.8251571780962806
0,0.2475194411387217
1,0.7589883311064003
1,0.8215668892456255
0,0.19380992122467908
0,0.018172190775225385
0,0.014234807760403128
0,0.45217820666575315
1,0.9834258446557208
0,0.22020044797784163
0,0.07052425772642272
0,0.10942920093778746
0,0.08527112812587351
0,0.18565337875254118
0,0.37490308783791626
1,0.843724651010714
0,0.2838323514650208
1,0.9998681561402433
0,0.0034318093882512823
1,0.8744935869580438
1,0.9352106564012991
0,0.2930010687755069
0,0.18271702674501936
0,0.1544977367351851
1,0.923350258669825
0,0.3845969023554395
0,0.4659095211693357
0,0.004080825647477978
0,0.40376480182240904
0,0.15422586883644124
1,0.8765315521327305
0,0.028114429333919333
0,0.3269826484128995
0,0.0016697121654621076
0,0.22589675632264022
0,0.45069121820097297
1,0.5259436934858449
0,0.011386784012890961
1,0.9825033682092742
0,0.16536341454750939
0,0.019874944106023466
0,0.44385439112143565
0,0.08329859693648328
0,0.19819249963717808
1,0.8456031625760213
0,0.21172947488521393
1,0.5620759755155325
0,0.3681644713787052
1,0.5301505375643888
0,0.04386901721610115
1,0.6601494084690782
0,0.14507634977119455
1,0.711390612994717
0,0.03478050302333487
0,0.004783211378660368
0,0.1406413971060467
0,0.46524199344312966
0,0.16638125280655017
0,0.2665599613913565
1,0.8240261556105013
0,0.34747533135504466
0,0.2034340616808552
0,0.1366831596922651
0,0.4992792778670749
1,0.5930065252032122
0,0.2757356514630562
0,0.20787746753146713
0,0.00039438664965378356
0,0.05030868282119914
0,0.47448249353746075
0,0.09755591540256366
1,0.8850948318721207
0,0.3219510380125518
0,0.08293493454974861
1,0.8597905171391635
0,0.2422686215360877
0,0.08571513773160293
0,0.11289385487334179
0,0.28027457866761
1,0.7141910628765245
0,0.3984105638010931
0,0.34218502369178555
0,0.4848444125734011
0,0.012447815638515823
1,0.6194232416665485
1,0.8839684506716314
0,0.031098756490277397
0,0.24938386804309476
1,0.6973267355101266
0,0.007301836373750584
1,0.9420918626888436
0,0.11029442545193102
0,0.284950168637916
0,0.019602798415736075
1,0.5393798938175419
0,0.014194046591678595
0,0.25921775072794606
1,0.6438450808806034
0,0.19899959726332983
0,0.23926813240357975
0,0.41038223852430233
0,0.25758886237273826
0,0.38094005862087166
0,0.24042278577056292
0,0.3056061673158692
1,0.7975332776614208
0,0.08784809004040943
0,0.2782031845204602
0,0.3006680635980071
1,0.9857959969097988
1,0.5167025502674429
1,0.5686817769065404
1,0.6671334286798839
0,0.14806683453792382
1,0.9999232367373206
0,0.004687539255659568
0,0.3599589643961261
0,0.2768208634092532
0,0.17421234564749266
0,0.21876191282774424
1,0.8121816210177952
1,0.7973687106815037
0,0.24715593288736773
1,0.7837861805267752
0,0.05736124891347387
1,0.9284309833303178
1,0.5440521589727337
0,0.11776730375710742
0,0.23375553004063873
1,0.5459042394479756
0,0.020373441913195473
0,0.036334930915716504
0,0.09321334594463669
1,0.7914942424819805
0,0.030622196562423633
0,0.4490187892985847
0,0.4129237548008578
0,0.29112972709636287
0,0.009899763277045436
0,0.3505571715045821
1,0.7335154932804064
0,0.02942257597876681
0,0.08526296148789955
0,0.0005557311213026082
1,0.8601475294407519
0,0.443314089512292
0,0.4900032814675801
0,0.11991898502442326
1,0.7126143390963803
0,0.213232220829917
1,0.982952457589028
0,0.1509731249886624
0,0.1848564196204082
1,0.9945768498530339
1,0.5657688599525897
0,0.027645075858258726
0,0.17831679106195147
1,0.9393671747257052
1,0.7424040871350245
0,0.02190230453662068
0,0.4237108649236724
0,0.1282069838791044
0,0.1713151304451732
0,0.2302707621690004
0,0.03926708785454303
0,0.14543107161203378
1,0.7428144539229681
0,0.3068515418443272
0,0.07604666910888
0,0.4445862996739958
0,0.2919090536226464
0,0.3287134390246868
1,0.5559918482992401
0,0.2684510012769992
0,0.019772296670185006
1,0.9502828843547375
1,0.987025751185921
0,0.45723109206544515
0,0.16030532932658978
0,0.04964523230282349
1,0.957041133056997
0,0.1373461652423965
0,0.19042301656865354
1,0.7532004041307475
0,0.18612656312592907
1,0.5346134595455777
0,0.4432095258752693
0,0.37086633658626805
0,0.03331957980172681
1,0.558406472991456
0,0.0011498260515676161
1,0.9830327132777968
1,0.531171176458093
1,0.8000046724370558
1,0.6976352006818843
1,0.6067610471279753
0,0.19283177798591042
0,0.08292557160874071
1,0.7612056563004802
0,0.01411151950857166
0,0.23884488538872806
1,0.7658370859062975
0,0.31520927564338747
1,0.7239398213203603
0,0.21151494352412245
0,0.25350976997729574
0,0.04097381362022367
0,0.01093804704396429
0,0.05220366103778815
1,0.9761190772081518
0,0.006646799662769212
0,0.4891268133897606
0,0.22923730415656957
1,0.5685830388586756
0,0.11815552962864008
0,0.12226368423745058
0,0.0802530625588742
0,0.07432664015551
0,0.010382445348512067
0,0.16726977401881293
1,0.9297762441215783
0,0.1682474124713818
0,0.4359544455027356
1,0.8964297204580899
0,0.17538746246353443
1,0.8422332758262794
1,0.9333354214440489
1,0.916056718408117
0,0.4687418547322675
1,0.7579293411198731
0,0.12280704777728875
0,0.3556066021450222
1,0.6763652085586832
1,0.6375029496613969
0,0.03992731196637371
1,0.5294419526755568
0,0.30396995416325173
0,0.3851141230710024
0,0.07277704571774625
1,0.8130745657962566
1,0.9444702164839383
1,0.8820944966089528
0,0.26076606042879796
1,0.9614286894870727
0,0.011483232448623204
0,0.4075569454087297
1,0.5544071175207841
0,0.020325458702754796
1,0.976855431195888
0,0.12803677658158602
0,0.3619876082906466
0,0.10437849606585657
1,0.5105808870179399
1,0.9693456452434269
0,0.15540098309962633
1,0.7003013887845755
0,0.3857182542066334
0,0.0682673460924137
1,0.8040816976131576
0,0.28550800024303835
1,0.5991447337163153
0,0.09380748223057991
0,0.48231818911008356
1,0.9983463593468034
0,0.13754552858242206
0,0.039348172756956304
0,0.30504473517085157
0,0.13899255421061027
0,0.4360122972513888
0,0.07711374261702478
1,0.9347467214088641
1,0.8022034450153979
0,0.03940483477521904
1,0.5874512512369595
0,0.2401725226297074
0,0.21671310475969
0,0.23824496114003707
0,0.20542448318465584
1,0.8846297727399266
0,0.09055375752002814
1,0.5708599693820696
0,0.05967570954515366
0,0.28618566351249203
0,0.1417086518151518
1,0.9383377987317152
0,0.03542677177461928
0,0.08581204532763234
0,0.05091300386080576
1,0.9181629679072405
0,0.061800862810549105
1,0.8183179056562598
1,0.9322651700998205
0,0.1233976866925725
0,0.44791785900518916
0,0.2712764451712166
1,0.8262857260814921
0,0.4877802540411389
1,0.8347506467837494
0,0.002074681198105217
0,0.13139654846356982
1,0.5617430313916997
0,0.39223123686539607
0,0.20213540013525855
0,0.1904865775833849
0,0.18749905241354187
0,0.32249626539812426
0,0.09536495986157002
0,0.012265630802067636
0,0.020116016659587857
0,0.006528747179220513
1,0.6611734962706715
1,0.6046371312538472
0,0.3843905196298154
0,0.38281421084093215
1,0.5614634078341046
0,0.057212123079986785
1,0.9954969233059818
1,0.7261251411485615
0,0.25387473759533585
0,0.38306927342063174
1,0.5142429570987094
0,0.17960143072722407
0,0.3662207646115666
0,0.24326175750870696
1,0.546301076091649
0,0.15092093137677615
1,0.864844834834417
0,0.022440845529404875
1,0.8416521464248952
1,0.6385241806543547
0,0.0262986961720066
0,0.15982191185927547
1,0.517023054270356
0,0.301474688116716
0,0.09528916550062813
0,0.4347184603515403
0,0.00030095023439320837
0,0.2532165062845574
1,0.7260578000857507
0,0.20597568499129937
1,0.6095458496580275
0,0.08467847522812498
1,0.6631517510007945
0,0.2363508699037206
0,0.009275300402256319
0,0.37380985302239117
1,0.9862387834931318
0,0.06527871391962978
1,0.9344572741437761
0,0.00316052509070603
0,0.43748439442932724
0,0.3173802562876231
0,0.18983539779164252
1,0.8805951856232953
0,0.39918482037252123
1,0.583258518785924
0,0.11935955579885721
0,0.19194484931297684
0,0.4384757705610507
0,0.10798768404618671
1,0.8514534878410398
0,0.11629705165104286
1,0.6971062618992034
0,0.19401437046452857
1,0.68865064497185
0,0.0014887474437322308
0,0.3896046328107038
0,0.3852459460953946
1,0.9775596273729686
0,0.1724989236633328
0,0.027312001711735368
0,0.08924928645636261
0,0.1525600303844963
0,0.11986313298668103
1,0.9939048777653813
1,0.6214030841689249
1,0.9593557432695533
0,0.3822985772210691
0,0.09858607154424295
0,0.2742213573816007
1,0.8514317625535495
0,0.4609640622888675
1,0.8495033115777392
0,0.40869981242924175
1,0.6903370902288944
0,0.13085374221055585
0,0.3216956352231322
1,0.9674630224559363
0,0.10348767013219896
1,0.710486714081419
1,0.7311665364612605
1,0.7805792876093383
0,0.020895409708747644
0,0.3657138340181239
0,0.1025385965301685
1,0.9980928183381038
0,0.19676621773063652
1,0.8952704350543477
1,0.5222247624459726
0,0.027828676230744354
0,0.016609886290164758
0,0.05505299890739295
0,0.278501352757219
0,0.43600646655538283
1,0.8519186609136264
1,0.8834692272558061
0,0.15291391640725915
0,0.04751484166643107
0,0.22065405816749825
1,0.5647457949770774
0,0.06761495633293085
0,0.4195476109847122
0,0.3496877385310072
0,0.12807468424471216
0,0.08634620341223741
0,0.4249029844715
0,0.013266252274862856
0,0.18830054220147682
0,0.3975920161170925
0,0.3828232930583492
0,0.17851271857927495
0,0.28385554386530093
0,0.05959603174602211
0,0.3068476310451189
0,0.028814554915130026
1,0.8422415999988464
1,0.7749292877789725
1,0.8652140893089094
0,0.07445008341806508
1,0.9698769431653665
0,0.1985697999943556
1,0.7220272687027716
0,0.03206775953594557
1,0.8826526230433845
0,0.08992372540350987
1,0.5136577847556074
0,0.07667420917383447
0,0.4641063664203679
0,0.2113118868907169
1,0.9864708245746663
1,0.5522794696100288
0,0.3238604176445188
0,0.4114352489011641
0,0.4364107787161017
1,0.5451344637497014
0,0.3960537238159966
1,0.8600559499339764
0,0.13326917848603323
0,0.3946837579738436
0,0.002731870834476956
0,0.01026919017502285
1,0.6846432090061657
1,0.5320507383679316
0,0.2436101050420547
1,0.9178887944172106
0,0.3859585009026817
1,0.6177005432823566
0,0.33047384516356304
0,0.023480649930639943
0,0.2777529033866772
0,0.14193056113969557
1,0.7424220329534607
0,0.2165542329554072
1,0.8089974358332152
0,0.11538120317825172
0,0.16193077437852174
0,0.42756286137309807
0,0.10494001121955739
1,0.5033884888974189
0,0.37923530131850014
0,0.09764615161702989
1,0.8954741308624091
1,0.6817601801805111
0,0.18888136038874087
0,0.46658849270326586
1,0.532018375314933
1,0.8821518355440832
0,0.42860428736986467
0,0.19688033023756776
1,0.6773287585945256
1,0.7562008141154036
0,0.05551337093793008
0,0.4506553196393955
0,0.43284809011054215
0,0.3986076612244497
0,0.22791287126637702
1,0.637941763296175
0,0.46900088000466217
1,0.8838685255689357
1,0.9772719396132666
0,0.008108103874233625
1,0.9723980157934435
1,0.5013793536544561
0,0.04472685908759378
0,0.0025891706456943695
1,0.5205712993026338
1,0.8759448230039886
0,0.31351905926862506
0,0.11430170224607017
0,0.3960258391250137
0,0.02450450727873277
1,0.9788864209778075
1,0.5173049006281756
0,0.016027014319453494
0,0.24339386617244688
0,0.3083207238274684
1,0.7463866711059947
1,0.5573297952599969
1,0.8931842595000694
0,0.11885784905558351
0,0.2590945328597382
1,0.7877260504384527
0,0.05704498927089809
0,0.26527251684648906
1,0.7672186424074275
0,0.05378890608160162
0,0.0016808251108796173
1,0.9903782934375209
1,0.9321918278993234
0,0.2373825736271665
0,0.03501522573688022
0,0.3597105582622422
0,0.1418436451587552
0,0.4921337042565884
1,0.5871812104771518
0,0.43437986843520865
0,0.20407571598624852
0,0.25938102139716984
1,0.5557355909287021
0,0.4498321939022286
0,0.1656975067840415
1,0.9677681270415287
1,0.9887311255225655
0,0.08213015728345714
0,0.36954942401154656
0,0.43144453740479805
1,0.9008077794690378
0,0.472165153189533
0,0.06598338882484356
0,0.1383396955379323
0,0.4590716863718018
1,0.8011918394644427
1,0.6896915525547922
0,0.20625566189362654
0,0.25352752773613
0,0.0003923779736216677
1,0.5956655430922415
1,0.8538138179186034
1,0.5999795488974434
1,0.6171239203941793
0,0.2487705426926263
0,0.301773319653331
0,0.44158601471223463
0,0.17848088738910792
1,0.8667913494381895
0,0.12731880146622304
1,0.6286755395163981
1,0.9259753218939558
1,0.6653477669564677
0,0.36574420975164224
0,0.19900870511676316
1,0.8211026704176976
0,0.19358557378026534
0,0.06943994389813637
0,0.16819110965585202
1,0.9550311144630504
0,0.23174837380483732
1,0.9879236492729251
0,0.10506757326120625
0,0.2884613587804823
0,0.11422332791223234
0,0.20778338769918298
0,0.0019819347792864087
0,0.3367502842560816
1,0.9290090208433578
0,0.05029450437310719
0,0.022085381550584447
0,0.286594474527748
0,0.15943364946567065
0,0.07838027242556239
0,0.09779141501373244
0,0.13002855917566464
0,0.4637167713294545
0,0.10238283149840226
1,0.8350409183801593
0,0.39015973221784395
0,0.36071533672422673
0,0.2826883459516591
1,0.8283216819832939
0,0.06154696021092993
0,0.49516568820323387
1,0.6297705102946649
0,0.003355159441751232
1,0.5787569556336538
0,0.33374103203896177
0,0.25925957013060447
0,0.046274461183454886
0,0.08509915550303224
0,0.2193583151429803
0,0.2790828058712046
0,0.11365075662099805
0,0.10069448337475906
1,0.8521611328371148
1,0.9214917283754198
1,0.7370516641412033
1,0.760147308595348
0,0.10451291508253385
0,0.3419398704651147
0,0.2059091700639939
1,0.94934448091941
0,0.16094241898042033
0,0.012503043601785661
1,0.5770929080536207
0,0.051047604892808504
0,0.4896518866586038
0,0.4539936025734088
0,0.29623893208002067
0,0.17874131094249324
0,0.18655126882714732
1,0.5351407324265007
1,0.9790445147516751
1,0.8600268236288567
0,0.08642257911043925
1,0.5534119315774472
0,0.42336425560777163
0,0.19427594073931104
0,0.1232646129995081
0,0.19607408159697143
0,0.11926353650126062
0,0.04032084701664921
1,0.824068493531063
0,0.4173575173400019
0,0.37505531888532523
0,0.2205804171934223
0,0.4349518159216303
0,0.22825200646527263
1,0.7422330694867336
0,0.14089672675731077
1,0.7211852021995282
0,0.08000648678720633
0,0.3715003645005543
0,0.1500834519916587
1,0.9449694540604113
0,0.19328876077771912
0,0.289208617597343
0,0.03883235692929436
0,0.4904305405407942
1,0.7416496748113662
0,0.12011835880327758
1,0.9386459347882492
1,0.6580994502703374
1,0.8396140664020647
0,0.18524633492713913
0,0.07147327032146819
0,0.1585541214176531
0,0.03453652921514202
0,0.04032830987667918
0,0.05190502921010966
0,0.26896163263344963
1,0.7305527653735658
0,0.07771089436896997
0,0.20739080128032822
0,0.021646061790944318
0,0.005513692732512194
0,0.240702074255485
0,0.28432810024579774
0,0.06502690742118787
0,0.017186459933938605
1,0.6160675064923853
0,0.2275563756475564
0,0.4463384159078891
1,0.5651426869434929
1,0.7952040101438602
0,0.004350783366115116
0,0.02333571718267799
0,0.34144366785152475
0,0.1313958335484281
1,0.609481190308908
0,0.007706265017083873
0,0.062278047991732206
0,0.30672165148993746
0,0.15310205834461638
0,0.04285648230293933
1,0.9100615859024619
0,0.4787879173005637
0,0.08688814042353928
0,0.4091875354370657
0,0.13327011967179286
0,0.08384463900961543
0,0.2578939386455226
0,0.17715231060838035
1,0.6573934716367377
1,0.8705898505312613
0,0.33465622498194747
0,0.41775566028025524
0,0.03927160189969292
1,0.7394180815799083
0,0.3754033811056177
1,0.5207236438724904
1,0.5916553403101439
0,0.004470604903241954
1,0.6086369506296635
0,0.1367935015918398
0,0.11812322143924374
1,0.5057579643531858
0,0.06829086330629733
0,0.00903996301290024
1,0.7906738136390521
1,0.6721839853571566
0,0.18456812152027235
0,0.012495266283393718
1,0.7673372437954439
0,0.26176383353779487
1,0.8857584625743388
0,0.18018473030237117
0,0.2148175612566861
0,0.3554341202176976
0,0.3849428796621659
0,0.437875084085842
1,0.5181025746265581
0,0.2728008460761068
0,0.12765100476247515
0,0.09462591467479067
0,0.09213952757047128
1,0.9326644992711725
0,0.02666034909683651
0,0.2397279483539924
0,0.17668625759868675
0,0.07442062365936018
0,0.272363230706784
0,0.01206412285594404
0,0.28115144644837076
0,0.42679321798758685
0,0.4247560166290055
0,0.2442329805073461
1,0.5675734841008216
1,0.5283435124198623
0,0.13079421949492506
0,0.055758420965228275
1,0.7555736001885
0,0.034656474226166537
1,0.9887486020346377
1,0.8246929572471648
1,0.683472857547685
1,0.9513023643205201
0,0.048558543929350766
0,0.3979016510284935
0,0.23731822634278246
0,0.1265415387463356
0,0.14113340347297074
0,0.2893670371001599
0,0.4806426616492547
0,0.23022090587399635
0,0.3774163865805718
0,0.02397709811573248
0,0.4386973210482925
1,0.7578531295431369
0,0.14045737496739927
0,0.17251185346235806
0,0.4191522298458297
1,0.6153187982871643
0,0.3094936222832484
0,0.36808677952102314
1,0.9414711617248569
0,0.026925441378011707
0,0.2632017299304242
0,0.32893817846876666
0,0.2037710095389907
0,0.25637152976852223
0,0.4554455608994122
0,0.1421785641116046
1,0.8824268002335189
0,0.03874825050031486
0,0.42645361802236337
0,0.09345103353822572
0,0.23614013910259282
0,0.35357013094735135
1,0.581427090884878
1,0.6526012361199299
0,0.16915013172882837
1,0.9860095378079553
0,0.2859841251325949
1,0.9073996101427537
0,0.3952116165365019
0,0.29718206836717814
0,0.039588730036746685
1,0.7270758206681507
1,0.5958442258390898
1,0.8889001380737275
1,0.6013132903344558
0,0.3658011642349502
0,0.04903914209614874
0,0.14101063199080513
0,0.19484281230598902
0,0.39774807580074734
0,0.45280391878539294
0,0.2609210406538667
0,0.056794335756927966
0,0.3706217144084485
0,0.1387428372915442
0,0.0242534437980954
0,0.2854879613869427
0,0.08949054708496304
1,0.9126454685113543
0,0.0779439333839779
0,0.0007089262243758863
0,0.08152165963470727
0,0.20085622357951521
1,0.9249857598005133
1,0.8488041363556234
0,0.007847961340976586
0,0.38725138107990587
0,0.38799537404205375
1,0.8347271890516554
0,0.1761775558521889
1,0.7307412953377297
0,0.26254977449176015
0,0.27969692419404146
1,0.5683071311615141
1,0.517860936426794
0,0.1918902026057071
0,0.19601609769736922
0,0.07424565778484418
0,0.001772261305152761
0,0.005709189226355446
1,0.5431966215437162
1,0.761267444869965
1,0.8079141910775078
1,0.7163223983719498
0,0.0011929536725356724
0,0.4242473922840508
0,0.42318981788168364
0,0.31939467959361917
0,0.004758308379015498
1,0.5396423681018104
0,0.0004270601492992926
0,0.2998862607478109
1,0.620791165133394
1,0.5113288049542141
1,0.9641169457487714
1,0.95653263460595
0,0.24080195417072675
0,0.034261375467287095
1,0.5797242278279776
0,0.3203882776193777
0,0.12056414894293878
0,0.053605453742827214
0,0.2854017792344809
1,0.7942777995539102
0,0.12254856777193235
0,0.31198760212824944
0,0.03562525735008574
0,0.3338781834273418
0,0.010014364348833652
1,0.7009586254768392
1,0.6417713578346151
0,0.058108052893398765
1,0.9174284570469547
1,0.7127691795351621
0,0.39899382113044124
0,0.2963247704805676
1,0.670042669012502
0,0.49022108374549567
